instanceID, capacity, shortageCost, simulatedSolutionValue, simulationRuns, milpSolutionValue, milpOptimalityGap, cuts, piecewiseSamples, milpMaxLinearizationError, simulatedLinearizationError,cplexSolutionTimeMs, simplexIterations, exploredNodes,instance,n_items,coeff_of_var
4e874db838b2b1503b77b779ed2431389631bd1a3ad8c9703712b7acb89c7892,116.10846413274392,10.0,356.48011818975533,10000,356.8815110385714,0.0,5,1000,0.0,-0.1125989440461254,1744.0,17,0,P05_UNCORRELATED,25,0.1
507414eb2416c2d5891927f3b1073c69004cfd02c4c37ef0003df6db2b6e5381,260.2867799458042,10.0,506.4040427396855,10000,506.5943865957136,0.0,2,1000,0.0,-0.0375873492238198,1149.0,17,0,P05_UNCORRELATED,25,0.1
f852fb9b5ae27285e39cdcd00095f0018b103784dd216e5205cb955ed0014cd8,330.7185220868661,10.0,574.423680308517,10000,574.2974180831641,0.0,4,1000,0.0,0.0219806790146734,1576.0,14,0,P05_UNCORRELATED,25,0.1
dc21753c31e542107e4444c0be1ea4ae7092063f5056aeeb3d46eb8ce3141b03,508.0002450797488,10.0,810.1144407927005,10000,810.5417452100437,0.0,6,1000,0.0,-0.0527461795305192,2202.0,24,7,P05_UNCORRELATED,25,0.1
a84243543635e17a497faa3b1a4980f36a541fca7ef8496aa827a29095cfc491,507.9358508990788,10.0,910.7954025956816,10000,910.7623224390038,0.0,4,1000,0.0,0.003632007428166,1744.0,20,0,P05_UNCORRELATED,25,0.1
e552d659d73c3f587900c92382d4b5ba81978c2a70964d078b790829413c75b0,677.2632613258763,10.0,1023.8165288225096,10000,1023.3659295643718,0.0,3,1000,0.0,0.04401171942946,1390.0,10,0,P05_UNCORRELATED,25,0.1
a386fe46da9e63567778d86d13ea5ee7d52ed4ce3e2576d597f038fef4c20e95,858.9901041571254,10.0,1197.5555870148833,10000,1197.009800596886,0.0,3,1000,0.0,0.0455750383460507,1407.0,11,0,P05_UNCORRELATED,25,0.1
a277142647130d1c9c19615cd4082580218587d432e5560fe46d1c00e2d51bba,997.9619811631276,10.0,1328.3206814435528,10000,1328.4773028554828,0.0,3,1000,0.0,-0.0117909337796209,1428.0,4,0,P05_UNCORRELATED,25,0.1
9a6bc20a13766bc1a72d503e4797338615e4cf3f57304dfb0cc989c923a519f6,1064.6533536483,10.0,1257.3613019847555,10000,1257.245904212026,0.0,3,1000,0.0,0.0091777735283652,1186.0,4,0,P05_UNCORRELATED,25,0.1
74efa1cd9dd8efb4d094bdb9d123d2ca7e54938e7bb4b5db69231f3ffaa73daa,1133.3468785043312,10.0,1192.1480789446623,10000,1192.5557888006504,0.0,4,1000,0.0,-0.034199598454999,1772.0,10,1,P05_UNCORRELATED,25,0.1
45c89ce31a4f646b9b25ede3b3fc1490fbdcd7b5b29aea4ccf680822baf4a204,116.10846413274392,10.0,342.2918767480728,10000,343.35322098801754,0.0,6,1000,0.0,-0.3100699467448599,2450.0,29,5,P05_UNCORRELATED,25,0.2
051ad9056b44ce091318dcdc16f33154481ce2aeba4da0d471d601a0276a6b14,260.2867799458042,10.0,490.646101111831,10000,491.1908391515549,0.0,5,1000,0.0,-0.1110246343524451,2722.0,22,2,P05_UNCORRELATED,25,0.2
b43839f1afe14c390c52b85e5e6370036f75974083e21b70570b2fca122ab84c,330.7185220868661,10.0,547.5142549854735,10000,548.7545867856895,0.0,5,1000,0.0,-0.2265387227678571,2591.0,19,2,P05_UNCORRELATED,25,0.2
796fd66b6245be213b7f8c199ced59aa324206f7ba628d3cf7295896b27c62c8,508.0002450797488,10.0,782.4752443538887,10000,783.9979747626695,0.0,9,1000,0.0,-0.1946042919272405,3575.0,25,3,P05_UNCORRELATED,25,0.2
e418aed20642de361b1a7c399764bf1791cfd32f713f36f8a532a8198cb2807f,507.9358508990788,10.0,886.8875423916085,10000,887.3513390220958,0.0,5,1000,0.0,-0.052294863589652,2062.0,11,2,P05_UNCORRELATED,25,0.2
e7ae6b66f9f21e971ec6c1d45f5d4130535c844b82c67ebf1c2aa08c7cf39338,677.2632613258763,10.0,997.1770892889258,10000,996.5424357822944,0.0,5,1000,0.0,0.0636450148572951,2054.0,31,10,P05_UNCORRELATED,25,0.2
22228b00de9fbd71d06f17a4d3f6786f03b3c606a977c2518e38b0c6dd586d4c,858.9901041571254,10.0,1159.9030509882475,10000,1158.7110684245756,0.0,5,1000,0.0,0.1027657063800565,2593.0,25,17,P05_UNCORRELATED,25,0.2
2f3b578d53c7e87cd100a69691dafdc070e68310f3b685daf4975634c4400a2d,997.9619811631276,10.0,1299.6181239134498,10000,1299.069217401905,0.0,4,1000,0.0,0.0422359846669377,1706.0,10,3,P05_UNCORRELATED,25,0.2
d49ef2db97e681a306de25d93ac9454f217e80c4447b3a80426cbcce05570d84,1064.6533536483,10.0,1232.1611429463155,10000,1232.5097828377268,0.0,7,1000,0.0,-0.0282949915607125,3368.0,12,6,P05_UNCORRELATED,25,0.2
2f55a03f281ef8e34b22852d65d57ef3b8feaec6cfe59a3a94695443f865eb3b,1133.3468785043312,10.0,1182.5533758907702,10000,1183.2225978917768,0.0,3,1000,0.0,-0.0565912722969037,1223.0,7,0,P05_UNCORRELATED,25,0.2
9dac8d47fb62cbb496cb7933eabf601bc5137d884f9ed1ae2853eb9b88ed6440,230.46228554236768,10.0,860.7402158103409,10000,861.0379760833,0.0,2,1000,0.0,-0.0345935123617689,3200.0,16,1,P05_UNCORRELATED,50,0.1
ca8da1dc40c9ce051abb4d66a9620a81f8a3592e0d260cdaf14ad5d9ee72ddaf,488.9862060562209,10.0,944.150000964422,10000,945.0514289400128,0.0,13,1000,0.0,-0.0954750807254942,13468.0,145,62,P05_UNCORRELATED,50,0.1
63bf9100b96c289a9738f0f00ed541aafd801934178124138b75c5a712e5bc44,673.2803881476872,10.0,1237.5331403041369,10000,1239.0669036185689,0.0,5,1000,0.0,-0.1239371508107709,7120.0,60,26,P05_UNCORRELATED,50,0.1
68a6b1a3ec60d1253e44697c9d7f9a8ff94defda2990998891d8bd457bc91933,1006.8072113503724,10.0,1722.295774146551,10000,1722.0201973463015,0.0,7,1000,0.0,0.0160005502182654,8496.0,159,53,P05_UNCORRELATED,50,0.1
9d55cf17a8fd1ec2962798491265050493f1d934421b4910d0beaa45cb333357,1119.6345765103188,10.0,1891.0404537330369,10000,1891.807212254224,0.0,10,1000,0.0,-0.0405469126624671,12696.0,79,49,P05_UNCORRELATED,50,0.1
762162ab3b8371c314e737d5da51b3c9a7f2f1e377feca782334a760b098dbda,1338.503155357442,10.0,1896.386827672878,10000,1898.262666203648,0.0,4,1000,0.0,-0.0989164501354415,6461.0,13,0,P05_UNCORRELATED,50,0.1
6b53a3cd23717e639dde211a6656581b0ecca391a9f4621b819532054d64083f,1525.4520193850883,10.0,2055.417723902112,10000,2056.340608863852,0.0,2,1000,0.0,-0.0449001169449966,3154.0,5,0,P05_UNCORRELATED,50,0.1
47200e8288fc01af7e54cf79d736fececff08e5e0231b8d73d7d9a9eaaec0d27,1785.3808284860645,10.0,2361.7032352232286,10000,2360.5881546585497,0.0,6,1000,0.0,0.0472151008665371,8499.0,35,6,P05_UNCORRELATED,50,0.1
85ad4bbfd8d45aee7554f8a2477177231463a069c98805a3029a381f2c7807ed,2050.164544284524,10.0,2200.444531750996,10000,2201.5427619967754,9.621153322912695e-05,3,1000,0.0,-0.0499094719240782,5320.0,14,0,P05_UNCORRELATED,50,0.1
fb977e421a4c556788eb8f083307969e1baa9ee0cef4819743d99bfc436a3dcd,2281.227024915277,10.0,2661.831269740986,10000,2661.941516945147,1.7981797490873292e-05,3,1000,0.0,-0.0041417803380113,5330.0,5,0,P05_UNCORRELATED,50,0.1
08bd5fe024219693635f83ad4ee910065719a2dfc77bd410085eb898f36761c3,230.46228554236768,10.0,842.7599229970077,10000,843.3956200585235,0.0,6,1000,0.0,-0.0754303858274508,8734.0,34,7,P05_UNCORRELATED,50,0.2
70e8a0984ad4045a52860d26940e51d7c21577cf8c3918117575e9d2279e23a5,488.9862060562209,10.0,908.1401471860012,10000,911.931424309112,0.0,17,1000,0.0,-0.4174770969941969,17070.0,160,80,P05_UNCORRELATED,50,0.2
5c8275192802bf551f909a398081fd3d6b2e51700fcd05d88cb353d94204be01,673.2803881476872,10.0,1204.484226584326,10000,1207.5736806755751,0.0,15,1000,0.0,-0.2564960190479329,15095.0,184,96,P05_UNCORRELATED,50,0.2
1f66722eed60eabe6eec26ff9f7559d88128a34be4a7493df3fc936bc6b61526,1006.8072113503724,10.0,1679.6787343060037,10000,1680.8313201077744,0.0,23,1000,0.0,-0.0686194197872606,20558.0,363,159,P05_UNCORRELATED,50,0.2
08121615a17c9bb7ad9eaf7b70ab66a6ff9fd3bdc8b515b04acd77e6582357f3,1119.6345765103188,10.0,1851.747502756694,10000,1854.909118795926,0.0,12,1000,0.0,-0.1707368868879458,13150.0,95,37,P05_UNCORRELATED,50,0.2
0ec46652bb06a992465fb438ce4f516207ad607824f3f135373b48a1f4e5b387,1338.503155357442,10.0,1863.3329412583512,10000,1863.2823764893812,0.0,9,1000,0.0,0.0027136733242938,11637.0,70,28,P05_UNCORRELATED,50,0.2
5fea9bb1ba0aff2fee4e8dead1d7b2f1d7912484019e26c47bb484d85af657ce,1525.4520193850883,10.0,2027.86305793347,10000,2027.756100619492,0.0,4,1000,0.0,0.0052743854452872,7448.0,6,1,P05_UNCORRELATED,50,0.2
758a880825c01f460a70c71e24401cb37a0d4b493968c18079b741f90340ced0,1785.3808284860645,10.0,2317.2225778335023,10000,2315.590732127633,0.0,9,1000,0.0,0.0704224842912968,12059.0,63,30,P05_UNCORRELATED,50,0.2
85c01ce0f7c7df71a065e75ce1c837b1b80ec29adda78d83b103acd3997fa4c2,2050.164544284524,10.0,2171.789997097554,10000,2174.211664159447,0.0,3,1000,0.0,-0.1115055813466952,4489.0,14,0,P05_UNCORRELATED,50,0.2
d193dc887e48b42e8203d88ca59dc9f0400ff2c3cf7883b62e9d924f4f81276b,2281.227024915277,10.0,2632.244635810647,10000,2635.8309252024005,0.0,4,1000,0.0,-0.1362445322506607,5626.0,4,1,P05_UNCORRELATED,50,0.2
ee154886c6b594ce5247bec2e1034c890f92635c7a4a5ea6712ffa8259097205,112.63131849856067,10.0,562.7703408045769,10000,563.3754392240678,0.0,1,1000,0.0,-0.1075213769485094,430.0,2,0,P05_WEAKLY_CORRELATED,25,0.1
4f7efbc8ecc0583149cd29808be45dc71f4c303f25021ae8388c6e19f3e28513,200.6377911389312,10.0,1216.6389876607147,10000,1216.2085466819804,0.0,3,1000,0.0,0.0353795154602125,2161.0,6,0,P05_WEAKLY_CORRELATED,25,0.1
de9c10cd6b89d93e64cc61d7d91191019f38c25f9ac73e8edbbe9dc57b89e5f7,278.8633363153005,10.0,1323.511585338012,10000,1323.4231072234363,0.0,3,1000,0.0,0.0066851031419525,2175.0,45,0,P05_WEAKLY_CORRELATED,25,0.1
b6f6233685ba68a5759c9f7c9e4b4f0bafe7ef98fd5ba95f2513cc5c6e2f4f58,469.97216703269294,10.0,1374.942097822546,10000,1373.6470711201723,0.0,3,1000,0.0,0.0941877264813062,1697.0,5,0,P05_WEAKLY_CORRELATED,25,0.1
94c02fa0f543cab90d143321a6adc31eabd60ade17abb39f06c70f729130d10a,515.9189618187869,10.0,1588.924951109598,10000,1588.6601141803717,0.0,1,1000,0.0,0.0166676801847251,420.0,2,0,P05_WEAKLY_CORRELATED,25,0.1
ccad0b0830983480c7d6088bf016c262439fc6444281a7c9dbe6d1663626db85,669.2975149694981,10.0,1805.410993924471,10000,1805.6605420652347,0.0,5,1000,0.0,-0.0138222344720072,3971.0,16,0,P05_WEAKLY_CORRELATED,25,0.1
117e9e14dc4459d14148f59d6860c66cb020ac64681d0c89a68ffeede0ea5abf,907.9861870330462,10.0,1864.019388168734,10000,1864.2803534415905,0.0,6,1000,0.0,-0.0140001372578366,3021.0,20,9,P05_WEAKLY_CORRELATED,25,0.1
7634ed98cde5b46cb06124c3204b30e6016d5baf4aa626cd91142af831bedb24,1015.652441537617,10.0,2008.6561224959537,10000,2008.6628289528717,0.0,7,1000,0.0,-0.0003338778023099935,4491.0,94,30,P05_WEAKLY_CORRELATED,25,0.1
9d788e29f6b0887458f304c12b6afb7537f13e2209c641bee91e637af6a784ad,1078.0584145275466,10.0,2176.210844630762,10000,2175.4849896367555,0.0,5,1000,0.0,0.0333540748497521,3543.0,8,0,P05_WEAKLY_CORRELATED,25,0.1
f4adc8dbc048cfc2a326eeac9f65ca3184e973a1e283deace7960e8c5d1cf006,1105.9222745163063,10.0,2302.6250319084115,10000,2302.196802707128,8.47130137274738e-05,7,1000,0.0,0.018597435333561,4795.0,45,12,P05_WEAKLY_CORRELATED,25,0.1
68ecaf5756f82e7c3236371c3f2891f297ed98a1e72e0be0dbf63ebfd653111e,112.63131849856067,10.0,545.2810400669377,10000,546.4777907597397,0.0,2,1000,0.0,-0.2194741069036728,1225.0,4,0,P05_WEAKLY_CORRELATED,25,0.2
650b5f0fe9d06917af66db3327e6c74e2dcea9dd4fc8c91c31045fcbaff70644,200.6377911389312,10.0,1198.65460477354,10000,1198.398336377339,0.0,2,1000,0.0,0.021379669771423,1536.0,3,0,P05_WEAKLY_CORRELATED,25,0.2
ac50a39d57b9366a4369869ae45f13679de19df7ad45bacb7e4fe2ac4c63751d,278.8633363153005,10.0,1312.384860922478,10000,1310.2472688534317,0.0,7,1000,0.0,0.1628784461551819,4115.0,22,0,P05_WEAKLY_CORRELATED,25,0.2
5fae40871f22b1f41057aa1e7ef264dad49cda63c6a50b26ebadb166b22d246e,469.97216703269294,10.0,1341.257452796719,10000,1337.0261119949446,0.0,6,1000,0.0,0.3154756600197415,2784.0,43,29,P05_WEAKLY_CORRELATED,25,0.2
3285b907bbb3c4f95994570932138d98a07034133ac310e3abe742f47d7a79c1,515.9189618187869,10.0,1552.3595823245405,10000,1550.9448781952292,0.0,1,1000,0.0,0.091132502122536,378.0,2,0,P05_WEAKLY_CORRELATED,25,0.2
845d02dd8746d3220daa02854719ec1dc3ff1c1cc54543ff3ee086d9de74b5eb,669.2975149694981,10.0,1776.6086929342905,10000,1777.7323536866245,0.0,4,1000,0.0,-0.0632475095277369,3246.0,9,0,P05_WEAKLY_CORRELATED,25,0.2
eb40743580df2bb040d39f4d63185c2fe5cb9595c20c85e9097fbdebab71a16b,907.9861870330462,10.0,1801.6989670808148,10000,1796.6481814154909,5.539747082158592e-05,11,1000,0.0,0.2803346040380661,4880.0,770,465,P05_WEAKLY_CORRELATED,25,0.2
8110c46e4142633943e0f52df34d59073e4c2a1187ea57241bfbb470840cc10f,1015.652441537617,10.0,1976.413514616621,10000,1976.521748908142,0.0,37,1000,0.0,-0.0054762978860638,9384.0,469,184,P05_WEAKLY_CORRELATED,25,0.2
392a3439e4ed773345a5af187e09003b4427ff5b8926fbc254ae1e60c8a48a51,1078.0584145275466,10.0,2123.498465574918,10000,2117.4215404166034,0.0,3,1000,0.0,0.2861751612648049,2162.0,3,0,P05_WEAKLY_CORRELATED,25,0.2
982365cb27142b860e400fe8b8028bedda8a385b00d728b1296909f7327cf5ef,1105.9222745163063,10.0,2284.103813471532,10000,2280.77156486873,0.0,7,1000,0.0,0.1458886668438141,4112.0,6,0,P05_WEAKLY_CORRELATED,25,0.2
6c90a2c432a5f97cc9d7b4a82e6029127f94f1dd722651709b82d6bb3cfce9db,228.73978263130465,10.0,1194.7593595261685,10000,1194.756051973617,0.0,2,1000,0.0,0.000276838387982112,4735.0,6,0,P05_WEAKLY_CORRELATED,50,0.1
a2ff277ba4d5d10c7620ef50af9ebeef5562a5eab2ec98f4138aeaa768609578,406.38790560144446,10.0,2297.915865874449,10000,2297.6641950917624,0.0,4,1000,0.0,0.0109521321656992,6820.0,16,2,P05_WEAKLY_CORRELATED,50,0.1
9c132eec94b8aafd23d9051962210f73bf1c76e1469ea192e6a1f9db5199a3a8,614.3128876307193,10.0,2511.874567569549,10000,2511.284608177797,0.0,1,1000,0.0,0.0234868173502331,1408.0,3,0,P05_WEAKLY_CORRELATED,50,0.1
bff26824fe2ba82e17249758cc248e75da3f1d2002f0de99e7ea3477212e65ce,1009.7007378229551,10.0,2838.324866076225,10000,2840.3749475462446,0.0,1,1000,0.0,-0.0722285702571297,2476.0,4,0,P05_WEAKLY_CORRELATED,50,0.1
96cadbe69d2e43f08d7d56c0cc792aa21068850d37424cde4652ebd5561e53b0,1190.3954267643592,10.0,3103.0742997309035,10000,3106.654718009573,7.643421324968365e-05,6,1000,0.0,-0.1153829374623782,8010.0,55,30,P05_WEAKLY_CORRELATED,50,0.1
449f538d32a005c17d078735feb20bf16c124ffd74eb14117ee47d00411acf88,1214.7348905944316,10.0,3637.5434337517095,10000,3639.0089396282474,0.0,1,1000,0.0,-0.0402883402831428,2483.0,31,0,P05_WEAKLY_CORRELATED,50,0.1
5dbdc2ee1804b32a1cdfada22e289e2c78b430bde9f02518b03e7ccf415f3b48,1459.004268430867,10.0,3951.694722810557,10000,3954.00015430331,1.7473364734263425e-05,16,1000,0.0,-0.0583403236956876,15450.0,112,47,P05_WEAKLY_CORRELATED,50,0.1
6a0dc5a22753d494642cbccc46757bc42339e237113dfbbe448ed7d5eb7acb76,1914.4872494254184,10.0,3740.490259701268,10000,3743.191041978554,7.795163999333372e-05,13,1000,0.0,-0.0722039649824372,13982.0,173,81,P05_WEAKLY_CORRELATED,50,0.1
e26c6e046eb27b985895decf135694e4dbadd36d65288608ae229ecc972124f0,1890.1455097973376,10.0,4437.238804724009,10000,4442.295067622693,0.0,1,1000,0.0,-0.1139506598856153,2500.0,4,0,P05_WEAKLY_CORRELATED,50,0.1
2b3b936f390c440a638eac3e6f0572c9d561b836122eda0c2cff832e3545d482,2446.4976322205694,10.0,4607.048457586167,10000,4614.034446211648,2.857101047479037e-05,5,1000,0.0,-0.1516369686534847,6787.0,34,11,P05_WEAKLY_CORRELATED,50,0.1
40720d8d904173b2b356ac6756ab6a91cd19a480c82358f0e52b866bda70b019,228.73978263130465,10.0,1169.455408227626,10000,1170.5013636548626,0.0,7,1000,0.0,-0.0894395305608086,7825.0,97,43,P05_WEAKLY_CORRELATED,50,0.2
b4b80eb707bfdabdece5141c3804bac070ae9050230cb0cd5279938e9b0b405f,406.38790560144446,10.0,2275.4145791807982,10000,2274.18044942707,0.0,7,1000,0.0,0.0542375778471335,8901.0,27,13,P05_WEAKLY_CORRELATED,50,0.2
46391202e47ca69b95c0d4e588ae1bdcf2f5d07ba81d3a6163e4376d3cb87443,614.3128876307193,10.0,2454.997393980233,10000,2453.9648902207223,2.2779520058604216e-05,6,1000,0.0,0.0420572242578728,5757.0,599,390,P05_WEAKLY_CORRELATED,50,0.2
771295895456be590a5ef7a0ba6e9d4e1e89e054e1f6f73326400b4442047622,1009.7007378229551,10.0,2775.1135595189758,10000,2776.58546165044,0.0,11,1000,0.0,-0.0530393477562639,13526.0,829,477,P05_WEAKLY_CORRELATED,50,0.2
b2f4df11122c346bff64e74c990497486c1f6602ec7e00ea8e64a2dd96fc4e99,1190.3954267643592,10.0,3043.369450239977,10000,3043.294541851062,6.983817956232511e-05,11,1000,0.0,0.0024613636346085,13092.0,1829,1081,P05_WEAKLY_CORRELATED,50,0.2
0f626dd33d5f85242ce3f76c77e002cbc4661141363dce05b65383cbcf4ab1de,1214.7348905944316,10.0,3596.120531731067,10000,3600.23454844885,0.0,7,1000,0.0,-0.1144015246842365,10840.0,60,37,P05_WEAKLY_CORRELATED,50,0.2
a36fcd832572489c403424971bdc41524769df9aae9f109e17b4fbfe868d2f4e,1459.004268430867,10.0,3905.673085860633,10000,3910.302498068299,0.0,12,1000,0.0,-0.1185304582819673,14270.0,60,24,P05_WEAKLY_CORRELATED,50,0.2
a726b93d375ff8c5fa3e5f4e1c358ff707ef87ed0be353442ffa1beabc215be2,1914.4872494254184,10.0,3662.174022820393,10000,3666.795904781771,9.731667482846445e-05,61,1000,0.0,-0.1262059621573831,44158.0,23746,14187,P05_WEAKLY_CORRELATED,50,0.2
02d3eaa850e89af231a7879eb8d31e19ee75ee12b783574356e7f3fac9034bc9,1890.1455097973376,10.0,4370.125711506124,10000,4374.940689396573,0.0,6,1000,0.0,-0.1101793908987925,8915.0,117,70,P05_WEAKLY_CORRELATED,50,0.2
4638e9ed18d78e6ab23bbe3b600f3e2b1cb196a8ba2e420b230d919664c4adbe,2446.4976322205694,10.0,4533.601657712205,10000,4539.219790530111,6.952068911720022e-05,11,1000,0.0,-0.1239220655468999,14744.0,522,275,P05_WEAKLY_CORRELATED,50,0.2
013cd3c72dc0b53878445e4cd77fadf0a3dc310c76ab9461dbbe6db384d75cc0,112.63131849856067,10.0,161.66551940000502,10000,162.2690522005809,0.0,2,1000,0.0,-0.3733219073651423,601.0,13,4,P05_STRONGLY_CORRELATED,25,0.1
7de553dec6293821aa6541e5493d6b0e756f4c96c16afe49823fa6450ba19e7f,232.2169282654879,10.0,306.65219257324094,10000,307.1240872048543,0.0,39,1000,0.0,-0.1538859473508022,10202.0,1012,447,P05_STRONGLY_CORRELATED,25,0.1
f775b65ab85a72a1a52d504fd283700b050607c0d267ad48fbc19a6718dfb142,300.9566867083967,10.0,424.7076428795241,10000,424.2409095486284,5.4067177741961526e-05,25,1000,0.0,0.1098952040823268,7179.0,354,152,P05_STRONGLY_CORRELATED,25,0.1
7f360997aa3f996e4a5656e72a0674c0ec7c401c4a603bf32e066b893d9dafbf,520.5735598916084,10.0,632.6272672602676,10000,632.4578901465991,9.403031031763176e-05,47,1000,0.0,0.0267736031047159,12180.0,3458,1676,P05_STRONGLY_CORRELATED,25,0.1
111833f9e3b4cba398f234175f921903313ebcdd1b0747ed5744b718da70f9be,464.7722271921675,10.0,618.8268497585311,10000,619.0385300867946,0.0,10,1000,0.0,-0.0342067136140049,2930.0,976,476,P05_STRONGLY_CORRELATED,25,0.1
78c129f6bb638c217c7e08addc645f3419f1bd36d0e4c3d833ef5f70814507cc,661.4370441737321,10.0,808.4245156200273,10000,809.2661879977227,1.108588677080873e-05,84,1000,0.0,-0.104112673655116,18724.0,3038,1476,P05_STRONGLY_CORRELATED,25,0.1
22f91eabca78db910908c6adbf0fdb1a2f465d8c3bc1e5cb80db0782dce2481f,822.4512923072126,10.0,973.4952891651824,10000,975.3594014986664,3.3037187013074245e-05,56,1000,0.0,-0.1914865284127605,13856.0,1782,899,P05_STRONGLY_CORRELATED,25,0.1
5a5ea11dd3df66a420c412a571dae2ee1b29a3869ed980d3799a1f881f1218f7,1016.0004901594976,10.0,1172.1494397142728,10000,1173.3730391097322,9.90386300694114e-05,65,1000,0.0,-0.1043893682837598,15124.0,2074,1089,P05_STRONGLY_CORRELATED,25,0.1
0c45e7378a69048c8b8357b55e6594cc782b95a1181a2ad4f216c35d65593a66,928.6541312738166,10.0,1106.245036176958,10000,1107.4828734978255,4.921209410958458e-05,47,1000,0.0,-0.1118954011441616,11574.0,760,320,P05_STRONGLY_CORRELATED,25,0.1
6ebbabe1095f759d919758b62721efc556ce42a279513f45d1f0b18cae1c5616,1015.8717017981576,10.0,1201.8254375856595,10000,1202.9944765171429,7.350877106299889e-05,27,1000,0.0,-0.0972719410758857,7948.0,270,104,P05_STRONGLY_CORRELATED,25,0.1
61f26139028e8520d0e750d97d8618299c9f984536b009d493a195c3d72dad0b,112.63131849856067,10.0,145.33191936792073,10000,145.54205605127146,0.0,39,1000,0.0,-0.1445908677630176,9486.0,435,194,P05_STRONGLY_CORRELATED,25,0.2
8e5f5fd1fa4c8408098e958e305a8fbd170823b231bce6327755e3fbc796c208,232.2169282654879,10.0,292.21469797763825,10000,292.849606015219,0.0,42,1000,0.0,-0.2172745046621022,11350.0,1346,604,P05_STRONGLY_CORRELATED,25,0.2
05ebb47445bd0ec7310f60b986cf47a2f7dc8aa8410d3d0db2a08a15b4e3b5f6,300.9566867083967,10.0,408.6663949109222,10000,408.22569858375255,0.0,29,1000,0.0,0.1078376721593886,7958.0,486,226,P05_STRONGLY_CORRELATED,25,0.2
b0fb52a766e8dd876c41987cda62802fc3c07c63df9d370dba1373ced75461e1,520.5735598916084,10.0,605.8664451668894,10000,601.4623956765743,5.759524352773241e-05,240,1000,0.0,0.7269010398986616,42620.0,8240,2943,P05_STRONGLY_CORRELATED,25,0.2
58d338b26fc7c48ae1a384d0929381b1bd1a4384ce000424aa2698623b41a9c5,464.7722271921675,10.0,594.1148293987396,10000,595.2528832259185,0.0,20,1000,0.0,-0.1915545229413971,4917.0,380,216,P05_STRONGLY_CORRELATED,25,0.2
c0cc78c51914ab5dad7c13d279ec4b456252bca86c0cd46494aa0cb6b90227cc,661.4370441737321,10.0,775.9006057781835,10000,778.6262579074438,0.0,88,1000,0.0,-0.3512888260380515,20071.0,2949,1160,P05_STRONGLY_CORRELATED,25,0.2
afdbc61e060854dfbfe091ac06dfd9a9d3704e75523a7381cfd86e50173a2cbc,822.4512923072126,10.0,936.906774703784,10000,939.0606221979484,6.312589171904123e-05,83,1000,0.0,-0.2298892005392325,18459.0,4394,1687,P05_STRONGLY_CORRELATED,25,0.2
46e96edb230125f829b8d557d49907d24fde8f4e0e98a6d7c0687ab79e41fa9f,1016.0004901594976,10.0,1131.295581071941,10000,1133.5682048677415,9.455456074876092e-05,55,1000,0.0,-0.2008868269110772,13623.0,2837,1368,P05_STRONGLY_CORRELATED,25,0.2
0195fe9dbb1a1ac5f5aa73ead8103077f4ca58886de9c060a0bbe72b0dcc7af4,928.6541312738166,10.0,1064.962300530541,10000,1066.83436512167,8.400486716874173e-05,46,1000,0.0,-0.1757869353869451,12277.0,1009,438,P05_STRONGLY_CORRELATED,25,0.2
870c33c94a6c590d975ebcf5f091ff28a6d5931edb4e4c0700d81f1f5fa000b5,1015.8717017981576,10.0,1159.736878036056,10000,1160.304546495813,0.0,17,1000,0.0,-0.0489480390343626,4114.0,231,128,P05_STRONGLY_CORRELATED,25,0.2
e60a289f36a0db6c22db05bfe08ed514895cd3626734aedb6817fdc241de71c2,228.73978263130465,10.0,335.8586271950466,10000,336.9195104392592,8.25237553653297e-05,142,1000,0.0,-0.31587196466343,106569.0,3538,1398,P05_STRONGLY_CORRELATED,50,0.1
eee4e68271b948575953a97e9beb27b77a6eb9b672cfed5795e37e5f76428e72,460.92457108473536,10.0,660.7933513122173,10000,661.6737128951864,6.358254952108796e-05,101,1000,0.0,-0.1332279722882982,81350.0,3081,1487,P05_STRONGLY_CORRELATED,50,0.1
1f35fc1f0c77f005263caac8dbcda949452ae752dbc0628d42b2f6402fc2ae08,609.5818584021666,10.0,864.898432920233,10000,865.2431169029275,9.023859520807257e-05,10,1000,0.0,-0.0398525386999162,8516.0,1230,911,P05_STRONGLY_CORRELATED,50,0.1
411f16979c75d1b440183450fa9b44cbaceaed5843ec421d74bbc78638c9bba4,977.9724121124416,10.0,1199.4361688686024,10000,1203.2328629842411,0.0079311790848294,963,1000,0.0,-0.3165399055141095,601254.0,63955,20463,P05_STRONGLY_CORRELATED,50,0.1
f0ef1fc6ba206bf9bb62be404c9d1d2f80420289f475459f4c7cceb9939b738d,1023.8548127178656,10.0,1324.9870782505016,10000,1327.073661258631,9.602497093353628e-05,25,1000,0.0,-0.1574794986593105,20832.0,7284,4178,P05_STRONGLY_CORRELATED,50,0.1
952dd84a7ca08dcf591c5da609f054fdbdbd15d29c58e9693d39dad111f87098,1346.5607762953744,10.0,1648.9467461840838,10000,1653.58635418799,0.0017886789810361,959,1000,0.0,-0.28136797107869,600637.0,58382,18603,P05_STRONGLY_CORRELATED,50,0.1
b47b941a491b30bf7428c1b8793ef7a2f01121b02516e2aac1a45331ad34671a,1766.9762911901714,10.0,2085.097954614564,10000,2091.561700064548,0.0038371617197571,958,1000,0.0,-0.3099972083171857,600052.0,59403,16993,P05_STRONGLY_CORRELATED,50,0.1
c272d407361d4196f2c5beed7dbea0b7725c5701e36c7b1827e2ef1a4e700915,2013.6144227007449,10.0,2355.400386550922,10000,2363.578899893909,0.0035819601319237,957,1000,0.0,-0.3472239110465072,601193.0,62889,15815,P05_STRONGLY_CORRELATED,50,0.1
6ae3b7bb4b90cdf2c5b8395f327784b9adc9fe3fa9274ece2fd57a95bd6adcbe,2142.711768175847,10.0,2515.622805259574,10000,2520.5908311468525,9.986644482345716e-05,618,1000,0.0,-0.1974869156413922,398920.0,22879,9041,P05_STRONGLY_CORRELATED,50,0.1
0214b023a02e1df9622caf06fb4ff8b7be0ec7f906a470eb741b292f8325b909,2239.269153020637,10.0,2638.753254888354,10000,2644.488830439838,9.475458239839448e-05,70,1000,0.0,-0.217359298026761,58766.0,1241,608,P05_STRONGLY_CORRELATED,50,0.1
16e0b6a743be1bde66170bcfab3a1efd3d5898c7f4b481ecf8473e18f911c765,228.73978263130465,10.0,323.7185987131042,10000,325.21538128493296,2.4339952454261523e-05,63,1000,0.0,-0.462371509631822,58171.0,2888,1508,P05_STRONGLY_CORRELATED,50,0.2
079987de4d636e850a37a325b9b85ad9169edecbee7d5ed91f1b912f598ea46b,460.92457108473536,10.0,641.5634205418417,10000,642.470597715822,7.242359053079947e-05,68,1000,0.0,-0.1414010127345147,58939.0,3009,1396,P05_STRONGLY_CORRELATED,50,0.2
375794af93cb29cf29b5451d835e8e6474336efd03af72bc4754ededd48e4bf2,609.5818584021666,10.0,829.2896811773043,10000,831.9178966422984,9.79173678745575e-05,617,1000,0.0,-0.3169236907980057,467328.0,40009,16078,P05_STRONGLY_CORRELATED,50,0.2
268156cf4f13ad579c794964af60df87a5122060699c05e52d78b94210978161,977.9724121124416,10.0,1161.6752330476784,10000,1167.468499048793,0.0127727353223158,831,1000,0.0,-0.4986992781034157,600063.0,75358,20341,P05_STRONGLY_CORRELATED,50,0.2
a7e08ab9aec4d762f961619739472af33b6723f7971b49e250d58ac41f7e36a6,1023.8548127178656,10.0,1277.5643973705623,10000,1283.5203795137795,0.0036564435467472,821,1000,0.0,-0.4661981936468769,600026.0,108706,35071,P05_STRONGLY_CORRELATED,50,0.2
06570c55326271f12ac73248300a21e057715df762ac1bfc9237c97121795b00,1346.5607762953744,10.0,1603.1702913324373,10000,1607.3336389185215,0.0043476898426797,824,1000,0.0,-0.2596946568055449,601857.0,109831,30621,P05_STRONGLY_CORRELATED,50,0.2
0f8dd2b3b553528d99ac3d28f194bf4cb765a2c1d670e6e4478e661c241836b1,1766.9762911901714,10.0,2023.4725543585807,10000,2030.9304929985303,0.0107663868040234,833,1000,0.0,-0.3685712773264286,601843.0,45712,12733,P05_STRONGLY_CORRELATED,50,0.2
18aa4b03d7b170f3fa9795a1ee12ba175b5679fcea356e1064e031b572a7860c,2013.6144227007449,10.0,2288.284641688123,10000,2298.0648106978074,0.0088815934585858,833,1000,0.0,-0.4274017677481481,601118.0,46757,14842,P05_STRONGLY_CORRELATED,50,0.2
89f4bd62e9931ec1c499a5f25a8c8c91ffc239aa147f6d83b186a1187416f813,2142.711768175847,10.0,2450.0969362015526,10000,2455.2886738752404,9.994495004712264e-05,474,1000,0.0,-0.2118992761868729,366684.0,72795,26574,P05_STRONGLY_CORRELATED,50,0.2
e55bb9e00205c747043b984eeed32e7074947f922728adb854cb5671118da229,2239.269153020637,10.0,2559.344599679256,10000,2570.911079081037,9.769814674305996e-05,674,1000,0.0,-0.4519313031637367,504676.0,17111,6886,P05_STRONGLY_CORRELATED,50,0.2
b1778d122d13b0f5096da69a5846ca9c33a08eda0ce10bd92d6a5e0a9cc715ec,135.3585912258334,10.0,98.6414468009788,10000,99.49385971882484,0.0,55,1000,0.0,-0.8641528946406127,12826.0,562,265,P05_INVERSE_STRONGLY_CORRELATED,25,0.1
687966dfc0084bfd71035a6370c6d40385142fb002f59c6a6eb3ef9fca6e8d25,277.6714737200333,10.0,220.24411810409617,10000,221.2860177333561,0.0,159,1000,0.0,-0.4730658136202632,29962.0,4355,2093,P05_INVERSE_STRONGLY_CORRELATED,25,0.1
535d0547e4a4e68bf75918f654a7443f6b26000fe1a7e7a9e21454808890842e,369.1385048902149,10.0,297.4432571487832,10000,299.1349770060445,0.0,107,1000,0.0,-0.5687538098788062,21467.0,3452,1690,P05_INVERSE_STRONGLY_CORRELATED,25,0.1
92a21b12e1130a4c58b53a5d19c2b41be96ef54a3e138fd607a529a3a8bb5b6c,611.4826508006993,10.0,507.2391647437267,10000,510.0249391134117,8.19548446477594e-05,483,1000,0.0,-0.5492033272100446,76546.0,22189,8734,P05_INVERSE_STRONGLY_CORRELATED,25,0.1
8d0f2261919653a104728b653e1bd85375d7f7df02378e2c4be7007c682413b5,578.4085908285311,10.0,476.92595871123854,10000,478.1622368814454,8.259012105429364e-05,15,1000,0.0,-0.2592180500192413,4888.0,1137,714,P05_INVERSE_STRONGLY_CORRELATED,25,0.1
b73aa723a815362ccf9244811da529e26c190d199ad728413b840313a9b8c4fc,797.8006805373685,10.0,667.956086879962,10000,669.8267799218982,0.0,18,1000,0.0,-0.2800622793444763,4378.0,1562,759,P05_INVERSE_STRONGLY_CORRELATED,25,0.1
7156246bea6fb0532c439353a1d70b5347a6200a02b15a786ced0986ca853601,981.5422013981216,10.0,818.1144762299883,10000,820.9089615764723,5.031045297788327e-05,26,1000,0.0,-0.3415763230790659,7172.0,595,261,P05_INVERSE_STRONGLY_CORRELATED,25,0.1
7824fcededac7bd1cb498c92259f0a73d62399be0be73417228c897d360a8b12,1197.8186719776793,10.0,991.4024666259044,10000,994.1530081276726,9.93404070390406e-05,412,1000,0.0,-0.2774394450650599,66355.0,16389,5175,P05_INVERSE_STRONGLY_CORRELATED,25,0.1
77f523609457bdb21a33712665fcac76af9cf56372dfd05971e39c6379e45144,1133.199585819271,10.0,929.1115090418832,10000,930.5597780734932,0.0,27,1000,0.0,-0.1558767723266507,7923.0,438,191,P05_INVERSE_STRONGLY_CORRELATED,25,0.1
8159882a0ebf76f1da0c1d4e01a6f53adc6a81c15029c1da70ae30a9953ffad6,1243.1444290708848,10.0,1006.4463860668056,10000,1007.4840139492323,8.35207696928929e-05,4,1000,0.0,-0.1030981775871595,1519.0,6,0,P05_INVERSE_STRONGLY_CORRELATED,25,0.1
0d865fa2095b562a8d147163a489ab39560583c2f70f7c649263abd4e27a9d1b,135.3585912258334,10.0,84.25830957485414,10000,85.22381791800314,0.0,110,1000,0.0,-1.1458909489410658,24243.0,1572,670,P05_INVERSE_STRONGLY_CORRELATED,25,0.2
d10d77e2f0effb5bd5de07c98a3ebea1aba5bd3ecf87c17fa4978c56c4637250,277.6714737200333,10.0,194.6736334726464,10000,198.32933567717475,8.567472515582348e-05,536,1000,0.0,-1.8778620090029008,94570.0,11071,5054,P05_INVERSE_STRONGLY_CORRELATED,25,0.2
07bb22158e2694e6e18329736c7100501a8904bc0fc702b813853a509372ee2e,369.1385048902149,10.0,269.3398600185824,10000,271.65559417368047,9.803719154078337e-05,218,1000,0.0,-0.859781450446405,44663.0,4370,2425,P05_INVERSE_STRONGLY_CORRELATED,25,0.2
01197dd6a5a9bee797eb4a67ea86f2593d6ea409307b78855104f65c29389959,611.4826508006993,10.0,465.2393672158171,10000,472.4002781812308,9.96980283076856e-05,2397,1000,0.0,-1.5391885274600812,367188.0,90667,32966,P05_INVERSE_STRONGLY_CORRELATED,25,0.2
635bd4b5cbab9d891f3c8f4f58bac84923533f86c0463315e622b5ae2495cf3e,578.4085908285311,10.0,436.39942153355616,10000,441.17730440653713,5.599046541567692e-05,283,1000,0.0,-1.0948417062953373,56897.0,9694,3938,P05_INVERSE_STRONGLY_CORRELATED,25,0.2
dd20c906f94d3b2ead41ff769e51893e04edbfb7824857ab2ff1ad95f84ae968,797.8006805373685,10.0,618.793032795861,10000,625.8015077104941,8.254661740421568e-05,261,1000,0.0,-1.1326040441934295,53389.0,9346,3750,P05_INVERSE_STRONGLY_CORRELATED,25,0.2
42c72392e2d9bdfe71edc74c38738928b745da9c5d585b07cc418ceae262bec8,981.5422013981216,10.0,766.011753040544,10000,773.3969899805953,9.90898485640083e-05,494,1000,0.0,-0.964115356029062,88881.0,25284,8433,P05_INVERSE_STRONGLY_CORRELATED,25,0.2
60f6e5117534cb6cc1e01e15dfce7531f48f3c89a0977cb223076fc4cbe5e65f,1197.8186719776793,10.0,942.9263110041284,10000,949.7862219252428,9.300931808364717e-05,247,1000,0.0,-0.7275129393525321,51820.0,38583,12234,P05_INVERSE_STRONGLY_CORRELATED,25,0.2
0bf18dc0d15b63b361c7af821937023706a37c556e0d844002df976323e633d4,1133.199585819271,10.0,882.8131170632959,10000,888.3298891483574,3.3699095761331614e-05,33,1000,0.0,-0.6249082595661108,8441.0,567,249,P05_INVERSE_STRONGLY_CORRELATED,25,0.2
fb41b2b07d202973787b53b4a3d9fa3b4e88b86ef17930ac453f85ce015bb70e,1243.1444290708848,10.0,960.861057745895,10000,962.499033654374,0.0,7,1000,0.0,-0.1704695902986935,2365.0,73,42,P05_INVERSE_STRONGLY_CORRELATED,25,0.2
c95e684f9b34547b4bba349418c8882ea961a1535b38ca45a365b34feb039cc5,274.1943280858501,10.0,217.10671480469284,10000,218.53364267006003,9.450551903558563e-05,900,1000,0.0,-0.6572472282355897,594218.0,32471,16602,P05_INVERSE_STRONGLY_CORRELATED,50,0.1
cee054b4ed6b8ca223d3e2b44f943bf788ea1e6d57f951edb27d6280d8496fb1,551.8336619938262,10.0,459.42399559353606,10000,461.39729359148174,0.0260508749812516,911,1000,0.0,-0.4295156580570739,601475.0,67047,24239,P05_INVERSE_STRONGLY_CORRELATED,50,0.1
6b7bced96c3f624271d336c9f5e4518f79533214fee17173d736fb26ee40e025,745.945494765803,10.0,626.686678042531,10000,626.8734273697677,0.0129293254895032,908,1000,0.0,-0.0297994729710931,600735.0,55922,22905,P05_INVERSE_STRONGLY_CORRELATED,50,0.1
0de290ed0f5b4a1c08c5c2d1db5652f73a381745ccfdc70cb67c4f63f4cd1301,1159.7905939306236,10.0,979.49908755931,10000,983.140604129508,0.0051653413947178,898,1000,0.0,-0.3717733499141906,600010.0,144673,46943,P05_INVERSE_STRONGLY_CORRELATED,50,0.1
4e3b1afc8de6bd20a75d31577e502497978ef48d2537807ff7438f4489189bb4,1251.1275399905928,10.0,1057.4926039855347,10000,1059.3417091965769,9.788053211918731e-05,30,1000,0.0,-0.174857507662286,26450.0,3154,1807,P05_INVERSE_STRONGLY_CORRELATED,50,0.1
75613860dc806daed95e4ef450d36a787bd0857e5391d9a26688991e2732ae9f,1619.288049022647,10.0,1366.633699394834,10000,1368.5530045221788,9.978658930034792e-05,720,1000,0.0,-0.1404403482948459,499760.0,317567,125871,P05_INVERSE_STRONGLY_CORRELATED,50,0.1
6b9718dc1b29df2d740cac25cd141ce6a8abaa1318140b10f1c9aee19caf6be6,2085.1581093719897,10.0,1784.4774431251583,10000,1788.2940714251097,0.0014543854422102,910,1000,0.0,-0.2138793244294151,601530.0,58499,21523,P05_INVERSE_STRONGLY_CORRELATED,50,0.1
602bc92a082c573ad3d7f7bd6dc3c1c23ab48730deb9c60f2df2c6591e7a7545,2377.250786337109,10.0,2041.0193635682044,10000,2042.8256024819352,8.866209975603893e-05,36,1000,0.0,-0.0884969023798502,31941.0,881,386,P05_INVERSE_STRONGLY_CORRELATED,50,0.1
be6ee00e5ae839e21c4293465fb07173c957f61bbf67f2dcb2d3c65ca89d8b86,2551.802677266756,10.0,2156.209272508189,10000,2159.006755559149,0.0,8,1000,0.0,-0.129740794951062,9233.0,26,9,P05_INVERSE_STRONGLY_CORRELATED,50,0.1
fe5adbf73c750c28f88d7e171fba34310c75a4900daa029cb1249bb0d403495f,2693.814607566092,10.0,2237.764050602926,10000,2241.912267991724,9.532969373743427e-05,22,1000,0.0,-0.1853733143885247,20720.0,170,72,P05_INVERSE_STRONGLY_CORRELATED,50,0.1
6bca6a9c100fe81666c602bd88d4b1e0f461b6e98dfd14a8f81f37fc2f21ab7b,274.1943280858501,10.0,191.8320493817393,10000,195.66196821731893,0.0962322384673766,792,1000,0.0,-1.996495813876348,600683.0,17227,8693,P05_INVERSE_STRONGLY_CORRELATED,50,0.2
00a80fc0f2014bb4320cbfe61665600a7f0f56d0cbb48bf9532220e3222e485c,551.8336619938262,10.0,420.3389057308535,10000,424.0870108451257,0.0802021541744919,808,1000,0.0,-0.8916864613698421,602454.0,32372,12342,P05_INVERSE_STRONGLY_CORRELATED,50,0.2
225bd8cb6cc86f9317ebfccf7d1de7023cdc4825c4c2987e0be7aa96ed0ff388,745.945494765803,10.0,579.6269811002092,10000,584.0369305716744,0.049195808661361,805,1000,0.0,-0.760825430019586,601211.0,34724,12112,P05_INVERSE_STRONGLY_CORRELATED,50,0.2
b9d5af331d7759d5342eed01c0a2b459ccc6f419fc71153074d7c696fc86b35a,1159.7905939306236,10.0,920.430777940752,10000,929.0759186925162,0.034673625891601,797,1000,0.0,-0.9392494209185032,602500.0,60714,13798,P05_INVERSE_STRONGLY_CORRELATED,50,0.2
a0d9f4954e457fa31813e9f4ad9b932fc873e3d1bf34ed4d47f33cc0485ce8a4,1251.1275399905928,10.0,995.5670281576622,10000,1002.7226576023344,0.0142671785375282,794,1000,0.0,-0.7187491391628306,600105.0,60872,15279,P05_INVERSE_STRONGLY_CORRELATED,50,0.2
0e47e8a755c9f5f3fcd58c127eb79490a7d9237423ecbcd06c6de155c85c7cba,1619.288049022647,10.0,1301.581868538317,10000,1309.4480655338093,0.0121200648828743,800,1000,0.0,-0.6043566820983879,601790.0,62784,15560,P05_INVERSE_STRONGLY_CORRELATED,50,0.2
5ba5b287ef5b5f211aec592c27aaad4347078bc17b9c2e1511d9921fe0d96d7c,2085.1581093719897,10.0,1705.4740391009732,10000,1719.0737662098395,0.0085451285865392,801,1000,0.0,-0.797416248917826,602459.0,59446,15803,P05_INVERSE_STRONGLY_CORRELATED,50,0.2
656d5fc93aabab7cecdb35bb21612a16e34bc9bfff9cb61c7730afa93a1dbc65,2377.250786337109,10.0,1963.535848778057,10000,1967.674290074892,9.968926343036552e-05,566,1000,0.0,-0.2107647435828582,442302.0,59644,22206,P05_INVERSE_STRONGLY_CORRELATED,50,0.2
0850a3362ff960b36de0d6d07ba15fb26480b7403ec807e2f4ce8a7ad1397587,2551.802677266756,10.0,2078.8286507357834,10000,2086.4264961275985,9.019581994524857e-05,43,1000,0.0,-0.3654868518925745,38829.0,1528,759,P05_INVERSE_STRONGLY_CORRELATED,50,0.2
41e893ffbe34edf433163aacf8e7d86ba14f3a6407c312260d1eea978e46a0cc,2693.814607566092,10.0,2168.16758567118,10000,2173.9159276838195,9.89767830861326e-05,27,1000,0.0,-0.2651244327527434,28689.0,8062,4314,P05_INVERSE_STRONGLY_CORRELATED,50,0.2
97f808d409a363b1480aa9804a8eadda3e63864312d15c850cc2fb042e78b260,112.63131849856067,10.0,161.65457863154668,10000,162.2596770510376,0.0,2,1000,0.0,-0.3743156702477989,648.0,22,5,P05_ALMOST_STRONGLY_CORRELATED,25,0.1
461f61db42a024a2c1b0ae28061b6efef63cc8a02f52286e124595510dab1c16,200.6377911389312,10.0,309.4014616397757,10000,309.1299031000172,0.0,6,1000,0.0,0.0877689905921124,2376.0,59,17,P05_ALMOST_STRONGLY_CORRELATED,25,0.1
f4145e7f3c85319cdfec802699287d89384254dca5e2d460d41a5504614e6f9b,278.8633363153005,10.0,402.1119047241869,10000,402.3981197013612,0.0,26,1000,0.0,-0.0711779417151799,7695.0,604,212,P05_ALMOST_STRONGLY_CORRELATED,25,0.1
a6d41895303f692139fb443885575a8d834f39303bbe4b5e8c95b4e7dd64663e,469.97216703269294,10.0,585.3794145081085,10000,584.8002178878883,3.335848538451531e-05,32,1000,0.0,0.0989437971109676,9305.0,2213,1365,P05_ALMOST_STRONGLY_CORRELATED,25,0.1
5ce3661be0ad6bace76d371c7b6dd3f6b55f97c477f75701b88e7f3644c92f47,515.9189618187869,10.0,660.3060705074884,10000,660.0880407713596,0.0,8,1000,0.0,0.033019495937874,2958.0,570,352,P05_ALMOST_STRONGLY_CORRELATED,25,0.1
30a99cb3970ebf50d22b397437a227d3384124f89044f109152f09ce2242c7d9,669.2975149694981,10.0,816.8923159263388,10000,817.9764736519527,0.0,28,1000,0.0,-0.1327173367256431,10079.0,1109,842,P05_ALMOST_STRONGLY_CORRELATED,25,0.1
f51ddacb89a415acfd7ce322dace6c070197098055f3ed1fb48008b9b4e75c6f,907.9861870330462,10.0,1055.5442617264753,10000,1056.380856680216,9.238206896883822e-05,50,1000,0.0,-0.0792572120445456,12644.0,5520,2714,P05_ALMOST_STRONGLY_CORRELATED,25,0.1
0521b86e1b1c84f33eeff96901709e8796847d4276d05d1613ea5327fe9451e8,1015.652441537617,10.0,1167.9275321825503,10000,1170.715251845132,7.768040602191604e-05,467,1000,0.0,-0.2386894379801377,73155.0,11280,3563,P05_ALMOST_STRONGLY_CORRELATED,25,0.1
52534b2b140de8c7e3dbb3929e13d2dc2482e98c417efd857af3988ab0b31a9b,1078.0584145275466,10.0,1252.1398562163188,10000,1251.4673472636,0.0,21,1000,0.0,0.0537087729761227,6781.0,755,412,P05_ALMOST_STRONGLY_CORRELATED,25,0.1
3d79dbec13dfd6c4180312450329a7d866374cc0f810b9f1c9836786e1f0143c,1105.9222745163063,10.0,1288.1459108281117,10000,1289.4215029824124,0.0,26,1000,0.0,-0.0990254398650324,8407.0,227,108,P05_ALMOST_STRONGLY_CORRELATED,25,0.1
5c3ce722e3dc8d72a8ee6c781eca91d0291184a38c139eda1cdfc8e4a80bd69d,112.63131849856067,10.0,145.20760273990066,10000,145.4167640860908,0.0,41,1000,0.0,-0.1440429717476969,10099.0,558,238,P05_ALMOST_STRONGLY_CORRELATED,25,0.2
fc8c15c1094e09e97d34c24586579fe99c4ed176e970db939489011dea8fe1ed,200.6377911389312,10.0,296.97122992272455,10000,296.6675357029819,0.0,7,1000,0.0,0.1022638522329752,1664.0,74,28,P05_ALMOST_STRONGLY_CORRELATED,25,0.2
f16b8dcb742186cc21bfd7a8e1cf2fdb4e551e1b0925e73c9d38e790330b85ef,278.8633363153005,10.0,387.1520121267186,10000,386.239036626308,0.0,29,1000,0.0,0.2358183534667437,8239.0,718,375,P05_ALMOST_STRONGLY_CORRELATED,25,0.2
6d04c321866ed170c6a663c932a8c801f0be8544b7308e663e78d8e182a6c9cb,469.97216703269294,10.0,548.4529686492585,10000,551.0264235010612,3.822114538264189e-05,511,1000,0.0,-0.4692206987484547,84134.0,13355,4961,P05_ALMOST_STRONGLY_CORRELATED,25,0.2
3ad7aa76b6bc1857543ba43e11dceb564cfe64b2856b4ee6de346338105bc5ec,515.9189618187869,10.0,623.3946731160609,10000,624.5516039685057,2.987443217714256e-06,174,1000,0.0,-0.1855856173203815,33120.0,4847,2000,P05_ALMOST_STRONGLY_CORRELATED,25,0.2
2a55b60a11e8722e2d78f63875f8a95eeeb4a7765510a26f9ee73d37f0e86f9a,669.2975149694981,10.0,783.8387195811808,10000,784.9957227238476,5.182650501075714e-05,81,1000,0.0,-0.1476072964710124,17513.0,2654,1064,P05_ALMOST_STRONGLY_CORRELATED,25,0.2
d86b24848ed7947a7400e679fe9659c2e870133dfa36f67308df438796c5aea8,907.9861870330462,10.0,998.8272416273944,10000,1006.151832064316,9.528593675422248e-05,1256,1000,0.0,-0.7333190497475593,192882.0,32283,10714,P05_ALMOST_STRONGLY_CORRELATED,25,0.2
738438143b18eb94a1b83d4b58a6cb3e9cb32b30a75f39a2cddcf762ac0ef477,1015.652441537617,10.0,1122.0875131300777,10000,1127.6650376760597,9.62419938161675e-05,298,1000,0.0,-0.4970668045688506,52812.0,6975,2595,P05_ALMOST_STRONGLY_CORRELATED,25,0.2
6eda0a39b2be515757dd179b84879ef5349c1fec1ef58b2304de0e8095908e5b,1078.0584145275466,10.0,1192.0650741800202,10000,1198.040726705381,5.575013494580726e-05,368,1000,0.0,-0.501285764912731,63854.0,6705,2559,P05_ALMOST_STRONGLY_CORRELATED,25,0.2
311b7c91f3756008a53ece2d69a7929ed28bbe25f5dff9bc4457a1cd3b341dc6,1105.9222745163063,10.0,1243.1170382723249,10000,1243.0303658149712,5.998533569088421e-05,23,1000,0.0,0.0069721880309918,6705.0,382,184,P05_ALMOST_STRONGLY_CORRELATED,25,0.2
3dd89f8ee92c4d114e86a7eaff3e43258c6b4733e9d0c7bde61988a9d6f58be9,228.73978263130465,10.0,335.9713335844373,10000,337.0330714358044,9.630186247694912e-05,139,1000,0.0,-0.3160203699641797,109998.0,3285,1299,P05_ALMOST_STRONGLY_CORRELATED,50,0.1
287756797f3852fd2e84b61c3a9a6c377228f19f2d615eb8898bafa77fc14ce7,406.38790560144446,10.0,618.811904020221,10000,618.8347183938833,9.547426851691324e-05,36,1000,0.0,-0.0036868026477968,33663.0,1178,525,P05_ALMOST_STRONGLY_CORRELATED,50,0.1
3e7d715e40dfddfba3c14b4e6bf8ccbfebc95a5b260ac08b326c60688476341d,614.3128876307193,10.0,838.6351263895618,10000,840.1323696976461,0.007408502126184,869,1000,0.0,-0.1785333407783839,601426.0,46532,14869,P05_ALMOST_STRONGLY_CORRELATED,50,0.1
b4f4d7351d4f8f5421a49110085051691de7b6f3afc5a9ab09d5dc7e624c4401,1009.7007378229551,10.0,1250.4837960576556,10000,1252.5434632140905,0.0064535691965973,875,1000,0.0,-0.1647096238214616,601466.0,37483,14104,P05_ALMOST_STRONGLY_CORRELATED,50,0.1
68e8fd039beb4411077ead7dbea2c06aa5348c850ad64cc7c82c93b8b392333b,1190.3954267643592,10.0,1455.6068635880831,10000,1459.7654885466852,0.0074148911069074,875,1000,0.0,-0.2856969874648061,602042.0,42914,15869,P05_ALMOST_STRONGLY_CORRELATED,50,0.1
681689d0a42e6885842d20401c62254d049643dfb4550b6687df3dc01ea6b3d3,1214.7348905944316,10.0,1540.7040120388097,10000,1544.6039328521138,9.99012273711879e-05,700,1000,0.0,-0.2531258945800596,495563.0,44750,15367,P05_ALMOST_STRONGLY_CORRELATED,50,0.1
fda78a5d6b20b1a3a7d96f6f9d4f07a88584829e05b7c2687a59ba922d8b3b87,1459.004268430867,10.0,1807.4983183670147,10000,1811.6585833342217,9.921721811011684e-05,431,1000,0.0,-0.2301670173040939,319612.0,31314,10986,P05_ALMOST_STRONGLY_CORRELATED,50,0.1
17d814a20d08de4e5481ace3d2604340b39e83f0bcbef96d8eb4e384393ed2f7,1914.487249425419,10.0,2260.413902563069,10000,2266.591940874331,0.0019465894296247,867,1000,0.0,-0.2733144714893613,600263.0,51851,18471,P05_ALMOST_STRONGLY_CORRELATED,50,0.1
b6dca7c9a054dfc08652623cb7c981dadba5969a9d32729b0bd289d989e43a41,1890.1455097973376,10.0,2270.110274540118,10000,2275.147082365025,0.0017828252944461,871,1000,0.0,-0.2218750287770695,600202.0,25781,9596,P05_ALMOST_STRONGLY_CORRELATED,50,0.1
a39a719b33962223a6c338a55a9769fe9b6b662e25fc89bfaa66101256c781e6,2446.4976322205694,10.0,2835.5362934722198,10000,2841.9829562029213,9.907034820469596e-05,34,1000,0.0,-0.227352502789086,29566.0,11033,5560,P05_ALMOST_STRONGLY_CORRELATED,50,0.1
205d99cfe627f90932df1aa28ef41f622cf05888eb76fdce9b47b794ad9785e2,228.73978263130465,10.0,323.9948801731136,10000,325.49918409841547,9.977435154842475e-05,61,1000,0.0,-0.4642986717870724,57232.0,3060,1589,P05_ALMOST_STRONGLY_CORRELATED,50,0.2
b9aef16f86f8c60a456ca38ab89ee52a7a37f97a274966a2f8b2194205b56814,406.38790560144446,10.0,601.7680218141169,10000,600.0166972402859,3.563759026482184e-05,51,1000,0.0,0.2910298504316246,45632.0,3771,1735,P05_ALMOST_STRONGLY_CORRELATED,50,0.2
aa155fd613d36addcac6af12f1cdad0719d06ad39cfd0ee0036fa330342f646a,614.3128876307193,10.0,813.268541533498,10000,816.2535231977473,0.005981480078457,836,1000,0.0,-0.3670351811003057,601053.0,73059,24621,P05_ALMOST_STRONGLY_CORRELATED,50,0.2
e5d54ddf864b826ddc9b5dd93136b7032eb4a29d7c510ffe57845cefde0c8325,1009.7007378229551,10.0,1207.747070075509,10000,1213.2860158279743,0.013614507768161,839,1000,0.0,-0.4586180243947043,601011.0,71446,18510,P05_ALMOST_STRONGLY_CORRELATED,50,0.2
3b372f05e02430f9464c2d780361ead4ae92c412f77ec89773cf5ee0b4998a6c,1190.3954267643592,10.0,1413.125006786243,10000,1418.3062948714817,0.0113577383650167,842,1000,0.0,-0.366654617274245,600329.0,62603,16395,P05_ALMOST_STRONGLY_CORRELATED,50,0.2
5913d638886e2bdcab2594fa4e8ccba866f98c951b2cbda5118400d8e5e6db98,1214.7348905944316,10.0,1498.4248300510296,10000,1502.7487377608268,9.987153552264596e-05,522,1000,0.0,-0.2885635383958425,395369.0,80227,28832,P05_ALMOST_STRONGLY_CORRELATED,50,0.2
36dd24ed85509924620c09db3226ccec5384c066ae7ff5886c6125af42a63436,1459.004268430867,10.0,1754.5870413798257,10000,1761.8476825388402,9.824779885493702e-05,759,1000,0.0,-0.4138091179167107,550735.0,76653,27631,P05_ALMOST_STRONGLY_CORRELATED,50,0.2
c821f3d02722ea096e5c2e7a9fafc26e4fd4fd9d02c552aa63ac4c9b1a1fda7d,1914.487249425419,10.0,2184.182753727497,10000,2199.469673240721,0.009438266834774,839,1000,0.0,-0.6998919612901391,600984.0,34510,11271,P05_ALMOST_STRONGLY_CORRELATED,50,0.2
96f900aa943ab150519fdfaa29e0890be71378a4af68817126e9ff7f260d1b5b,1890.1455097973376,10.0,2212.336558883208,10000,2219.333037238689,9.768650986878882e-05,404,1000,0.0,-0.3162483722193391,311282.0,39455,16243,P05_ALMOST_STRONGLY_CORRELATED,50,0.2
07ac01a60921117548849dd5ab4b749c43ae44dc94f80aede820645939dd13e5,2446.4976322205694,10.0,2754.351074788004,10000,2765.7595969652943,0.000943477552949248,844,1000,0.0,-0.4142000009264903,602209.0,21948,7263,P05_ALMOST_STRONGLY_CORRELATED,50,0.2
fa1ee727e56354d74b2d85fb363f6bd3b6200f5a75ccf9304f23919de2ed8457,112.63131849856067,10.0,103.8153174445512,10000,103.54068473581296,0.0,164,1000,0.0,0.2645396801728575,36529.0,2530,857,P05_SUBSET_SUM,25,0.1
9989f4ad6d4a18a705aec224f72711bea99f0ac398722539dcf4def840713d9d,232.2169282654879,10.0,216.62064927567204,10000,217.32968337537247,7.710887178229878e-05,523,1000,0.0,-0.3273160255364728,97851.0,15587,5925,P05_SUBSET_SUM,25,0.1
adcd83fd657d2ae97033154ed80886166998056905b88779173afd113cbb39e8,300.9566867083967,10.0,283.8278097726104,10000,285.0412069922637,9.00657867997139e-05,148,1000,0.0,-0.4275117440484142,32487.0,4427,2365,P05_SUBSET_SUM,25,0.1
f39e9f9845eee4292e343fcf14759979c738b112be4ce4a661f232251d64afaa,520.5735598916084,10.0,492.5275337200734,10000,493.0342624142736,9.97727621971909e-05,2704,1000,0.0,-0.1028833231662834,433261.0,157880,53881,P05_SUBSET_SUM,25,0.1
06e6a56a4dc150da61da0971fd83f12572dd48493bb756f44d01e3da0c501d9c,464.7722271921675,10.0,439.8920675794786,10000,440.492704165339,9.890126416250992e-05,530,1000,0.0,-0.1365418088044696,100034.0,14967,7787,P05_SUBSET_SUM,25,0.1
53bf01c7a918c7fefd8ff61796c3b2a6a45ba33f7c4c13f3eedaca2ea4118736,661.4370441737321,10.0,629.015651172063,10000,629.8254241003499,9.989811951887604e-05,1339,1000,0.0,-0.1287365309238312,224283.0,66076,26330,P05_SUBSET_SUM,25,0.1
fe48f0b763ce1697d337d471815259a59173b484f79d4636ae46b56ebc86ebcb,822.4512923072126,10.0,784.1641309015864,10000,785.5236675026928,9.997779306861249e-05,2077,1000,0.0,-0.1733739847987231,336970.0,132408,43702,P05_SUBSET_SUM,25,0.1
5113847e6f67222dadf3d203c98c59720d12430e623cea5fbbf6a9e4be96422a,1016.0004901594976,10.0,973.5050880970388,10000,975.3426479152944,9.967769786690466e-05,587,1000,0.0,-0.1887570841409235,110582.0,64653,22716,P05_SUBSET_SUM,25,0.1
b3959cf1c5195265500098599f14445ca1eaf9326ef1968efac9556201bcbcd7,928.6541312738166,10.0,886.123568945515,10000,889.2007590644554,9.966372785756786e-05,247,1000,0.0,-0.3472642221448012,51144.0,5577,2765,P05_SUBSET_SUM,25,0.1
1c7e6eb7d4ffb2cee46231fb054a463d23ed816f67fd2adefb1336b1098206f2,1015.8717017981576,10.0,972.1017918326138,10000,973.0389289749708,8.23357349036277e-05,91,1000,0.0,-0.0964031905126288,21815.0,1774,877,P05_SUBSET_SUM,25,0.1
6026bc228cca83ed762f9c71eb6d016bfd1c0fa0de7ebdaae591721b43e39674,112.63131849856067,10.0,95.37417077551716,10000,95.20229439974538,0.0,157,1000,0.0,0.1802127078790909,34642.0,2304,906,P05_SUBSET_SUM,25,0.2
7c07d7632dcdc44a51fe09aac5444a72eedb752a654595da4b3c3ba1250e3535,232.2169282654879,10.0,201.9258310969538,10000,202.50983626054744,9.337622071624264e-05,473,1000,0.0,-0.2892176599799204,91220.0,12881,5197,P05_SUBSET_SUM,25,0.2
83ef2c01cbe376a162a8a04dd3fb84919115918bc7da87a6182d8de67d143b4b,300.9566867083967,10.0,267.81785839053794,10000,269.3041877037264,5.959703210339006e-05,154,1000,0.0,-0.5549776710637023,35359.0,2902,1572,P05_SUBSET_SUM,25,0.2
3426475bba5cb70e7155ce352c7a85427f03e7ab5e37ba2d4c653bd3a901a611,520.5735598916084,10.0,464.0622109225434,10000,465.8865301984244,9.896196173120812e-05,2334,1000,0.0,-0.3931195501254571,372917.0,110728,37974,P05_SUBSET_SUM,25,0.2
b54ec6365c2524973721ff53caf36fc2d1a3ebd2417df806ff20b28c10880865,464.7722271921675,10.0,417.94011058892846,10000,417.97153932515886,9.151711353447084e-05,335,1000,0.0,-0.0075199138427055,66693.0,10736,5130,P05_SUBSET_SUM,25,0.2
1f2b35e7cbf37e133b57f84fb09037b7e28b9ce0595ea906af11bc2212b5b45e,661.4370441737321,10.0,596.7982639434058,10000,598.9840009393255,9.85569198263132e-05,1195,1000,0.0,-0.3662438596046177,201850.0,54258,20283,P05_SUBSET_SUM,25,0.2
4a152f48fa14c45329fd14f1d4275a4f6a962aafb7dcc68bf623cd33b97c898d,822.4512923072126,10.0,747.4207540366536,10000,749.8803844894671,9.987794288377922e-05,2034,1000,0.0,-0.3290824397810158,329516.0,95341,32083,P05_SUBSET_SUM,25,0.2
14bf5faabf7fbb86c0e1ac225bea42c0eb50d22ff38fef18fa6540481c742c83,1016.0004901594976,10.0,930.3601829317053,10000,935.7021096413768,9.955541699812932e-05,935,1000,0.0,-0.5741783459432234,163155.0,66464,21483,P05_SUBSET_SUM,25,0.2
7756d782bb15d7757bdf7397a78ded5e4e1440be6553ef9cf76da4846d72330e,928.6541312738166,10.0,843.8901542874015,10000,850.2527994678692,9.95696468226287e-05,398,1000,0.0,-0.7539660402650884,78649.0,8896,4689,P05_SUBSET_SUM,25,0.2
edc7ca06691ba953354f68d3b072ce527565eb33b5b4f7a12fb702c7ea1589be,1015.8717017981576,10.0,928.4231717835964,10000,932.0036063835852,9.906031827632158e-05,82,1000,0.0,-0.3856468374340929,18039.0,2050,1103,P05_SUBSET_SUM,25,0.2
f8187330c617f636fccf8ba4931c83d97e2d9ec34f3272e09d7af329ca95e539,228.73978263130465,10.0,215.926842219164,10000,216.42714079868963,0.0369857150232281,721,1000,0.0,-0.2316981873971292,602599.0,59000,12076,P05_SUBSET_SUM,50,0.1
576e23a9248d92c054bf0526a3854172abc97b31fcf8100d6b52f0465f33f1e7,460.92457108473536,10.0,439.97489780343545,10000,441.2265652700582,0.0231195559794566,726,1000,0.0,-0.284486108837494,602008.0,33768,9025,P05_SUBSET_SUM,50,0.1
ed707782366c48f03dad4a1f5e40e9b867ea4578a91ac26d5b81b7898ba41627,609.5818584021666,10.0,585.0357447557526,10000,586.7096611613347,0.0183134684355524,724,1000,0.0,-0.2861220738368597,604609.0,46083,9960,P05_SUBSET_SUM,50,0.1
d572895bc51f085cbeb6e01939278ae4e472ff06b2195ba131e314080da89a7f,977.9724121124416,10.0,938.7662561133412,10000,941.9710718192172,0.0204344572733628,732,1000,0.0,-0.3413859078344553,604555.0,54068,7776,P05_SUBSET_SUM,50,0.1
e2438bc9103f6c57df6393ffd5836aee6049c3a246ef2124c2fc9fee20ca0f60,1023.8548127178656,10.0,985.083354365785,10000,989.151256847432,0.0141412872273371,721,1000,0.0,-0.412950078145013,600734.0,38473,7502,P05_SUBSET_SUM,50,0.1
03dad7ee940ec1eab97a1ba23d76d39d9a8e09af979ca7a2e415e515c0560523,1346.5607762953744,10.0,1297.0748975026854,10000,1302.2070377919224,0.0126249022072358,730,1000,0.0,-0.3956703116464684,601996.0,51490,10080,P05_SUBSET_SUM,50,0.1
679b70a79758e1cfddcf22d96f078971422031d108336fb174245b9c76069521,1766.9762911901714,10.0,1699.987055865246,10000,1710.7821594486131,0.0100521052553588,731,1000,0.0,-0.6350109282374918,601971.0,53353,10353,P05_SUBSET_SUM,50,0.1
18dff1fd888a9d9152c7cfa480c4e356d99e8cb09de7974b8d019b7ecdefc50f,2013.6144227007449,10.0,1944.2733146474689,10000,1952.339806485881,0.0066924720526689,728,1000,0.0,-0.4148846655273296,600736.0,45258,11933,P05_SUBSET_SUM,50,0.1
c1b87b6099538118db0b5e3b0833d5c851da8f3f2f82ad5c3a89714aba2ae624,2142.711768175847,10.0,2071.70959485716,10000,2080.747156986261,0.0036303521524721,732,1000,0.0,-0.436236920055586,600046.0,39190,13623,P05_SUBSET_SUM,50,0.1
9ca14ac529d56cec7932070e4c0096afd8e6dc3de24814e01dc62cf095786479,2239.269153020637,10.0,2167.8226796283475,10000,2174.715529527235,9.985793419672526e-05,408,1000,0.0,-0.3179618869966465,345819.0,16974,9009,P05_SUBSET_SUM,50,0.1
3f3fe6fd855e1e0521cf0ecffcbdaa8d1e2810320cf2bc3079a7ca035b301158,228.73978263130465,10.0,200.6888717358327,10000,203.6259341174772,0.0830158545045291,721,1000,0.0,-1.4634904049441195,602905.0,38004,7618,P05_SUBSET_SUM,50,0.2
2fd97f03468015025abd4fc162dab0f1fcb8681bd100d5541e36b417e40adc82,460.92457108473536,10.0,420.648271266183,10000,422.5538066340793,0.0425526600717048,719,1000,0.0,-0.4529996907298654,604122.0,32495,8755,P05_SUBSET_SUM,50,0.2
8e8f171f6685ab1979bc94eb6cfed88c54aea0578dafe706875b6e2a883a07c2,609.5818584021666,10.0,559.9393526241336,10000,563.3222855078828,0.0381347418394022,717,1000,0.0,-0.6041605877306705,602276.0,33745,8056,P05_SUBSET_SUM,50,0.2
cccaa31585c30167238d09946566f25b3e7ed4aba244dce5e7ba4b4ebfd4edc0,977.9724121124416,10.0,899.7252318907224,10000,906.5135553916324,0.0412218110972778,727,1000,0.0,-0.7544885105249965,600929.0,47576,7571,P05_SUBSET_SUM,50,0.2
997795463f5c0a0dd0d5770771c86272777bfdd44cda862653e97fb40b3ba885,1023.8548127178656,10.0,948.7874288726794,10000,956.0974804582696,0.0252485482604225,724,1000,0.0,-0.770462525444264,600223.0,42291,8234,P05_SUBSET_SUM,50,0.2
08b87c0fa684e27d95d8baef1b282540218129bb549d4c53a77ce18734bc3cf5,1346.5607762953744,10.0,1247.0268039198995,10000,1259.5981138741267,0.0252569213332413,724,1000,0.0,-1.008102625758354,602262.0,46904,8504,P05_SUBSET_SUM,50,0.2
7a24baa549e3e891fc8501f52265a84bbba6bc83163caa12aa56a7033969cfed,1766.9762911901714,10.0,1642.3342147350045,10000,1655.162405719661,0.0211730867787322,722,1000,0.0,-0.7810950334933213,601589.0,39706,7643,P05_SUBSET_SUM,50,0.2
4a811473823e68b43b313bf1275d2d1afccbb520a5632176f7b751c4fcd774de,2013.6144227007449,10.0,1873.5108241143196,10000,1891.324646216431,0.0141897319588088,730,1000,0.0,-0.9508256836750768,604719.0,38085,9841,P05_SUBSET_SUM,50,0.2
819a6ff4953b7fdd5b99713bfc34a15c53622f9738acfbf7d58bc6ebd2909cd3,2142.711768175847,10.0,2005.7132542404115,10000,2019.481520278562,0.0080046867486364,726,1000,0.0,-0.6864523634693149,602244.0,33158,10694,P05_SUBSET_SUM,50,0.2
9886c995a3c1bc58a4fbd49f2881dbd4ad93788e5830cf4af7c39697a960d036,2239.269153020637,10.0,2099.916068978535,10000,2111.0427197133195,9.9903718656226e-05,655,1000,0.0,-0.5298616882434217,543352.0,30595,15882,P05_SUBSET_SUM,50,0.2
365cd504a5d13d54d693a95ffb74b73a5e7f0d3727429e22941829944f9d657d,238.4200597197812,10.0,184.5078150476707,10000,184.34645547524067,0.0,1,1000,0.0,0.0874540584572743,428.0,2,0,P05_UNCORRELATED_SIMILAR_WEIGHTS,25,0.1
8f562174f91759f96fe540a54709979f4db3b2ff3cb83299a59831e0b2895d0e,474.35276127206834,10.0,384.3996757514444,10000,384.2926074678466,0.0,3,1000,0.0,0.0278533751071743,5376.0,11,0,P05_UNCORRELATED_SIMILAR_WEIGHTS,25,0.1
1bbcf2f960a48609642bff5ee5b708d878832c760f33a20293c5ca3081caf552,709.2974903532443,10.0,533.8742599594707,10000,533.9850844559528,7.196782700962166e-05,3,1000,0.0,-0.0207585390032707,4676.0,7,0,P05_UNCORRELATED_SIMILAR_WEIGHTS,25,0.1
bfa3bdb5c9b2e6e9e3236767a622687ac0e61195fc9be5b3c29095014a2dfb4e,955.6445715092711,10.0,653.8172663934699,10000,653.9482851780181,0.0,16,1000,0.0,-0.0200390523901038,9448.0,90,31,P05_UNCORRELATED_SIMILAR_WEIGHTS,25,0.1
74ca61c715ca954cfd5de67815c2f8b926efa3e5d0fb7ca524e53df82181ca7f,1187.3288207530454,10.0,732.9696113356994,10000,733.8828911957697,0.0,5,1000,0.0,-0.1245999623921761,5984.0,23,6,P05_UNCORRELATED_SIMILAR_WEIGHTS,25,0.1
e521c3e8029fc1bad87d649c2c0957a9b6a5c4273483c963f2037ec324f32b7c,1429.8647627609223,10.0,868.9361305796053,10000,869.9639290390164,0.0,7,1000,0.0,-0.1182823942106673,7871.0,19,0,P05_UNCORRELATED_SIMILAR_WEIGHTS,25,0.1
80e27dd7cc773cc62be405df3ce34ca9c452b91e07dfdea0d2a002d241c0e8f0,1681.017888497369,10.0,1128.4862318175417,10000,1128.6807147102318,0.0,2,1000,0.0,-0.0172339623831358,2720.0,2,0,P05_UNCORRELATED_SIMILAR_WEIGHTS,25,0.1
fd9f569d1ba515d42e3fed225cdc7a0b52b0ba8331f89a604a966a57321bc33b,1918.936426601596,10.0,1222.4133180125896,10000,1222.4681713657492,7.537460821642942e-05,3,1000,0.0,-0.0044873000278495,6591.0,6,0,P05_UNCORRELATED_SIMILAR_WEIGHTS,25,0.1
a6b85f4d4123eb99aa2e62b2e5926a16b44241cf78325a489d8af99c1f326ebe,2152.283219098283,10.0,1190.4632763516215,10000,1190.5375468041311,0.0,2,1000,0.0,-0.0062387856882906,4041.0,5,0,P05_UNCORRELATED_SIMILAR_WEIGHTS,25,0.1
2c96665c943ec31c91b2a3f31d8728966479d07a13e22b58d61451551f9c4fa7,2382.1409092716194,10.0,1206.347154245386,10000,1205.5743598391473,0.0,2,1000,0.0,0.064060697910972,3356.0,3,0,P05_UNCORRELATED_SIMILAR_WEIGHTS,25,0.1
9ff8707be7602bb9aed8329957dc7d69b783436908276450c9d61fd818f10a6c,238.4200597197812,10.0,163.63950787062544,10000,162.58832835986018,0.0,15,1000,0.0,0.6423751357137555,8075.0,48,19,P05_UNCORRELATED_SIMILAR_WEIGHTS,25,0.2
1adcf7a67c9323049135c21843f66d0bbfb22debc21514f70cf324442b0db9ee,474.35276127206834,10.0,362.8070577369873,10000,363.6026928655554,0.0,30,1000,0.0,-0.2192997935406467,11270.0,159,62,P05_UNCORRELATED_SIMILAR_WEIGHTS,25,0.2
cfd820e5315ff13462cfc7fcb9f4fc844223bcfe747a4955b7fa4400699414d5,709.2974903532443,10.0,515.6094073123369,10000,519.2300378105024,0.0,8,1000,0.0,-0.7022041194008422,5414.0,20,7,P05_UNCORRELATED_SIMILAR_WEIGHTS,25,0.2
7198d8ef43f579b0c47a671262e01567a3de1082338b88d4d9b9881eadb658f1,955.6445715092711,10.0,638.2330649574735,10000,640.4853528832327,0.0,8,1000,0.0,-0.3528942716105273,6481.0,36,9,P05_UNCORRELATED_SIMILAR_WEIGHTS,25,0.2
b65fddf9c549b2656b504d3e7d0a6b150ea8e1c511a703e5c66f177d3000b238,1187.3288207530454,10.0,695.9834885751425,10000,697.8428035289543,0.0,9,1000,0.0,-0.2671492907997431,7284.0,47,0,P05_UNCORRELATED_SIMILAR_WEIGHTS,25,0.2
2340bed00007a7e01334c682ca1f557fedc1036890346ffc9cc1019fc748aa16,1429.8647627609223,10.0,817.7850460611344,10000,819.29783116815,8.553317224677063e-06,35,1000,0.0,-0.1849856651576016,13026.0,3196,1580,P05_UNCORRELATED_SIMILAR_WEIGHTS,25,0.2
869d74eb6b9e374a9aa2c30412202f124439a29884c25e9bbc6d7b5b4e319def,1681.017888497369,10.0,1074.240739834083,10000,1075.8637854101505,0.0,4,1000,0.0,-0.1510876953259383,3046.0,11,2,P05_UNCORRELATED_SIMILAR_WEIGHTS,25,0.2
3731766e7b73d210d5f584f57768e3c6ea1172289ed9c0d25baeb2db99785aab,1918.936426601596,10.0,1194.5428185825444,10000,1193.6477899363,0.0,5,1000,0.0,0.0749264599243396,4481.0,16,2,P05_UNCORRELATED_SIMILAR_WEIGHTS,25,0.2
dfdf551a4161a031b11422ea8b129938e8452886c09ba9c89e588a7f5d4f66bf,2152.283219098283,10.0,1168.3419212994615,10000,1171.893841061019,0.0,2,1000,0.0,-0.3040137220794823,770.0,3,0,P05_UNCORRELATED_SIMILAR_WEIGHTS,25,0.2
091c26ca2ddc58645b484a12c27908704af9e3528fd395641e24831a4e1e9825,2382.1409092716194,10.0,1182.7947459579634,10000,1185.916170072892,0.0,5,1000,0.0,-0.2639024332493437,3060.0,7,2,P05_UNCORRELATED_SIMILAR_WEIGHTS,25,0.2
bb08c7062b50f3c51bcd270a685876da9750a8e313e714191f18a2e96ad4d476,477.191346271298,10.0,394.8293161112194,10000,394.81459571918646,0.0,3,1000,0.0,0.0037282925639647,8290.0,11,0,P05_UNCORRELATED_SIMILAR_WEIGHTS,50,0.1
07ffce549e8252f42d799e718c47dc9881d1542053dfaeec56432eb7fc34202f,949.221918839448,10.0,768.4591200900445,10000,766.866708837279,9.409390184843244e-05,4,1000,0.0,0.2072213356748106,7050.0,7,4,P05_UNCORRELATED_SIMILAR_WEIGHTS,50,0.1
dd3c75e3118762d6b4a26bcede794478a7839b0c81eaac4df2ea299564352b8f,1424.3107599994298,10.0,1055.1089845030192,10000,1056.2699305964284,0.0,5,1000,0.0,-0.1100309172285172,13272.0,9,0,P05_UNCORRELATED_SIMILAR_WEIGHTS,50,0.1
4aef34c79d69cfe91207d54e834507d007c430011cebd94319e161554c52d3b1,1918.335244408196,10.0,1533.091944901562,10000,1533.3056338900374,0.0,4,1000,0.0,-0.0139384326677803,10281.0,17,0,P05_UNCORRELATED_SIMILAR_WEIGHTS,50,0.1
d548d1c1fa45c5e036864b54948349532ca36548885cb211e20a01072a9f7bd1,2390.673550912837,10.0,1656.8039496962451,10000,1658.3143102862862,0.0,2,1000,0.0,-0.091161093038072,2933.0,3,0,P05_UNCORRELATED_SIMILAR_WEIGHTS,50,0.1
7a1939c38b2d4e33ce6f2cf58fc5a36a2ab22d3da142f63525d220e9e1a28b60,2847.218400335525,10.0,1894.0598449954337,10000,1895.0132264478057,0.0,2,1000,0.0,-0.0503353394503796,2940.0,6,0,P05_UNCORRELATED_SIMILAR_WEIGHTS,50,0.1
7dce22c28caed9117537dd7d7f3675bf1278f9fa0cc20649daf8a1b2b0e9afa3,3325.97839258714,10.0,2075.4616979495527,10000,2079.114578868633,0.0,4,1000,0.0,-0.1760032923127286,8287.0,5,0,P05_UNCORRELATED_SIMILAR_WEIGHTS,50,0.1
692b2b1533988d47136b68135625b444289b3c348aa8ddf7ad4148dacceab08f,3826.0730922284633,10.0,2141.737906457874,10000,2142.6779373920763,0.0,3,1000,0.0,-0.0438910350032939,10994.0,11,0,P05_UNCORRELATED_SIMILAR_WEIGHTS,50,0.1
533103360cf16668c9bc3e8c8d8f75f75c6d49610bfe2d7d25109d5108909927,4277.700648372551,10.0,2396.389744909705,10000,2396.785251358224,0.0,4,1000,0.0,-0.0165042622703209,12019.0,12,0,P05_UNCORRELATED_SIMILAR_WEIGHTS,50,0.1
5b4f97709eb553e4901270e93f26628e1d16b9cc465a912c5d9095a2790dab2d,4787.984150178386,10.0,2443.357427264189,10000,2447.3950406581453,0.0,2,1000,0.0,-0.165248577588467,2916.0,5,0,P05_UNCORRELATED_SIMILAR_WEIGHTS,50,0.1
96ae35002ffcf73f397e9003221ac794838cac1d6cacabe7150b4df91a56fba3,477.191346271298,10.0,372.5895425927552,10000,373.6979241189059,0.0,105,1000,0.0,-0.2974805783430802,67801.0,917,404,P05_UNCORRELATED_SIMILAR_WEIGHTS,50,0.2
758b2890f430988e810ead95f5a464ba11a6d5717385a964b8298ae279e26388,949.221918839448,10.0,721.8498516766115,10000,720.6548966519937,0.0,7,1000,0.0,0.1655406622086745,11191.0,31,1,P05_UNCORRELATED_SIMILAR_WEIGHTS,50,0.2
5442b087382a6f10ecd44a00661eb0ff960235eec24352607192d9162b8da8f5,1424.3107599994298,10.0,991.2114045205884,10000,992.4918005080854,7.950577769777566e-05,12,1000,0.0,-0.1291748643788393,15470.0,595,322,P05_UNCORRELATED_SIMILAR_WEIGHTS,50,0.2
f5cd4c0c7669ed0067d47dd74ba931974ca0449ba5b69c1742ab68937a93b7d7,1918.335244408196,10.0,1488.4438804474971,10000,1492.0528649395992,0.0,12,1000,0.0,-0.2424669508545427,14099.0,117,72,P05_UNCORRELATED_SIMILAR_WEIGHTS,50,0.2
dfc03bf53858ae39d3bc91eebec6ebb638645401f37e75fde6606b7492a72dff,2390.673550912837,10.0,1597.6131945213888,10000,1601.0742086767789,0.0,4,1000,0.0,-0.2166365530316585,5609.0,7,1,P05_UNCORRELATED_SIMILAR_WEIGHTS,50,0.2
c1e42ae9013e8b423aff3790382f648a8b3c8f1ff9318a3fe23ee6b1035d1e84,2847.218400335525,10.0,1840.830646488698,10000,1843.4616573485391,0.0,16,1000,0.0,-0.142925198733499,19865.0,205,113,P05_UNCORRELATED_SIMILAR_WEIGHTS,50,0.2
c71ce905d357d54b81ecf053b09bb1ff3fef305255137f707ced453ff189afaf,3325.97839258714,10.0,2030.99543162494,10000,2039.240405700165,0.0,5,1000,0.0,-0.4059572930022868,8804.0,20,4,P05_UNCORRELATED_SIMILAR_WEIGHTS,50,0.2
750bf02467a262bbc6e65760ff87096a98ff68c67d1fe9ab82e4459ef328d67c,3826.0730922284633,10.0,2093.2796815057736,10000,2094.6631068486727,0.0,3,1000,0.0,-0.0660888917578321,4185.0,5,0,P05_UNCORRELATED_SIMILAR_WEIGHTS,50,0.2
3dbb92e6372dc602e162e76ca088114b0e8c4169088deaecda183d7ad973aa7a,4277.700648372551,10.0,2369.3472693818776,10000,2369.2649367919653,0.0,4,1000,0.0,0.003474905978379,7546.0,9,0,P05_UNCORRELATED_SIMILAR_WEIGHTS,50,0.2
b9c15cbdfba2be4f468efee0fe7703e49955405c425cb9055a05bf4425da725c,4787.984150178386,10.0,2417.7655142974377,10000,2420.2774516668646,0.0,4,1000,0.0,-0.103894995382002,6808.0,20,13,P05_UNCORRELATED_SIMILAR_WEIGHTS,50,0.2
00015f2340a0c0188958c47b959f2d08c226e17044c7f22115be9acd69e4e407,112.63131849856067,10.0,112.2474170757886,10000,112.29054381660316,0.0,55,1000,0.0,-0.0384211431657606,14433.0,1425,633,P05_PROFIT_CEILING,25,0.1
c969c041da1a5bec78acc5758bcb0c1efea6f82b66ff33ae5647e21858cc135e,232.2169282654879,10.0,233.70097007140924,10000,233.60013170487468,2.3526837803796297e-05,119,1000,0.0,0.0431484586922118,26458.0,2754,1497,P05_PROFIT_CEILING,25,0.1
3386dd42c037381ea5694b79d1909abca184ad387c4651e01fe1925a9e0fd720,300.9566867083967,10.0,305.6484768750279,10000,305.801097446958,0.0,46,1000,0.0,-0.049933365770552,12245.0,928,568,P05_PROFIT_CEILING,25,0.1
6ec68d391e496d83a8393eef4a75a691507617bb3779aa8ac38578278e313800,520.5735598916084,10.0,519.4550307089044,10000,520.3152704629998,9.678609951949046e-05,379,1000,0.0,-0.1656042781839043,68588.0,14816,5773,P05_PROFIT_CEILING,25,0.1
04712adeed20d7230a8b0af99566d13e85ff1d55c09e6a16880cd7cf675aca61,464.7722271921675,10.0,468.5505015639315,10000,468.9305611727208,5.48965345893977e-05,197,1000,0.0,-0.0811139050157394,40045.0,5985,2829,P05_PROFIT_CEILING,25,0.1
1a40997ec8179deb83eeabdd0fdbbfc04661f816f43464b8ae4147f2da428464,661.4370441737321,10.0,660.2301498557409,10000,662.0878672243821,9.398937931093066e-05,322,1000,0.0,-0.2813742100458536,59184.0,13577,5716,P05_PROFIT_CEILING,25,0.1
1c62ce6eec1f25e43fa5865379fe7a01339c1a46c800c7a750eeeed1d4ab9e28,822.4512923072126,10.0,818.973531874338,10000,819.2515043644594,9.827334383653444e-05,436,1000,0.0,-0.0339415718948997,77558.0,16476,6778,P05_PROFIT_CEILING,25,0.1
58099548052387bf2c10454190554a667e5787f4597112227509df5c468342d8,1016.0004901594976,10.0,1003.731746467962,10000,1004.754617794691,9.704067828485392e-05,323,1000,0.0,-0.1019068421745585,60387.0,20573,8172,P05_PROFIT_CEILING,25,0.1
1b14885ed14ba2de50aa0e47f36b3aabdcd3dcda1b555ca6baf1d330face078b,928.6541312738166,10.0,917.6799166417632,10000,919.1063317903482,8.000105267221434e-05,97,1000,0.0,-0.1554371107744094,22480.0,1753,887,P05_PROFIT_CEILING,25,0.1
0c7f43808ff405c21c3fffedfc23c58a07f037f31ec3114a217277c5df8fabbd,1015.8717017981576,10.0,1007.8262801741248,10000,1011.3414863649195,2.588437898244091e-05,28,1000,0.0,-0.3487908838999157,7191.0,678,272,P05_PROFIT_CEILING,25,0.1
70c9e44d59a9d3e9799508373c348a384604b8b33400cfecfa23e3e79e1c7a21,112.63131849856067,10.0,102.68078509264603,10000,102.62578529215756,9.5976378203987e-05,103,1000,0.0,0.0535638682922648,23531.0,1585,652,P05_PROFIT_CEILING,25,0.2
85555a6630d590daf53a0073ddbd4a86d9dc29817e5e2a4325e98c6866ccbbdf,232.2169282654879,10.0,218.3844119527116,10000,218.60504522383133,0.0,175,1000,0.0,-0.1010297709195203,36348.0,3708,1670,P05_PROFIT_CEILING,25,0.2
43f0f6c1318574df9c35b88c24baf9a11fc3b56885072cf8b63c9952168be681,300.9566867083967,10.0,288.96781972576935,10000,289.21037652295064,9.303184550612935e-05,73,1000,0.0,-0.0839390342535305,16169.0,1299,772,P05_PROFIT_CEILING,25,0.2
277b3d31fb6f8e533f671ba6101ac64b01ac7caf5f6a1f60d4dc196278d2d592,520.5735598916084,10.0,489.0580938771713,10000,492.0447037290638,9.963264661863712e-05,828,1000,0.0,-0.6106861105631102,135812.0,29769,11140,P05_PROFIT_CEILING,25,0.2
fcb8caf4aa361cb6641b9cb3fb8bf4b6364fd0c7829653009cfb8c2b09066095,464.7722271921675,10.0,445.6305640987294,10000,446.0654962960186,6.428027643060471e-05,205,1000,0.0,-0.0975992744503105,42014.0,5779,2506,P05_PROFIT_CEILING,25,0.2
4b2c9657cc5170ad233b0339e01a2af74d0c2f7ab4faa8f6525582cb8726b1a5,661.4370441737321,10.0,627.9028688861941,10000,629.9792231085058,9.443767425775666e-05,669,1000,0.0,-0.3306807987666683,111589.0,18519,7401,P05_PROFIT_CEILING,25,0.2
1957730fe29cae0ebb3b5aaa42b4613ac51cc8bd1137a3f9cfe43dc4db64683f,822.4512923072126,10.0,778.4388675655609,10000,781.5244623294642,9.850840228163328e-05,1067,1000,0.0,-0.3963824126039528,171662.0,42221,15623,P05_PROFIT_CEILING,25,0.2
e9b2243aa93167bd26c00d74dd4d8d93996038fcb16ff0ef3a2521114564e94b,1016.0004901594976,10.0,962.3099277709438,10000,964.7479698047304,9.783203270329284e-05,633,1000,0.0,-0.2533531000177843,107218.0,51163,16474,P05_PROFIT_CEILING,25,0.2
61fb4ac284988ab3ad7f0044efeeb4bf7ba3ead4edee7fbfa53179898f98156f,928.6541312738166,10.0,876.7347301875737,10000,881.6720221604909,9.024374087410916e-05,84,1000,0.0,-0.5631454763815303,19679.0,1896,914,P05_PROFIT_CEILING,25,0.2
c84558ece03d06855f8bc58c5a13e3f81144a713a0c07562a7908d20340a0d85,1015.8717017981576,10.0,965.2882992047444,10000,969.5020407604808,7.758561074232365e-05,60,1000,0.0,-0.4365267412034113,13795.0,980,535,P05_PROFIT_CEILING,25,0.2
9dc61a1ba4f0b1af3a2af0f042130909640ded24b51a49cb0031b1d1675cde82,228.73978263130465,10.0,238.685253079005,10000,238.96866273833697,7.3386096272512e-05,174,1000,0.0,-0.1187378171361751,144280.0,12926,6569,P05_PROFIT_CEILING,50,0.1
c8a30dda9ede2033b12f16891e001d0edf0ee417433bde11c2d8372b2fe44650,460.92457108473536,10.0,479.3045396067192,10000,480.0256327755512,9.87317416984515e-05,342,1000,0.0,-0.1504457206734607,284101.0,16363,8210,P05_PROFIT_CEILING,50,0.1
d78b0fa024dbe599954d0466ffdc74eb6f68981d7dbd5885e6cd1bcaa3c39845,609.5818584021666,10.0,631.2317853848007,10000,631.9244491224442,0.0093290943299382,809,1000,0.0,-0.109732075234663,602501.0,48247,16811,P05_PROFIT_CEILING,50,0.1
49955a2a0b1979fed6adc4b5395af5ffbf77504e36453ce1712fcf5f79e84b4a,977.9724121124416,10.0,990.5216775838492,10000,992.353596149196,0.0068805570876222,806,1000,0.0,-0.1849448231981583,600062.0,91092,23511,P05_PROFIT_CEILING,50,0.1
9e051383ee8b5403732c77bdd0449a07e100412da490f7db618e09c1620bc6be,1023.8548127178656,10.0,1042.022971504872,10000,1044.286192450053,0.0046505838256901,808,1000,0.0,-0.2171949186410489,602482.0,70040,21370,P05_PROFIT_CEILING,50,0.1
c8f677b0618e67570c9e3bd26ae359801995a7b88d6cabb31374a0baecabd9bd,1346.5607762953744,10.0,1352.939243103275,10000,1358.582967623629,0.0067387968971762,807,1000,0.0,-0.4171454519575342,600868.0,51897,15398,P05_PROFIT_CEILING,50,0.1
fd5ad1fde4d88557e064e9b6ac97b6357628ebb0d2b6ab3acdae2366cfd9e6c6,1766.9762911901714,10.0,1762.7144318026938,10000,1768.7741363217638,0.0064459809753747,809,1000,0.0,-0.3437711979740739,602613.0,65022,14891,P05_PROFIT_CEILING,50,0.1
3b877ca09dc623080c499201e0f10e331b776a34cb6b6dd3462c30b4259e351c,2013.6144227007449,10.0,2004.2280435944745,10000,2010.9810363594115,0.0045240007119075,806,1000,0.0,-0.3369373453544705,600881.0,55587,15850,P05_PROFIT_CEILING,50,0.1
601d102e80fe17de33d36c2c69310fdd538b2210150e570336a582fbb7121fde,2142.711768175847,10.0,2148.0395850366544,10000,2153.134389764787,9.993560764045508e-05,566,1000,0.0,-0.2371839310422074,440253.0,60517,22511,P05_PROFIT_CEILING,50,0.1
f155e6f81436acf10a399c6c9a8dfef85fb6dbb2775120801141107d30dee3c6,2239.269153020637,10.0,2245.1463539534498,10000,2248.158479593692,9.994641789240476e-05,366,1000,0.0,-0.1341616609954251,300582.0,16618,7547,P05_PROFIT_CEILING,50,0.1
e6279ed14fc4884ff3a408709e4e8467fa71091fddf6c1bdfc3b9cef6c74b53f,228.73978263130465,10.0,224.009871071699,10000,225.8362748256573,0.0089664861848999,720,1000,0.0,-0.8153228896657588,603990.0,42995,13960,P05_PROFIT_CEILING,50,0.2
4e22d22450eebb5fa315cea54d1f56dcd7c84a1845d0ed20c280e33a05d62f0d,460.92457108473536,10.0,457.65539243910666,10000,459.68976252721,0.0072446721775644,723,1000,0.0,-0.4445200737745108,600826.0,49199,15465,P05_PROFIT_CEILING,50,0.2
8a9f594d2fd7c5021c8e9e4c06f4e18dc3dc67c515a5ef43805206a9471ae91e,609.5818584021666,10.0,602.812187616939,10000,605.3447828486441,0.0294464663515583,728,1000,0.0,-0.4201300643434236,600008.0,28549,8610,P05_PROFIT_CEILING,50,0.2
61ead32bca9584db75aef65e31ebd674bd4be120a011a09f5259779bbd42e78d,977.9724121124416,10.0,946.115463647423,10000,951.552549338461,0.0312124366731476,725,1000,0.0,-0.5746746459546438,603911.0,39859,7106,P05_PROFIT_CEILING,50,0.2
5e3975eeca3b07f296bb430386450bdf5d8a3c4b27459bee53eadcd1040ae3c1,1023.8548127178656,10.0,1001.1019600981668,10000,1007.0513326269916,0.0193960680335771,722,1000,0.0,-0.5942823774155382,602315.0,37493,9100,P05_PROFIT_CEILING,50,0.2
507dee74162b1cfcedbb8af2d52c47ee27cfde9f191f7ddba41a5410c5cf6e1e,1346.5607762953744,10.0,1302.8007358100083,10000,1312.1897238260813,0.0194942678276449,717,1000,0.0,-0.7206772116409036,600807.0,37841,7956,P05_PROFIT_CEILING,50,0.2
eb6fb8caa801a7c4565f06bce5560a3af98ea2fedb7665767d5563e1496fd9f9,1766.9762911901714,10.0,1694.5695607402288,10000,1709.3199226417123,0.0183449063809657,727,1000,0.0,-0.8704488882144469,605410.0,33815,6930,P05_PROFIT_CEILING,50,0.2
e23c79df3cd9e0cf6e3f1b3cc8b60d3d92830445a2788e140e10b7b0bfb3bf72,2013.6144227007449,10.0,1933.984255799205,10000,1947.4134399801792,0.0130421975768022,722,1000,0.0,-0.694379188491612,603912.0,37895,8316,P05_PROFIT_CEILING,50,0.2
780b7bf3912568ec550c9996d7ce80e6480786f56b7bb9a0c6a524ab2a0865f4,2142.711768175847,10.0,2078.4429721551937,10000,2087.245286074932,0.006396652667117,723,1000,0.0,-0.4235051929575495,603081.0,34112,11439,P05_PROFIT_CEILING,50,0.2
8a3b3abd0235c43fc65f9376e84655da74879a1645780cf0be4873af680ce47f,2239.269153020637,10.0,2172.7443141183885,10000,2182.921057129678,9.997632052552692e-05,645,1000,0.0,-0.4683819879385511,538599.0,41861,16710,P05_PROFIT_CEILING,50,0.2
2a42588830549bd443f01bbab32e845d710be0673875d73a7b5544886ee81f25,112.63131849856067,10.0,320.6252567205031,10000,321.22878952107897,0.0,2,1000,0.0,-0.1882362003383836,604.0,4,0,P05_CIRCLE_INSTANCES,25,0.1
7f077d72ca7597b577549b890e843d64052a8ce939482115692bb490e1f3c173,232.2169282654879,10.0,545.3774059703438,10000,545.0931653272611,0.0,12,1000,0.0,0.0521181552391255,6354.0,212,107,P05_CIRCLE_INSTANCES,25,0.1
eb23bd58e55587589ec9308f33caa16a488214714769c59eae4ed9459f2f638b,300.9566867083967,10.0,795.3036125012684,10000,794.1024417586863,0.0,2,1000,0.0,0.1510329795691963,2878.0,6,2,P05_CIRCLE_INSTANCES,25,0.1
f726026318065ccf879e94d261bd542fc9de89e9f45d82f651c0524500ae52e0,520.5735598916084,10.0,1005.1276833578268,10000,1005.1223967754318,0.0,16,1000,0.0,0.000525961276615185,8132.0,51,12,P05_CIRCLE_INSTANCES,25,0.1
41884638c854d66adef719517fdfc3b87937add0f6f9e7232e752a8ecd172744,464.7722271921675,10.0,1060.906321941842,10000,1061.1180022701055,0.0,2,1000,0.0,-0.0199527822471762,2900.0,17,1,P05_CIRCLE_INSTANCES,25,0.1
d0e60170db1ed99dc261b0e789d366b4384480fef044c9e909e0414d38ceb76e,661.4370441737321,10.0,1253.169371582139,10000,1254.0110439598343,0.0,29,1000,0.0,-0.0671634973517254,12563.0,624,236,P05_CIRCLE_INSTANCES,25,0.1
40ffec443270e87c36eb5a1934ae4116b0507c471ee3db4dd9fc81f89d05e9fc,822.4512923072126,10.0,1443.237923691163,10000,1443.3490257339993,0.0,37,1000,0.0,-0.0076981099936879,14546.0,420,151,P05_CIRCLE_INSTANCES,25,0.1
9432c23f5685c9ed178d2eacb0e50f7dc206dddb205548837e66b3d396fc23c3,1016.0004901594976,10.0,1702.286943260821,10000,1702.5021817169463,0.0,22,1000,0.0,-0.0126440760752669,10909.0,142,49,P05_CIRCLE_INSTANCES,25,0.1
0aecfbf6b6700cc0f6a1643c5c57291b1c53b85e87e3c1f2177545708f400cb9,928.6541312738166,10.0,1623.593445001451,10000,1623.4376019993233,0.0,33,1000,0.0,0.0095986469154307,13406.0,327,109,P05_CIRCLE_INSTANCES,25,0.1
c3ac606fa8b2b18f04302ef2c5a9838cda8be4689cb3f58e6ad687f836ed94d8,1015.8717017981576,10.0,1760.4812056873202,10000,1760.6924411809823,6.726964838567426e-05,18,1000,0.0,-0.0119987360830498,9827.0,137,66,P05_CIRCLE_INSTANCES,25,0.1
f5833d39cfc41bfa230ad9bb4a09ff238e73a65b4bfbb72ad4cc39102ce10ade,112.63131849856067,10.0,303.1997377415469,10000,304.40437798396886,0.0,2,1000,0.0,-0.3973091307383611,1316.0,9,0,P05_CIRCLE_INSTANCES,25,0.2
e6d9eec3c6aac87898b55f8373e38f2baea52e27ccc26ba4fec583102c7bc1e4,232.2169282654879,10.0,528.1123247408739,10000,528.7472327784546,0.0,26,1000,0.0,-0.1202221587788731,10701.0,201,70,P05_CIRCLE_INSTANCES,25,0.2
123fb8bdc7fa12136cbdb020142e640449664803e00e7cf89fed7ecb0586863a,300.9566867083967,10.0,758.5747894293471,10000,757.5909373375003,0.0,21,1000,0.0,0.1296974412485918,8456.0,120,57,P05_CIRCLE_INSTANCES,25,0.2
0bd008c0a1f83fe84005857db972df1b418770943a6ae57a038360fd30108790,520.5735598916084,10.0,982.5118546626788,10000,978.1078051723634,0.0,10,1000,0.0,0.4482439035636175,5722.0,35,18,P05_CIRCLE_INSTANCES,25,0.2
8d0d8822c0d9b9352e15ed9bbaf4799a1eaefd3be4f3283aa7abb8f9b9ae3b65,464.7722271921675,10.0,1036.1943015820505,10000,1037.3323554092294,0.0,1,1000,0.0,-0.1098301568963848,383.0,3,0,P05_CIRCLE_INSTANCES,25,0.2
257ea30bd6abf858ddaf2b309207fe54fa37b4cff199666dbc6275f9f660fb60,661.4370441737321,10.0,1230.393545871796,10000,1232.3499276729883,0.0,25,1000,0.0,-0.1590045565304308,11829.0,274,87,P05_CIRCLE_INSTANCES,25,0.2
03ef5cbb29abd8e00a0e1c3266dfa5020d4e58fb7f1538d21a9a3f0c4e965929,822.4512923072126,10.0,1413.137772666052,10000,1415.2916201602168,0.0,10,1000,0.0,-0.1524159594220883,4824.0,19,10,P05_CIRCLE_INSTANCES,25,0.2
2752c92e70c03bb9044f37490247d9e707747aafb68e9e4bde570568aea54921,1016.0004901594976,10.0,1671.2185829808225,10000,1671.6601938566532,0.0,7,1000,0.0,-0.026424483327793,3501.0,18,7,P05_CIRCLE_INSTANCES,25,0.2
a6e953d344d69bfd6f2c07365793972dacd4e16263d4d2f0150773d3ddfabbd0,928.6541312738166,10.0,1597.132134727418,10000,1594.581019404167,0.0,14,1000,0.0,0.1597310120922851,7038.0,39,23,P05_CIRCLE_INSTANCES,25,0.2
1260e182d02d83b4649fa184e38e7ed8fcbf0df5f3877de91d6c96994715ea18,1015.8717017981576,10.0,1729.8202055329684,10000,1730.876812597722,0.0,17,1000,0.0,-0.0610819009613753,9358.0,186,62,P05_CIRCLE_INSTANCES,25,0.2
0fa0153b55073bce2e8d22cc0215572ba561aea5d246773c8a3cbc5ba934009a,228.73978263130465,10.0,646.1203657863445,10000,646.62091956709,8.256524143846058e-05,16,1000,0.0,-0.0774706706754848,16444.0,1186,790,P05_CIRCLE_INSTANCES,50,0.1
0e47661dbccb968a3b1dc14f598d105b570119e81d57549705c6df7c6bb56b84,460.92457108473536,10.0,1223.0213840764457,10000,1223.9017456594147,3.672057268744607e-05,39,1000,0.0,-0.0719825175938229,33398.0,701,295,P05_CIRCLE_INSTANCES,50,0.1
fad3f5e3360c6de2f927eaba6001a85fd97a867e62b8da354151110add250a0d,609.5818584021666,10.0,1553.8423037286086,10000,1554.186987711303,0.0,5,1000,0.0,-0.0221826875138598,5873.0,13,5,P05_CIRCLE_INSTANCES,50,0.1
c4c4ccafe5616dfdcd49104c81393ebf791010ff1ee3fa7685eac313ba17ef71,977.9724121124416,10.0,1932.2433536452595,10000,1931.1739586285453,0.0,3,1000,0.0,0.0553447377472686,3610.0,33,23,P05_CIRCLE_INSTANCES,50,0.1
0bdd87f2049f03bb3f8f620cd589b5897a8d9e7ca47105b83a2079d6711a6116,1023.8548127178656,10.0,2214.0113454778,10000,2216.097928485929,6.374697817379048e-05,3,1000,0.0,-0.0942444587012477,2792.0,4,0,P05_CIRCLE_INSTANCES,50,0.1
2cd98513e06ed4e2c99f4ec17ed168114797998c13ae52ed75818e90f89b5ba1,1346.5607762953744,10.0,2549.967216967055,10000,2551.014568313789,9.966687392496464e-05,66,1000,0.0,-0.0410731298726196,49602.0,34908,19322,P05_CIRCLE_INSTANCES,50,0.1
a01f57a35d1259ac2764ea415004a1d43c7fd84f39e0e732fc21c25974043cc5,1766.9762911901714,10.0,2959.9976139030905,10000,2963.2211997077184,9.891089447926698e-05,714,1000,0.0,-0.1089050136218593,426224.0,244545,97828,P05_CIRCLE_INSTANCES,50,0.1
ef3538f16880f03d1c9e169f1036fd509d01060762d8ca2e7fd06d0ffa8d3984,2013.6144227007449,10.0,3289.4900174574377,10000,3292.931819219473,9.983186149404272e-05,141,1000,0.0,-0.1046302540445273,103840.0,367743,170506,P05_CIRCLE_INSTANCES,50,0.1
d9ab63999d3303b4eef4c5d8b030d3b4f44179dcf0d754e859bd01b6eafb60f9,2142.711768175847,10.0,3596.549759110448,10000,3599.844230994867,9.112509789619489e-05,55,1000,0.0,-0.0916008982240124,44528.0,4861,2327,P05_CIRCLE_INSTANCES,50,0.1
f01dd08c3e8e3088978a26285f5546f96d3055218178dfca54d0550aed6c04f2,2239.269153020637,10.0,3745.566176512356,10000,3748.160624840099,0.0,20,1000,0.0,-0.0692671870013337,19916.0,215,107,P05_CIRCLE_INSTANCES,50,0.1
bfbf19cadd90d2fdb8c684db871b81dcaba457ce7353e2daaa88e2202eb0710b,228.73978263130465,10.0,628.9240541387383,10000,630.2349787276211,9.725920032778496e-05,71,1000,0.0,-0.2084392511712754,66046.0,953,369,P05_CIRCLE_INSTANCES,50,0.2
8fc8469e77194fa382fa1d9e848dbc7f427bc013f43604ac6ca43935c6814d15,460.92457108473536,10.0,1202.904699450068,10000,1203.811876624048,1.339821746562348e-05,39,1000,0.0,-0.0754155482470682,41545.0,438,175,P05_CIRCLE_INSTANCES,50,0.2
cadcef25089b80811fce73a90fb3c794e743e1a3bbd44fb66c40a09f06756332,609.5818584021666,10.0,1517.2513781560365,10000,1517.3117420219164,8.373999309894896e-05,2,1000,0.0,-0.0039785013049912,3222.0,10,0,P05_CIRCLE_INSTANCES,50,0.2
a60eeefe5e6a87bd855a847e3e2617ab98adf64504a619a31bf49ce0dcf9ac7b,977.9724121124416,10.0,1862.81957446144,10000,1868.059810845184,0.003154204131865,967,1000,0.0,-0.2813067060055391,600018.0,72886,28314,P05_CIRCLE_INSTANCES,50,0.2
f95006f310ab45e2b8b4a2af6c4111bfffc87cc9e0bef3864d272a3c086626c9,1023.8548127178656,10.0,2147.007029345212,10000,2153.171529891266,9.23543926457719e-05,11,1000,0.0,-0.2871206503657394,13799.0,4937,2807,P05_CIRCLE_INSTANCES,50,0.2
5b9f5dff14e18ba6f5c0b47200441fe6492d4b74bec7b3c0c7d59d0c9da6663e,1346.5607762953744,10.0,2508.0858689327283,10000,2512.249216518813,9.252664886770664e-05,59,1000,0.0,-0.1659970114123762,58178.0,2183,1143,P05_CIRCLE_INSTANCES,50,0.2
f3b213a725a79948cb1a939cf3ad1925c35551acb57fed5feb49bef90619ab53,1766.9762911901714,10.0,2911.495931089124,10000,2919.270832687566,8.616233359240162e-05,72,1000,0.0,-0.2670414722349764,69069.0,1114,450,P05_CIRCLE_INSTANCES,50,0.2
9b2e1d6b07363120dbef8df9125a0083796c37aaaa518a785b2088ca10cf484d,2013.6144227007449,10.0,3240.060239111184,10000,3247.453793428393,9.196224951027328e-05,99,1000,0.0,-0.2281918782855067,85881.0,2888,1105,P05_CIRCLE_INSTANCES,50,0.2
5f747a2d7246586fef5e1590247c2539b9823cca4203414b7cca64d7fb01b686,2142.711768175847,10.0,3547.28435481558,10000,3552.476092489267,7.70049763576752e-05,8,1000,0.0,-0.1463580912716905,12177.0,17,6,P05_CIRCLE_INSTANCES,50,0.2
0b6179e6c605dd0d319c371f383f3f6d54fbdfb9c8c9859d450f50e1fb60fe7e,2239.269153020637,10.0,3661.2396500374552,10000,3670.07863840644,0.0,8,1000,0.0,-0.2414206447505908,11028.0,647,422,P05_CIRCLE_INSTANCES,50,0.2
