instanceID, capacity, shortageCost, simulatedSolutionMean, simulatedSolutionStd, simulationRuns, piecewiseSamples, evp, evwpi,evwpi_obj_2_n,instance,n_items,coeff_of_var
4e874db838b2b1503b77b779ed2431389631bd1a3ad8c9703712b7acb89c7892,116.10846413274392,10.0,357.7333748392893,8.140287416591573,100,500,359.9688037995974,367.15826691611886,367.1582669161314,P05_UNCORRELATED,25,0.1
507414eb2416c2d5891927f3b1073c69004cfd02c4c37ef0003df6db2b6e5381,260.2867799458042,10.0,513.631676987027,12.64040322889721,100,500,513.9592360222064,524.6994002750542,524.6994002750542,P05_UNCORRELATED,25,0.1
f852fb9b5ae27285e39cdcd00095f0018b103784dd216e5205cb955ed0014cd8,330.7185220868661,10.0,593.4834672152833,13.646739158363062,100,500,595.3612523496013,598.1600843926336,598.1600843926375,P05_UNCORRELATED,25,0.1
dc21753c31e542107e4444c0be1ea4ae7092063f5056aeeb3d46eb8ce3141b03,508.0002450797488,10.0,825.3726934463167,18.80330117911251,100,500,830.5764717741185,838.5490294732763,838.5490294732763,P05_UNCORRELATED,25,0.1
a84243543635e17a497faa3b1a4980f36a541fca7ef8496aa827a29095cfc491,507.9358508990788,10.0,920.3567205543036,6.870877586554434,100,500,920.1475527555896,925.6663213100863,925.6663213100863,P05_UNCORRELATED,25,0.1
e552d659d73c3f587900c92382d4b5ba81978c2a70964d078b790829413c75b0,677.2632613258763,10.0,1033.3199664393094,15.37724503323769,100,500,1031.0391863100583,1040.972814631616,1040.972814631616,P05_UNCORRELATED,25,0.1
a386fe46da9e63567778d86d13ea5ee7d52ed4ce3e2576d597f038fef4c20e95,858.9901041571254,10.0,1218.7734226778382,24.244799995104657,100,500,1225.41997705711,1227.2862628066036,1227.286262806604,P05_UNCORRELATED,25,0.1
a277142647130d1c9c19615cd4082580218587d432e5560fe46d1c00e2d51bba,997.9619811631276,10.0,1331.15581164823,7.614367153697557,100,500,1331.614932768025,1335.17690555585,1335.17690555585,P05_UNCORRELATED,25,0.1
9a6bc20a13766bc1a72d503e4797338615e4cf3f57304dfb0cc989c923a519f6,1064.6533536483,10.0,1271.1285759972384,11.338501378576684,100,500,1273.1409543269126,1273.5873466660478,1273.5873466660478,P05_UNCORRELATED,25,0.1
74efa1cd9dd8efb4d094bdb9d123d2ca7e54938e7bb4b5db69231f3ffaa73daa,1133.3468785043312,10.0,1202.2359971975618,8.017561395159037,100,500,1204.6297938809726,1204.75516450875,1204.7551645087503,P05_UNCORRELATED,25,0.1
45c89ce31a4f646b9b25ede3b3fc1490fbdcd7b5b29aea4ccf680822baf4a204,116.10846413274392,10.0,354.33759615911185,21.96609192454873,100,500,359.9688037995974,378.5744179750543,378.5744179750716,P05_UNCORRELATED,25,0.2
051ad9056b44ce091318dcdc16f33154481ce2aeba4da0d471d601a0276a6b14,260.2867799458042,10.0,515.1828284095885,22.878417308344208,100,500,513.9592360222064,539.4437867505928,539.4437867505798,P05_UNCORRELATED,25,0.2
b43839f1afe14c390c52b85e5e6370036f75974083e21b70570b2fca122ab84c,330.7185220868661,10.0,583.8404939881567,35.65473199379809,100,500,595.3612523496013,603.0438593825122,603.0438593818194,P05_UNCORRELATED,25,0.2
796fd66b6245be213b7f8c199ced59aa324206f7ba628d3cf7295896b27c62c8,508.0002450797488,10.0,817.1952267362688,44.24433189594901,100,500,830.5764717741185,850.9652323967744,850.9652323967742,P05_UNCORRELATED,25,0.2
e418aed20642de361b1a7c399764bf1791cfd32f713f36f8a532a8198cb2807f,507.9358508990788,10.0,913.7551551491996,25.798037532832836,100,500,920.1475527555896,928.5722785205876,928.5722785205876,P05_UNCORRELATED,25,0.2
e7ae6b66f9f21e971ec6c1d45f5d4130535c844b82c67ebf1c2aa08c7cf39338,677.2632613258763,10.0,1029.9687926681345,22.025463974628448,100,500,1031.0391863100583,1045.2244125434263,1045.2244125434263,P05_UNCORRELATED,25,0.2
22228b00de9fbd71d06f17a4d3f6786f03b3c606a977c2518e38b0c6dd586d4c,858.9901041571254,10.0,1202.9183665358864,48.437221580877626,100,500,1225.41997705711,1234.0609330774846,1234.0609330774848,P05_UNCORRELATED,25,0.2
2f3b578d53c7e87cd100a69691dafdc070e68310f3b685daf4975634c4400a2d,997.9619811631276,10.0,1328.2986185082823,20.665246358259104,100,500,1331.614932768025,1337.4584034538775,1337.4584034538775,P05_UNCORRELATED,25,0.2
d49ef2db97e681a306de25d93ac9454f217e80c4447b3a80426cbcce05570d84,1064.6533536483,10.0,1267.822174365241,13.479250387300835,100,500,1273.1409543269126,1273.2967340281675,1273.2967340281675,P05_UNCORRELATED,25,0.2
2f55a03f281ef8e34b22852d65d57ef3b8feaec6cfe59a3a94695443f865eb3b,1133.3468785043312,10.0,1199.806827318182,10.6816243396868,100,500,1204.6297938809726,1204.988846508531,1204.988846508531,P05_UNCORRELATED,25,0.2
ee154886c6b594ce5247bec2e1034c890f92635c7a4a5ea6712ffa8259097205,112.63131849856067,10.0,562.7450656862745,18.16398940617313,100,500,570.8835511370047,569.0510163706105,569.0510163706825,P05_WEAKLY_CORRELATED,25,0.1
4f7efbc8ecc0583149cd29808be45dc71f4c303f25021ae8388c6e19f3e28513,200.63779113893116,10.0,1219.4311830830704,10.987460062688095,100,500,1225.478823326434,1224.4714372669569,1224.4714372669569,P05_WEAKLY_CORRELATED,25,0.1
de9c10cd6b89d93e64cc61d7d91191019f38c25f9ac73e8edbbe9dc57b89e5f7,278.8633363153005,10.0,1330.7424081343645,21.831045131674617,100,500,1332.2701470698676,1345.659693844054,1345.659693844054,P05_WEAKLY_CORRELATED,25,0.1
b6f6233685ba68a5759c9f7c9e4b4f0bafe7ef98fd5ba95f2513cc5c6e2f4f58,469.97216703269294,10.0,1379.1892390487756,14.628439023707818,100,500,1385.9286401446811,1387.7371664421871,1387.736611427923,P05_WEAKLY_CORRELATED,25,0.1
94c02fa0f543cab90d143321a6adc31eabd60ade17abb39f06c70f729130d10a,515.9189618187869,10.0,1595.3941823290102,17.78783682030396,100,500,1604.1020560872807,1602.8611054122084,1602.8611054122086,P05_WEAKLY_CORRELATED,25,0.1
ccad0b0830983480c7d6088bf016c262439fc6444281a7c9dbe6d1663626db85,669.2975149694981,10.0,1808.9426700143697,16.166342322968536,100,500,1818.7129892200005,1821.494114773772,1821.4941147737725,P05_WEAKLY_CORRELATED,25,0.1
117e9e14dc4459d14148f59d6860c66cb020ac64681d0c89a68ffeede0ea5abf,907.9861870330462,10.0,1879.8614359679568,33.19075142466598,100,500,1895.0847839679657,1901.1548487599573,1901.1548487599573,P05_WEAKLY_CORRELATED,25,0.1
7634ed98cde5b46cb06124c3204b30e6016d5baf4aa626cd91142af831bedb24,1015.652441537617,10.0,2029.8243249266015,34.23561161393988,100,500,2068.069731505027,2073.36924720894,2073.36924720894,P05_WEAKLY_CORRELATED,25,0.1
9d788e29f6b0887458f304c12b6afb7537f13e2209c641bee91e637af6a784ad,1078.0584145275466,10.0,2184.8358933121503,11.63619111139796,100,500,2189.7832991217556,2193.9102429823733,2193.9102429846685,P05_WEAKLY_CORRELATED,25,0.1
f4adc8dbc048cfc2a326eeac9f65ca3184e973a1e283deace7960e8c5d1cf006,1105.9222745163063,10.0,2330.317810851436,44.64671109958835,100,500,2310.170578528075,2351.369214176686,2351.3692141766865,P05_WEAKLY_CORRELATED,25,0.1
68ecaf5756f82e7c3236371c3f2891f297ed98a1e72e0be0dbf63ebfd653111e,112.63131849856067,10.0,547.1316488347131,49.74220271140597,100,500,570.8835511370047,571.8161495723718,571.8161495723718,P05_WEAKLY_CORRELATED,25,0.2
650b5f0fe9d06917af66db3327e6c74e2dcea9dd4fc8c91c31045fcbaff70644,200.63779113893116,10.0,1209.7230055937905,48.52954666759624,100,500,1225.478823326434,1234.6661604912606,1234.6661604912606,P05_WEAKLY_CORRELATED,25,0.2
ac50a39d57b9366a4369869ae45f13679de19df7ad45bacb7e4fe2ac4c63751d,278.8633363153005,10.0,1327.684097579575,47.89498731008031,100,500,1332.2701470698676,1369.4079930651244,1369.4079930651244,P05_WEAKLY_CORRELATED,25,0.2
5fae40871f22b1f41057aa1e7ef264dad49cda63c6a50b26ebadb166b22d246e,469.97216703269294,10.0,1366.7963520516594,57.47224030401036,100,500,1385.9286401446811,1413.4820530052575,1413.4817500630531,P05_WEAKLY_CORRELATED,25,0.2
3285b907bbb3c4f95994570932138d98a07034133ac310e3abe742f47d7a79c1,515.9189618187869,10.0,1570.5239631424156,47.957730620094445,100,500,1604.1020560872807,1613.4335524266603,1613.4335524266603,P05_WEAKLY_CORRELATED,25,0.2
845d02dd8746d3220daa02854719ec1dc3ff1c1cc54543ff3ee086d9de74b5eb,669.2975149694981,10.0,1795.497528699805,74.80714912997065,100,500,1818.7129892200005,1846.8073981156008,1846.8073981156008,P05_WEAKLY_CORRELATED,25,0.2
eb40743580df2bb040d39f4d63185c2fe5cb9595c20c85e9097fbdebab71a16b,907.9861870330462,10.0,1848.6968560009325,85.67686944098564,100,500,1895.0847839679657,1938.214607012815,1938.2146070103045,P05_WEAKLY_CORRELATED,25,0.2
8110c46e4142633943e0f52df34d59073e4c2a1187ea57241bfbb470840cc10f,1015.652441537617,10.0,2025.7019676978705,64.2250147121495,100,500,2068.069731505027,2097.8943159021524,2097.8943159021524,P05_WEAKLY_CORRELATED,25,0.2
392a3439e4ed773345a5af187e09003b4427ff5b8926fbc254ae1e60c8a48a51,1078.0584145275466,10.0,2163.5561348270408,77.63897213940771,100,500,2189.7832991217556,2212.8575296827626,2212.8575296827635,P05_WEAKLY_CORRELATED,25,0.2
982365cb27142b860e400fe8b8028bedda8a385b00d728b1296909f7327cf5ef,1105.9222745163063,10.0,2328.943713458312,71.84818609836701,100,500,2310.170578528075,2362.1275628715366,2362.127562871536,P05_WEAKLY_CORRELATED,25,0.2
013cd3c72dc0b53878445e4cd77fadf0a3dc310c76ab9461dbbe6db384d75cc0,112.63131849856067,10.0,162.89095834315643,12.93131893464326,100,500,169.6856433475888,175.9424049287085,175.87392860622862,P05_STRONGLY_CORRELATED,25,0.1
7de553dec6293821aa6541e5493d6b0e756f4c96c16afe49823fa6450ba19e7f,232.2169282654879,10.0,312.4970126045638,9.466499635622638,100,500,322.16906536590324,340.6176031586575,340.60049164417933,P05_STRONGLY_CORRELATED,25,0.1
f775b65ab85a72a1a52d504fd283700b050607c0d267ad48fbc19a6718dfb142,300.9566867083967,10.0,429.3416648543755,12.368705898116824,100,500,450.5824026603112,457.25862882614655,457.2401542192863,P05_STRONGLY_CORRELATED,25,0.1
7f360997aa3f996e4a5656e72a0674c0ec7c401c4a603bf32e066b893d9dafbf,520.5735598916084,10.0,646.8855644104985,20.116361010702793,100,500,660.4695326997114,693.8347877248366,693.8185367293794,P05_STRONGLY_CORRELATED,25,0.1
111833f9e3b4cba398f234175f921903313ebcdd1b0747ed5744b718da70f9be,464.7722271921675,10.0,627.6447410205574,20.399569581362034,100,500,644.0434005963681,662.5219583632748,662.510856299239,P05_STRONGLY_CORRELATED,25,0.1
78c129f6bb638c217c7e08addc645f3419f1bd36d0e4c3d833ef5f70814507cc,661.4370441737321,10.0,820.3360853867531,29.059265344594778,100,500,841.37560090216,873.7662001572561,873.7662001562604,P05_STRONGLY_CORRELATED,25,0.1
22f91eabca78db910908c6adbf0fdb1a2f465d8c3bc1e5cb80db0782dce2481f,822.4512923072126,10.0,995.009653214397,25.951152887082365,100,500,1012.2590057309422,1046.9662274541852,1046.9662274553243,P05_STRONGLY_CORRELATED,25,0.1
5a5ea11dd3df66a420c412a571dae2ee1b29a3869ed980d3799a1f881f1218f7,1016.0004901594976,10.0,1196.5175461727774,33.81518303117604,100,500,1215.895558904244,1250.420228098002,1250.3851062247827,P05_STRONGLY_CORRELATED,25,0.1
0c45e7378a69048c8b8357b55e6594cc782b95a1181a2ad4f216c35d65593a66,928.6541312738166,10.0,1122.882142743554,35.08245285471587,100,500,1148.5525801197944,1169.494163513834,1169.494163513834,P05_STRONGLY_CORRELATED,25,0.1
6ebbabe1095f759d919758b62721efc556ce42a279513f45d1f0b18cae1c5616,1015.8717017981576,10.0,1210.5854385252908,41.68967459481526,100,500,1245.8369168958343,1258.3590712691275,1258.3412545163487,P05_STRONGLY_CORRELATED,25,0.1
61f26139028e8520d0e750d97d8618299c9f984536b009d493a195c3d72dad0b,112.63131849856067,10.0,148.99686805867697,20.60906486128516,100,500,169.6856433475888,194.07695670975215,193.626292612709,P05_STRONGLY_CORRELATED,25,0.2
8e5f5fd1fa4c8408098e958e305a8fbd170823b231bce6327755e3fbc796c208,232.2169282654879,10.0,300.0759616167319,27.118548656304007,100,500,322.16906536590324,374.58886138076593,374.5158278156344,P05_STRONGLY_CORRELATED,25,0.2
05ebb47445bd0ec7310f60b986cf47a2f7dc8aa8410d3d0db2a08a15b4e3b5f6,300.9566867083967,10.0,417.4212435186991,32.52878749497787,100,500,450.5824026603112,487.8876003363898,487.8787152054836,P05_STRONGLY_CORRELATED,25,0.2
b0fb52a766e8dd876c41987cda62802fc3c07c63df9d370dba1373ced75461e1,520.5735598916084,10.0,626.9023276168061,42.530667965230585,100,500,660.4695326997114,746.5561236030912,746.4810633633814,P05_STRONGLY_CORRELATED,25,0.2
58d338b26fc7c48ae1a384d0929381b1bd1a4384ce000424aa2698623b41a9c5,464.7722271921675,10.0,603.1277469943302,56.99485995605794,100,500,644.0434005963681,698.6506095395162,698.6363728935078,P05_STRONGLY_CORRELATED,25,0.2
c0cc78c51914ab5dad7c13d279ec4b456252bca86c0cd46494aa0cb6b90227cc,661.4370441737321,10.0,804.1210859739805,47.682917119402475,100,500,841.37560090216,918.4144744321596,918.4143640159416,P05_STRONGLY_CORRELATED,25,0.2
afdbc61e060854dfbfe091ac06dfd9a9d3704e75523a7381cfd86e50173a2cbc,822.4512923072126,10.0,969.3664654346248,59.48793205077388,100,500,1012.2590057309422,1091.8643627160145,1091.8643627160145,P05_STRONGLY_CORRELATED,25,0.2
46e96edb230125f829b8d557d49907d24fde8f4e0e98a6d7c0687ab79e41fa9f,1016.0004901594976,10.0,1166.716512842049,77.1150791001838,100,500,1215.895558904244,1291.9080040099586,1291.762301629992,P05_STRONGLY_CORRELATED,25,0.2
0195fe9dbb1a1ac5f5aa73ead8103077f4ca58886de9c060a0bbe72b0dcc7af4,928.6541312738166,10.0,1090.305566860928,67.59867112766975,100,500,1148.5525801197944,1193.67289261064,1193.6680077224291,P05_STRONGLY_CORRELATED,25,0.2
870c33c94a6c590d975ebcf5f091ff28a6d5931edb4e4c0700d81f1f5fa000b5,1015.8717017981576,10.0,1180.9511279511933,87.56703990963658,100,500,1245.8369168958343,1270.7730831224746,1270.702935974518,P05_STRONGLY_CORRELATED,25,0.2
b1778d122d13b0f5096da69a5846ca9c33a08eda0ce10bd92d6a5e0a9cc715ec,135.3585912258334,10.0,105.87361628842908,10.82607332193002,100,500,115.19132867823272,129.2050465117704,128.18143309081097,P05_INVERSE_STRONGLY_CORRELATED,25,0.1
687966dfc0084bfd71035a6370c6d40385142fb002f59c6a6eb3ef9fca6e8d25,277.6714737200333,10.0,233.43852793591552,20.471573673186608,100,500,246.60939382732707,269.1605835341159,266.7646495397369,P05_INVERSE_STRONGLY_CORRELATED,25,0.1
535d0547e4a4e68bf75918f654a7443f6b26000fe1a7e7a9e21454808890842e,369.1385048902149,10.0,315.2538483360951,22.840000509176715,100,500,329.0814726846168,353.08850006812224,348.9636815821281,P05_INVERSE_STRONGLY_CORRELATED,25,0.1
92a21b12e1130a4c58b53a5d19c2b41be96ef54a3e138fd607a529a3a8bb5b6c,611.4826508006993,10.0,535.5658174902196,22.77744522732204,100,500,551.172103426605,583.6644151094566,580.0999934355258,P05_INVERSE_STRONGLY_CORRELATED,25,0.1
8d0f2261919653a104728b653e1bd85375d7f7df02378e2c4be7007c682413b5,578.4085908285311,10.0,497.6880444982864,20.45198936818376,100,500,508.34978810575706,531.1063424722892,529.6695812357337,P05_INVERSE_STRONGLY_CORRELATED,25,0.1
b73aa723a815362ccf9244811da529e26c190d199ad728413b840313a9b8c4fc,797.8006805373685,10.0,697.0198440882704,27.44735078646195,100,500,707.773534655081,730.4989787653492,729.3471312435627,P05_INVERSE_STRONGLY_CORRELATED,25,0.1
7156246bea6fb0532c439353a1d70b5347a6200a02b15a786ced0986ca853601,981.5422013981216,10.0,854.5903550477967,24.092324109943803,100,500,861.4795309646853,886.4925774863343,885.75439728205,P05_INVERSE_STRONGLY_CORRELATED,25,0.1
7824fcededac7bd1cb498c92259f0a73d62399be0be73417228c897d360a8b12,1197.8186719776793,10.0,1030.5119354373967,26.338942298875484,100,500,1037.8186643610456,1066.82380307344,1066.402675612829,P05_INVERSE_STRONGLY_CORRELATED,25,0.1
77f523609457bdb21a33712665fcac76af9cf56372dfd05971e39c6379e45144,1133.199585819271,10.0,968.3689929832192,24.459810598802644,100,500,973.1445596805028,981.490653299162,981.441196049875,P05_INVERSE_STRONGLY_CORRELATED,25,0.1
8159882a0ebf76f1da0c1d4e01a6f53adc6a81c15029c1da70ae30a9953ffad6,1243.1444290708848,10.0,1039.6908677935671,21.39915566689716,100,500,1043.0537613996264,1047.39949071185,1047.3994907129263,P05_INVERSE_STRONGLY_CORRELATED,25,0.1
0d865fa2095b562a8d147163a489ab39560583c2f70f7c649263abd4e27a9d1b,135.3585912258334,10.0,91.69979071715984,31.04046282682753,100,500,115.19132867823272,150.57505802717944,149.18136733309692,P05_INVERSE_STRONGLY_CORRELATED,25,0.2
d10d77e2f0effb5bd5de07c98a3ebea1aba5bd3ecf87c17fa4978c56c4637250,277.6714737200333,10.0,223.48029205566007,38.68433446075795,100,500,246.60939382732707,302.54805606320207,298.8051448599563,P05_INVERSE_STRONGLY_CORRELATED,25,0.2
07bb22158e2694e6e18329736c7100501a8904bc0fc702b813853a509372ee2e,369.1385048902149,10.0,308.2251934179612,35.427428011961034,100,500,329.0814726846168,385.5999387965934,379.1359737271478,P05_INVERSE_STRONGLY_CORRELATED,25,0.2
01197dd6a5a9bee797eb4a67ea86f2593d6ea409307b78855104f65c29389959,611.4826508006993,10.0,520.785898067247,40.58805522361604,100,500,551.172103426605,632.4703233656616,624.5532016873586,P05_INVERSE_STRONGLY_CORRELATED,25,0.2
635bd4b5cbab9d891f3c8f4f58bac84923533f86c0463315e622b5ae2495cf3e,578.4085908285311,10.0,487.25885362643976,38.627277832684776,100,500,508.34978810575706,562.0963235665606,558.3826766572079,P05_INVERSE_STRONGLY_CORRELATED,25,0.2
dd20c906f94d3b2ead41ff769e51893e04edbfb7824857ab2ff1ad95f84ae968,797.8006805373685,10.0,685.5552751927021,48.0929058143535,100,500,707.773534655081,766.7743965032662,763.9980888694652,P05_INVERSE_STRONGLY_CORRELATED,25,0.2
42c72392e2d9bdfe71edc74c38738928b745da9c5d585b07cc418ceae262bec8,981.5422013981216,10.0,840.1194878547935,50.365227680264,100,500,861.4795309646853,922.706132486598,920.8397311845152,P05_INVERSE_STRONGLY_CORRELATED,25,0.2
60f6e5117534cb6cc1e01e15dfce7531f48f3c89a0977cb223076fc4cbe5e65f,1197.8186719776793,10.0,1020.4497684723505,70.06859583105661,100,500,1037.8186643610456,1100.2634734336152,1099.1471386226171,P05_INVERSE_STRONGLY_CORRELATED,25,0.2
0bf18dc0d15b63b361c7af821937023706a37c556e0d844002df976323e633d4,1133.199585819271,10.0,965.2320154383032,46.98263142452343,100,500,973.1445596805028,995.0184035866306,994.5850175721832,P05_INVERSE_STRONGLY_CORRELATED,25,0.2
fb41b2b07d202973787b53b4a3d9fa3b4e88b86ef17930ac453f85ce015bb70e,1243.1444290708848,10.0,1036.460341921062,41.60442602123885,100,500,1043.0537613996264,1052.58429587426,1052.518665251365,P05_INVERSE_STRONGLY_CORRELATED,25,0.2
97f808d409a363b1480aa9804a8eadda3e63864312d15c850cc2fb042e78b260,112.63131849856067,10.0,163.3179818283815,12.016967272853382,100,500,169.76778896397448,175.9782051659,175.9114759566507,P05_ALMOST_STRONGLY_CORRELATED,25,0.1
461f61db42a024a2c1b0ae28061b6efef63cc8a02f52286e124595510dab1c16,200.63779113893116,10.0,313.7051943826591,7.836662162252004,100,500,320.69453260569435,327.2927129502115,327.2927129502115,P05_ALMOST_STRONGLY_CORRELATED,25,0.1
f4145e7f3c85319cdfec802699287d89384254dca5e2d460d41a5504614e6f9b,278.8633363153005,10.0,407.3925777837071,12.337915918880904,100,500,418.7021992990881,433.7386041818699,433.7386041818699,P05_ALMOST_STRONGLY_CORRELATED,25,0.1
a6d41895303f692139fb443885575a8d834f39303bbe4b5e8c95b4e7dd64663e,469.97216703269294,10.0,591.0479933875388,29.300414626706875,100,500,610.4279222141504,639.4897395995547,639.4897395995549,P05_ALMOST_STRONGLY_CORRELATED,25,0.1
5ce3661be0ad6bace76d371c7b6dd3f6b55f97c477f75701b88e7f3644c92f47,515.9189618187869,10.0,674.6024441058636,15.316291076621308,100,500,685.3854193385615,708.7051158450737,708.7046483271238,P05_ALMOST_STRONGLY_CORRELATED,25,0.1
30a99cb3970ebf50d22b397437a227d3384124f89044f109152f09ce2242c7d9,669.2975149694981,10.0,834.5790428679217,22.414715094825123,100,500,849.3288910067663,878.8419031876327,878.8419031885622,P05_ALMOST_STRONGLY_CORRELATED,25,0.1
f51ddacb89a415acfd7ce322dace6c070197098055f3ed1fb48008b9b4e75c6f,907.9861870330462,10.0,1070.0153485402088,49.90617405285631,100,500,1098.2030369858912,1137.4876312611182,1137.4803624700603,P05_ALMOST_STRONGLY_CORRELATED,25,0.1
0521b86e1b1c84f33eeff96901709e8796847d4276d05d1613ea5327fe9451e8,1015.652441537617,10.0,1180.6919475284028,42.487960158615984,100,500,1221.3844171153023,1255.9650351423445,1255.9650351423445,P05_ALMOST_STRONGLY_CORRELATED,25,0.1
52534b2b140de8c7e3dbb3929e13d2dc2482e98c417efd857af3988ab0b31a9b,1078.0584145275466,10.0,1272.9825830069783,32.336497847918686,100,500,1298.2534567206912,1321.0810704136393,1321.036924551505,P05_ALMOST_STRONGLY_CORRELATED,25,0.1
3d79dbec13dfd6c4180312450329a7d866374cc0f810b9f1c9836786e1f0143c,1105.9222745163063,10.0,1303.941568661416,31.802788957754817,100,500,1335.9880455454045,1349.4272464285243,1349.4272464285248,P05_ALMOST_STRONGLY_CORRELATED,25,0.1
5c3ce722e3dc8d72a8ee6c781eca91d0291184a38c139eda1cdfc8e4a80bd69d,112.63131849856067,10.0,149.97391571238353,29.83049827745181,100,500,169.76778896397448,194.12243604771243,193.73049042482523,P05_ALMOST_STRONGLY_CORRELATED,25,0.2
fc8c15c1094e09e97d34c24586579fe99c4ed176e970db939489011dea8fe1ed,200.63779113893116,10.0,304.00544455237474,22.974385749837474,100,500,320.69453260569435,349.7701843722463,349.7614013041314,P05_ALMOST_STRONGLY_CORRELATED,25,0.2
f16b8dcb742186cc21bfd7a8e1cf2fdb4e551e1b0925e73c9d38e790330b85ef,278.8633363153005,10.0,395.295789808885,34.419816505365624,100,500,418.7021992990881,463.80963308127014,463.80963308127014,P05_ALMOST_STRONGLY_CORRELATED,25,0.2
6d04c321866ed170c6a663c932a8c801f0be8544b7308e663e78d8e182a6c9cb,469.97216703269294,10.0,578.3119088788127,30.81351586878339,100,500,610.4279222141504,687.6528142713204,687.6528142731835,P05_ALMOST_STRONGLY_CORRELATED,25,0.2
3ad7aa76b6bc1857543ba43e11dceb564cfe64b2856b4ee6de346338105bc5ec,515.9189618187869,10.0,649.0739792179799,44.69243781756237,100,500,685.3854193385615,751.0860965431926,751.0860965431926,P05_ALMOST_STRONGLY_CORRELATED,25,0.2
2a55b60a11e8722e2d78f63875f8a95eeeb4a7765510a26f9ee73d37f0e86f9a,669.2975149694981,10.0,814.1990487767604,36.7933185052065,100,500,849.3288910067663,923.7615547922304,923.7615547922304,P05_ALMOST_STRONGLY_CORRELATED,25,0.2
d86b24848ed7947a7400e679fe9659c2e870133dfa36f67308df438796c5aea8,907.9861870330462,10.0,1034.0432998812485,78.90860510596042,100,500,1098.2030369858912,1187.4091342367674,1187.4091342354454,P05_ALMOST_STRONGLY_CORRELATED,25,0.2
738438143b18eb94a1b83d4b58a6cb3e9cb32b30a75f39a2cddcf762ac0ef477,1015.652441537617,10.0,1153.683398072694,58.54623241108628,100,500,1221.3844171153023,1295.6883141340002,1295.668238134223,P05_ALMOST_STRONGLY_CORRELATED,25,0.2
6eda0a39b2be515757dd179b84879ef5349c1fec1ef58b2304de0e8095908e5b,1078.0584145275466,10.0,1237.8577711833875,83.24046318148156,100,500,1298.2534567206912,1350.5795874002188,1350.4159421289794,P05_ALMOST_STRONGLY_CORRELATED,25,0.2
311b7c91f3756008a53ece2d69a7929ed28bbe25f5dff9bc4457a1cd3b341dc6,1105.9222745163063,10.0,1275.8100370853365,50.07652152318412,100,500,1335.9880455454045,1362.8925731584045,1362.8822896168958,P05_ALMOST_STRONGLY_CORRELATED,25,0.2
fa1ee727e56354d74b2d85fb363f6bd3b6200f5a75ccf9304f23919de2ed8457,112.63131849856067,10.0,106.38612887349365,6.417874048091277,100,500,112.63131849856067,129.05472973590474,128.74482480594153,P05_SUBSET_SUM,25,0.1
9989f4ad6d4a18a705aec224f72711bea99f0ac398722539dcf4def840713d9d,232.2169282654879,10.0,226.11936310730883,12.6219507082028,100,500,232.2161769200966,263.1232246892717,262.5470554224403,P05_SUBSET_SUM,25,0.1
adcd83fd657d2ae97033154ed80886166998056905b88779173afd113cbb39e8,300.9566867083967,10.0,293.57673115121287,10.136208248562616,100,500,300.9491080940735,335.02778556595075,334.22571374992725,P05_SUBSET_SUM,25,0.1
f39e9f9845eee4292e343fcf14759979c738b112be4ce4a661f232251d64afaa,520.5735598916084,10.0,507.5799300981138,18.671770027989492,100,500,520.5639536560751,571.0172516595868,568.3820697171244,P05_SUBSET_SUM,25,0.1
06e6a56a4dc150da61da0971fd83f12572dd48493bb756f44d01e3da0c501d9c,464.7722271921675,10.0,457.68850412545817,13.49470101293382,100,500,464.7711485010569,502.33187532393754,498.70239847920186,P05_SUBSET_SUM,25,0.1
53bf01c7a918c7fefd8ff61796c3b2a6a45ba33f7c4c13f3eedaca2ea4118736,661.4370441737321,10.0,644.2174594144075,23.094784462258623,100,500,661.412965012923,705.5766967621473,703.0167999011455,P05_SUBSET_SUM,25,0.1
fe48f0b763ce1697d337d471815259a59173b484f79d4636ae46b56ebc86ebcb,822.4512923072126,10.0,803.5528738928984,27.57360128681527,100,500,822.4405281093508,865.9112931678229,865.0682711490296,P05_SUBSET_SUM,25,0.1
5113847e6f67222dadf3d203c98c59720d12430e623cea5fbbf6a9e4be96422a,1016.0004901594976,10.0,1001.4737992753124,27.302007709696984,100,500,1015.991700426972,1055.7710708780294,1054.9106155494226,P05_SUBSET_SUM,25,0.1
b3959cf1c5195265500098599f14445ca1eaf9326ef1968efac9556201bcbcd7,928.6541312738166,10.0,908.4634141522898,17.57498225199629,100,500,928.6403410837332,953.4974774533551,953.3036313605154,P05_SUBSET_SUM,25,0.1
1c7e6eb7d4ffb2cee46231fb054a463d23ed816f67fd2adefb1336b1098206f2,1015.8717017981576,10.0,991.232858877844,25.994062145930315,100,500,1015.840786641204,1028.490560068963,1028.275121897976,P05_SUBSET_SUM,25,0.1
6026bc228cca83ed762f9c71eb6d016bfd1c0fa0de7ebdaae591721b43e39674,112.63131849856067,10.0,103.07266360625106,11.041676943683337,100,500,112.63131849856067,150.40217398888043,149.89861110125486,P05_SUBSET_SUM,25,0.2
7c07d7632dcdc44a51fe09aac5444a72eedb752a654595da4b3c3ba1250e3535,232.2169282654879,10.0,217.38434995329283,27.367955493320476,100,500,232.2161769200966,298.27722729697393,296.75800434438037,P05_SUBSET_SUM,25,0.2
83ef2c01cbe376a162a8a04dd3fb84919115918bc7da87a6182d8de67d143b4b,300.9566867083967,10.0,289.4146179000381,16.37546108038169,100,500,300.9491080940735,371.6253127375894,370.17882045934743,P05_SUBSET_SUM,25,0.2
3426475bba5cb70e7155ce352c7a85427f03e7ab5e37ba2d4c653bd3a901a611,520.5735598916084,10.0,494.89280301892853,30.73232147918111,100,500,520.5639536560751,623.5869429714123,618.0941538281601,P05_SUBSET_SUM,25,0.2
b54ec6365c2524973721ff53caf36fc2d1a3ebd2417df806ff20b28c10880865,464.7722271921675,10.0,449.4906836053268,22.294219990847186,100,500,464.7711485010569,540.255652953158,532.8870903988916,P05_SUBSET_SUM,25,0.2
1f2b35e7cbf37e133b57f84fb09037b7e28b9ce0595ea906af11bc2212b5b45e,661.4370441737321,10.0,631.2441206393779,38.47477845041241,100,500,661.412965012923,748.845263624322,744.1706718392475,P05_SUBSET_SUM,25,0.2
4a152f48fa14c45329fd14f1d4275a4f6a962aafb7dcc68bf623cd33b97c898d,822.4512923072126,10.0,782.6002971494529,63.479829229147654,100,500,822.4405281093508,907.883275750191,906.2741839722424,P05_SUBSET_SUM,25,0.2
14bf5faabf7fbb86c0e1ac225bea42c0eb50d22ff38fef18fa6540481c742c83,1016.0004901594976,10.0,990.5784443661692,49.50746222309347,100,500,1015.991700426972,1093.9949243491358,1092.4871005739333,P05_SUBSET_SUM,25,0.2
7756d782bb15d7757bdf7397a78ded5e4e1440be6553ef9cf76da4846d72330e,928.6541312738166,10.0,889.7685403995132,34.14990521052634,100,500,928.6403410837332,976.45669892462,976.011868787704,P05_SUBSET_SUM,25,0.2
edc7ca06691ba953354f68d3b072ce527565eb33b5b4f7a12fb702c7ea1589be,1015.8717017981576,10.0,980.840857342304,54.14540015584797,100,500,1015.840786641204,1039.9016817997017,1039.3955085471453,P05_SUBSET_SUM,25,0.2
365cd504a5d13d54d693a95ffb74b73a5e7f0d3727429e22941829944f9d657d,238.4200597197812,10.0,185.132716592775,0.0,100,500,185.132716592775,185.3258988248197,185.3258988248197,P05_UNCORRELATED_SIMILAR_WEIGHTS,25,0.1
8f562174f91759f96fe540a54709979f4db3b2ff3cb83299a59831e0b2895d0e,474.35276127206834,10.0,385.6197512047059,8.604306923641438,100,500,384.8364480980629,420.0788729135893,416.6871821857003,P05_UNCORRELATED_SIMILAR_WEIGHTS,25,0.1
1bbcf2f960a48609642bff5ee5b708d878832c760f33a20293c5ca3081caf552,709.2974903532443,10.0,545.1105221340287,30.59232154331329,100,500,534.12482997588,581.2931472912815,581.2772101309478,P05_UNCORRELATED_SIMILAR_WEIGHTS,25,0.1
bfa3bdb5c9b2e6e9e3236767a622687ac0e61195fc9be5b3c29095014a2dfb4e,955.6445715092711,10.0,693.80804047657,27.09881928035456,100,500,707.6737344451568,709.0485602436856,709.0485602436855,P05_UNCORRELATED_SIMILAR_WEIGHTS,25,0.1
74ca61c715ca954cfd5de67815c2f8b926efa3e5d0fb7ca524e53df82181ca7f,1187.3288207530454,10.0,741.4742044318015,21.92863103999536,100,500,747.2706691022729,759.899696434223,759.8996964342227,P05_UNCORRELATED_SIMILAR_WEIGHTS,25,0.1
e521c3e8029fc1bad87d649c2c0957a9b6a5c4273483c963f2037ec324f32b7c,1429.8647627609223,10.0,879.9063318215779,31.173354579956545,100,500,873.2365054851848,907.5291967676504,907.5283528331498,P05_UNCORRELATED_SIMILAR_WEIGHTS,25,0.1
80e27dd7cc773cc62be405df3ce34ca9c452b91e07dfdea0d2a002d241c0e8f0,1681.017888497369,10.0,1143.350131132252,29.857411464321967,100,500,1130.7415031330272,1155.8643843032517,1155.864384303252,P05_UNCORRELATED_SIMILAR_WEIGHTS,25,0.1
fd9f569d1ba515d42e3fed225cdc7a0b52b0ba8331f89a604a966a57321bc33b,1918.936426601596,10.0,1245.1263529476123,13.78529189806028,100,500,1251.7191348428792,1250.6158165814677,1250.6155438960368,P05_UNCORRELATED_SIMILAR_WEIGHTS,25,0.1
a6b85f4d4123eb99aa2e62b2e5926a16b44241cf78325a489d8af99c1f326ebe,2152.283219098283,10.0,1212.3045788657826,22.59580642595526,100,500,1217.7030990669143,1220.010745674981,1220.0107456749813,P05_UNCORRELATED_SIMILAR_WEIGHTS,25,0.1
2c96665c943ec31c91b2a3f31d8728966479d07a13e22b58d61451551f9c4fa7,2382.1409092716194,10.0,1225.9362269341625,18.07823941545316,100,500,1227.15004485897,1229.1635237394826,1229.1635237394826,P05_UNCORRELATED_SIMILAR_WEIGHTS,25,0.1
9ff8707be7602bb9aed8329957dc7d69b783436908276450c9d61fd818f10a6c,238.4200597197812,10.0,168.48197279005618,57.41825662168304,100,500,185.132716592775,207.66756140282223,199.03754226298264,P05_UNCORRELATED_SIMILAR_WEIGHTS,25,0.2
1adcf7a67c9323049135c21843f66d0bbfb22debc21514f70cf324442b0db9ee,474.35276127206834,10.0,370.2547583405076,82.34416101470761,100,500,384.8364480980629,459.17389040410177,454.6535433616525,P05_UNCORRELATED_SIMILAR_WEIGHTS,25,0.2
cfd820e5315ff13462cfc7fcb9f4fc844223bcfe747a4955b7fa4400699414d5,709.2974903532443,10.0,538.7294948403612,62.20319005135748,100,500,534.12482997588,597.7012247523704,597.6539190808909,P05_UNCORRELATED_SIMILAR_WEIGHTS,25,0.2
7198d8ef43f579b0c47a671262e01567a3de1082338b88d4d9b9881eadb658f1,955.6445715092711,10.0,674.2237169113564,56.86348672981489,100,500,707.6737344451568,733.6086091597947,733.6025344525141,P05_UNCORRELATED_SIMILAR_WEIGHTS,25,0.2
b65fddf9c549b2656b504d3e7d0a6b150ea8e1c511a703e5c66f177d3000b238,1187.3288207530454,10.0,728.7166813589503,75.39726614748486,100,500,747.2706691022729,777.4226105426719,777.4226105426719,P05_UNCORRELATED_SIMILAR_WEIGHTS,25,0.2
2340bed00007a7e01334c682ca1f557fedc1036890346ffc9cc1019fc748aa16,1429.8647627609223,10.0,868.7201939747251,66.41738392997195,100,500,873.2365054851848,926.4519334288256,926.4519334288256,P05_UNCORRELATED_SIMILAR_WEIGHTS,25,0.2
869d74eb6b9e374a9aa2c30412202f124439a29884c25e9bbc6d7b5b4e319def,1681.017888497369,10.0,1132.797507334828,48.13236716462988,100,500,1130.7415031330272,1161.8846739561045,1161.8846739561045,P05_UNCORRELATED_SIMILAR_WEIGHTS,25,0.2
3731766e7b73d210d5f584f57768e3c6ea1172289ed9c0d25baeb2db99785aab,1918.936426601596,10.0,1239.7725285049776,31.74448833616628,100,500,1251.7191348428792,1254.2530318040533,1254.2530318040533,P05_UNCORRELATED_SIMILAR_WEIGHTS,25,0.2
dfdf551a4161a031b11422ea8b129938e8452886c09ba9c89e588a7f5d4f66bf,2152.283219098283,10.0,1207.7758097216697,29.177651743061983,100,500,1217.7030990669143,1222.1304558245051,1222.1304558245051,P05_UNCORRELATED_SIMILAR_WEIGHTS,25,0.2
091c26ca2ddc58645b484a12c27908704af9e3528fd395641e24831a4e1e9825,2382.1409092716194,10.0,1220.7897190372023,17.68628789448391,100,500,1227.15004485897,1226.6647178808207,1226.6647178808207,P05_UNCORRELATED_SIMILAR_WEIGHTS,25,0.2
00015f2340a0c0188958c47b959f2d08c226e17044c7f22115be9acd69e4e407,112.63131849856067,10.0,114.72425642528296,8.574669216398792,100,500,123.0,134.25016885811132,133.63170522950608,P05_PROFIT_CEILING,25,0.1
c969c041da1a5bec78acc5758bcb0c1efea6f82b66ff33ae5647e21858cc135e,232.2169282654879,10.0,240.9485801079373,13.121950716552888,100,500,249.0,273.3601211375133,272.9984355389791,P05_PROFIT_CEILING,25,0.1
3386dd42c037381ea5694b79d1909abca184ad387c4651e01fe1925a9e0fd720,300.9566867083967,10.0,316.9240801975662,10.25530790146371,100,500,321.1880721904437,349.76221289373075,349.6900952331928,P05_PROFIT_CEILING,25,0.1
6ec68d391e496d83a8393eef4a75a691507617bb3779aa8ac38578278e313800,520.5735598916084,10.0,532.8106958988287,24.00370647834468,100,500,549.0,589.7940254164523,589.6451022615726,P05_PROFIT_CEILING,25,0.1
04712adeed20d7230a8b0af99566d13e85ff1d55c09e6a16880cd7cf675aca61,464.7722271921675,10.0,481.7945471198733,17.337950743870064,100,500,492.8678781037929,524.9327960400647,524.9327960387471,P05_PROFIT_CEILING,25,0.1
1a40997ec8179deb83eeabdd0fdbbfc04661f816f43464b8ae4147f2da428464,661.4370441737321,10.0,679.2769073675743,23.449400137710363,100,500,696.0,732.654898484347,732.452080762235,P05_PROFIT_CEILING,25,0.1
1c62ce6eec1f25e43fa5865379fe7a01339c1a46c800c7a750eeeed1d4ab9e28,822.4512923072126,10.0,846.4293340266612,22.177883865558563,100,500,858.0,895.6760051330587,895.5048273093023,P05_PROFIT_CEILING,25,0.1
58099548052387bf2c10454190554a667e5787f4597112227509df5c468342d8,1016.0004901594976,10.0,1026.0471712246654,35.08296154915936,100,500,1047.0,1081.8364053180244,1081.6264053178002,P05_PROFIT_CEILING,25,0.1
1b14885ed14ba2de50aa0e47f36b3aabdcd3dcda1b555ca6baf1d330face078b,928.6541312738166,10.0,940.0871633678202,32.156077948664645,100,500,960.0,981.838003352186,981.7124358887615,P05_PROFIT_CEILING,25,0.1
0c7f43808ff405c21c3fffedfc23c58a07f037f31ec3114a217277c5df8fabbd,1015.8717017981576,10.0,1024.1554779007106,34.11931292544938,100,500,1053.0,1064.5496684351674,1064.5496684351676,P05_PROFIT_CEILING,25,0.1
70c9e44d59a9d3e9799508373c348a384604b8b33400cfecfa23e3e79e1c7a21,112.63131849856067,10.0,111.02999920147673,12.704372255556436,100,500,123.0,155.48152514370548,154.816739887563,P05_PROFIT_CEILING,25,0.2
85555a6630d590daf53a0073ddbd4a86d9dc29817e5e2a4325e98c6866ccbbdf,232.2169282654879,10.0,227.8844400586315,36.14342696201665,100,500,249.0,308.25278870452985,307.26396150746183,P05_PROFIT_CEILING,25,0.2
43f0f6c1318574df9c35b88c24baf9a11fc3b56885072cf8b63c9952168be681,300.9566867083967,10.0,310.17906322046383,19.510142672177388,100,500,321.1880721904437,386.4762225322473,386.18573259961863,P05_PROFIT_CEILING,25,0.2
277b3d31fb6f8e533f671ba6101ac64b01ac7caf5f6a1f60d4dc196278d2d592,520.5735598916084,10.0,514.5891627072975,45.3674826559532,100,500,549.0,641.9162342822405,640.8783200815909,P05_PROFIT_CEILING,25,0.2
fcb8caf4aa361cb6641b9cb3fb8bf4b6364fd0c7829653009cfb8c2b09066095,464.7722271921675,10.0,475.8482917853298,27.65830472213215,100,500,492.8678781037929,562.7841309267942,562.7791598116736,P05_PROFIT_CEILING,25,0.2
4b2c9657cc5170ad233b0339e01a2af74d0c2f7ab4faa8f6525582cb8726b1a5,661.4370441737321,10.0,658.0662365419785,56.66608433091247,100,500,696.0,777.0349983187954,776.6459739883543,P05_PROFIT_CEILING,25,0.2
1957730fe29cae0ebb3b5aaa42b4613ac51cc8bd1137a3f9cfe43dc4db64683f,822.4512923072126,10.0,831.2579481022209,47.72249770823558,100,500,858.0,938.352272177046,938.0253491783458,P05_PROFIT_CEILING,25,0.2
e9b2243aa93167bd26c00d74dd4d8d93996038fcb16ff0ef3a2521114564e94b,1016.0004901594976,10.0,996.570256089347,79.35060867057567,100,500,1047.0,1121.1987740084069,1120.5689137161112,P05_PROFIT_CEILING,25,0.2
61fb4ac284988ab3ad7f0044efeeb4bf7ba3ead4edee7fbfa53179898f98156f,928.6541312738166,10.0,925.2783780186496,49.74293005130838,100,500,960.0,1004.6588938316615,1004.4714025583412,P05_PROFIT_CEILING,25,0.2
c84558ece03d06855f8bc58c5a13e3f81144a713a0c07562a7908d20340a0d85,1015.8717017981576,10.0,1015.6029731033676,51.1241141721475,100,500,1053.0,1076.4948253013365,1076.4572772914792,P05_PROFIT_CEILING,25,0.2
2a42588830549bd443f01bbab32e845d710be0673875d73a7b5544886ee81f25,112.63131849856067,10.0,319.80621601361406,18.585493771018204,100,500,328.6526028730332,332.9638401959953,332.77153387830765,P05_CIRCLE_INSTANCES,25,0.1
7f077d72ca7597b577549b890e843d64052a8ce939482115692bb490e1f3c173,232.2169282654879,10.0,549.1420479492037,18.03574827683532,100,500,566.3772998567225,579.957241194227,579.2462492129547,P05_CIRCLE_INSTANCES,25,0.1
eb23bd58e55587589ec9308f33caa16a488214714769c59eae4ed9459f2f638b,300.9566867083967,10.0,798.6617176393027,36.166510143507544,100,500,829.1968862699312,821.4811365748888,821.2879950109423,P05_CIRCLE_INSTANCES,25,0.1
f726026318065ccf879e94d261bd542fc9de89e9f45d82f651c0524500ae52e0,520.5735598916084,10.0,1011.803617025244,22.888200119069083,100,500,1024.957837447338,1045.140916224275,1044.7229586182918,P05_CIRCLE_INSTANCES,25,0.1
41884638c854d66adef719517fdfc3b87937add0f6f9e7232e752a8ecd172744,464.7722271921675,10.0,1066.6365607157304,11.92626451999392,100,500,1077.1629173946692,1083.442602376825,1083.442602376825,P05_CIRCLE_INSTANCES,25,0.1
d0e60170db1ed99dc261b0e789d366b4384480fef044c9e909e0414d38ceb76e,661.4370441737321,10.0,1260.094251163342,29.421749135775055,100,500,1286.162013114501,1314.7030498256363,1314.670191618386,P05_CIRCLE_INSTANCES,25,0.1
40ffec443270e87c36eb5a1934ae4116b0507c471ee3db4dd9fc81f89d05e9fc,822.4512923072126,10.0,1455.078951321555,22.220766726737956,100,500,1474.3931892006688,1499.4391629549573,1499.4391629549575,P05_CIRCLE_INSTANCES,25,0.1
9432c23f5685c9ed178d2eacb0e50f7dc206dddb205548837e66b3d396fc23c3,1016.0004901594976,10.0,1716.987247272686,31.386556321760345,100,500,1748.1823468704013,1766.5820884582988,1766.088535997323,P05_CIRCLE_INSTANCES,25,0.1
0aecfbf6b6700cc0f6a1643c5c57291b1c53b85e87e3c1f2177545708f400cb9,928.6541312738166,10.0,1630.473002541274,35.72569173570634,100,500,1663.25872608822,1683.0718535142794,1683.0718535142794,P05_CIRCLE_INSTANCES,25,0.1
c3ac606fa8b2b18f04302ef2c5a9838cda8be4689cb3f58e6ad687f836ed94d8,1015.8717017981576,10.0,1762.399329923418,44.560973428575025,100,500,1822.4956667490376,1829.629274670321,1829.5947085856633,P05_CIRCLE_INSTANCES,25,0.1
f5833d39cfc41bfa230ad9bb4a09ff238e73a65b4bfbb72ad4cc39102ce10ade,112.63131849856067,10.0,305.0956108724783,36.19108864851563,100,500,328.6526028730332,347.1865160315914,346.97827974203545,P05_CIRCLE_INSTANCES,25,0.2
e6d9eec3c6aac87898b55f8373e38f2baea52e27ccc26ba4fec583102c7bc1e4,232.2169282654879,10.0,536.8029736461865,25.00681605838609,100,500,566.3772998567225,608.6246241702519,608.6246241695909,P05_CIRCLE_INSTANCES,25,0.2
123fb8bdc7fa12136cbdb020142e640449664803e00e7cf89fed7ecb0586863a,300.9566867083967,10.0,779.7293066900346,35.92558369985145,100,500,829.1968862699312,833.5303561675707,833.4706422451887,P05_CIRCLE_INSTANCES,25,0.2
0bd008c0a1f83fe84005857db972df1b418770943a6ae57a038360fd30108790,520.5735598916084,10.0,994.1415310723636,47.55656803052341,100,500,1024.957837447338,1085.0199931489085,1084.875771831771,P05_CIRCLE_INSTANCES,25,0.2
8d0d8822c0d9b9352e15ed9bbaf4799a1eaefd3be4f3283aa7abb8f9b9ae3b65,464.7722271921675,10.0,1038.8239381436792,57.744521981764656,100,500,1077.1629173946692,1106.1989314554355,1106.1961981410798,P05_CIRCLE_INSTANCES,25,0.2
257ea30bd6abf858ddaf2b309207fe54fa37b4cff199666dbc6275f9f660fb60,661.4370441737321,10.0,1254.5638089958527,35.591276131911194,100,500,1286.162013114501,1348.4273927163686,1348.4021646034491,P05_CIRCLE_INSTANCES,25,0.2
03ef5cbb29abd8e00a0e1c3266dfa5020d4e58fb7f1538d21a9a3f0c4e965929,822.4512923072126,10.0,1434.0411779123558,62.93057317366765,100,500,1474.3931892006688,1539.0575941185705,1539.012898762985,P05_CIRCLE_INSTANCES,25,0.2
2752c92e70c03bb9044f37490247d9e707747aafb68e9e4bde570568aea54921,1016.0004901594976,10.0,1699.502865556951,67.80523334156874,100,500,1748.1823468704013,1800.12712995685,1799.6518485714057,P05_CIRCLE_INSTANCES,25,0.2
a6e953d344d69bfd6f2c07365793972dacd4e16263d4d2f0150773d3ddfabbd0,928.6541312738166,10.0,1619.7177008771996,53.65750799449469,100,500,1663.25872608822,1707.9176012209164,1707.9176012209164,P05_CIRCLE_INSTANCES,25,0.2
1260e182d02d83b4649fa184e38e7ed8fcbf0df5f3877de91d6c96994715ea18,1015.8717017981576,10.0,1744.9279833975977,91.94553810248244,100,500,1822.4956667490376,1837.7245699546295,1837.6812384639152,P05_CIRCLE_INSTANCES,25,0.2
