instanceID, capacity, shortageCost, simulatedSolutionMean, simulatedSolutionStd, simulationRuns, piecewisePartitions, piecewiseSamples, absGap, relGap, evp, evwpi,evwpi_obj_2_n,instance,n_items,coeff_of_var
cd05356994028bbcfb3cd85077528a810a4421dea141977681235c2206fdf753,116.10846413274392,10.0,358.4815640483573,7.840712426883256,100,10,0,13.911518304200968,0.0389482334510971,359.9688037995974,368.7595209735944,368.7595209735944,P05_UNCORRELATED,25,0.1
f7217ac5ba7d75616b2bc37f0186f65ee3b27e21f8ce2f252b23012e8db311fa,260.2867799458042,10.0,508.78119454101574,8.984680464734057,100,10,0,18.678406251871593,0.0368200217905167,513.9592360222064,523.5133610181665,523.5133610181665,P05_UNCORRELATED,25,0.1
b04fa84a74ce1b7da7f7a33d3e669d54879e3117ced5594de7cff9c954d0da94,330.7185220868661,10.0,587.6696450376842,19.54792408271427,100,10,0,15.736778320456324,0.0269269919436586,595.3612523496013,597.7765594849825,597.6502377744611,P05_UNCORRELATED,25,0.1
dc386dba03117d503f35dd52d60831090f07a4c07cb7c4ccf223f5481f96368a,508.0002450797488,10.0,817.7044956332023,19.320206102296577,100,10,0,26.541976310383575,0.0325869706226134,830.5764717741187,838.508164658233,838.508164658233,P05_UNCORRELATED,25,0.1
0e9c71196a05a749fedf6ec7ce931e2240658ec5e11af5378e8d3377d94f972c,507.9358508990788,10.0,917.6501200834316,11.589810491562629,100,10,0,11.3133336835798,0.0123544997858584,920.1475527555896,925.3681446316627,925.3681446316627,P05_UNCORRELATED,25,0.1
cf3241e529381952404c6a26a183fe909603e331b0ebad2bb8397f14cb3cda06,677.2632613258763,10.0,1024.9745332493378,16.450146126319147,100,10,0,21.053928015103224,0.0205958119603415,1031.0391863100583,1041.0210688683808,1039.9590567724483,P05_UNCORRELATED,25,0.1
10e692be69e1e7b33f4b0aa9212b1943a286ad25ab1d6d104ca72c63268bca62,858.9901041571254,10.0,1204.781493989312,19.212001311600872,100,10,0,28.290668287630297,0.0235443302518038,1225.4199770571097,1226.440505747236,1226.440505747248,P05_UNCORRELATED,25,0.1
f98d7f949749554f8fdbb95e88b6e4729d0e78aa5785a4b18569cd333ff9ca6a,997.9619811631276,10.0,1329.0348231573068,2.140039041943908,100,10,0,6.676722081613434,0.0050250810048267,1331.6149327680253,1333.8658371748293,1333.8658371748288,P05_UNCORRELATED,25,0.1
8be4d492666231ae10b052b7dd31b4d00bc7cd1046a31a8fe18322b7f65ca1e1,1064.6533536483,10.0,1264.0154146213822,11.264501316551836,100,10,0,12.98888044390992,0.0102911153287592,1273.1409543269128,1273.736601657256,1273.736601657256,P05_UNCORRELATED,25,0.1
f1137bd732bbd6002a981a1b4a4929908cecb1e35f73ed437981fd93a4600b9b,1133.3468785043312,10.0,1200.5327976922836,7.314521834429573,100,10,0,6.307456104009361,0.005259201080299,1204.6297938809726,1204.9038615991492,1204.9038615991492,P05_UNCORRELATED,25,0.1
d7209ea6140aa2519d8e33b18ec7370bb1458bea470127d13ab17d03fc93cc1f,116.10846413274392,10.0,356.3475192212484,19.119704613422233,100,10,0,30.71478341409056,0.0869681206608218,359.9688037995974,380.38732935535467,380.32749205997146,P05_UNCORRELATED,25,0.2
031e3a5b6ebd36b46b12e07347b4c850103ef706842a636e1538e5a5494dd623,260.2867799458042,10.0,503.6185786770388,10.765651392150916,100,10,0,41.30074517100945,0.0823000976006037,513.9592360222064,538.7545442693347,538.7545442693347,P05_UNCORRELATED,25,0.2
b6d756c4cc538e4e34b620a75676f0ac36129976c433f3e06a3d9e5ddfd79061,330.7185220868661,10.0,575.560458537354,50.35026707738363,100,10,0,40.68713587217087,0.071733270705517,595.3612523496013,603.5861960698854,602.1349922878948,P05_UNCORRELATED,25,0.2
419f68e9213eb413f4119c89a08a7d68767462bc2fc76930e07249d8787f5ad7,508.0002450797488,10.0,798.9026605166122,30.72431134472545,100,10,0,62.81058905482655,0.0791263445208611,830.5764717741187,851.4955889426641,851.2453539229531,P05_UNCORRELATED,25,0.2
5cf0cd08ab010a322797016ca01db80d6c8c0f9d89dd496ef5b0e5bad768f92e,507.9358508990788,10.0,912.6816859753872,23.390839785106753,100,10,0,23.258033216538593,0.0255920853590117,920.1475527555896,928.7320446613952,928.7320446613952,P05_UNCORRELATED,25,0.2
def104442f6e849308cf23207980b83a0d78e1b91e07553d2b6cda4a7ca5913e,677.2632613258763,10.0,1005.8713731492334,19.49067170501775,100,10,0,45.919054432759935,0.0457983684382214,1031.0391863100583,1044.4362598526243,1042.3318150817345,P05_UNCORRELATED,25,0.2
0a2dcdf00882e5c3b82e3ab0d80f003186ce207171d82c0779636980b60aa7a3,858.9901041571254,10.0,1187.0251553641324,39.315504819274665,100,10,0,58.97117616587184,0.0499545225368892,1225.4199770571097,1233.3671537578225,1233.3671537578225,P05_UNCORRELATED,25,0.2
a6c57404b7ebbedc4003ac2cfb3a960fee7f2a3f210072b362918461a9080b6a,997.9619811631276,10.0,1316.9787436099932,19.90360225809209,100,10,0,26.92727311770568,0.020497683437601,1331.6149327680253,1337.8140935776933,1337.8140935776933,P05_UNCORRELATED,25,0.2
71b9ed199c612ac0a9ad290943b7e539d46175fc74849608c5393b56faf69104,1064.6533536483,10.0,1253.196472497619,40.81354230864414,100,10,0,29.51907163785245,0.0236830889352528,1273.1409543269128,1273.131049959862,1273.131049959862,P05_UNCORRELATED,25,0.2
a3a35592dfe81993b11ff4d93952d6993a3d26ee384a9aca97377e9188544330,1133.3468785043312,10.0,1193.349849543868,16.82210902288507,100,10,0,15.241723345731543,0.0128021815939246,1204.6297938809726,1204.355820896914,1204.354982753481,P05_UNCORRELATED,25,0.2
6edf823d7351bde6cd88310898b59f452c94f0d724d64b0cd258c755d80b733e,112.63131849856067,10.0,560.8067099842473,21.906395462440862,100,10,0,11.447981373943207,0.0205466803264885,570.8835511370047,565.3999826584952,562.1363939860466,P05_WEAKLY_CORRELATED,25,0.1
15edebe68551685432612f69872ca8c4ec1e0558a004c625d3db615c97f12be0,200.63779113893116,10.0,1218.3076246365006,14.88124334703513,100,10,0,9.0775097652172,0.0074660596657283,1225.478823326434,1223.8701663678444,1222.0231492579217,P05_WEAKLY_CORRELATED,25,0.1
30fff6bc8037a6f813c984e07b5811ec09e775f5f37a348875a181d37dadb0ff,278.8633363153005,10.0,1329.3214452920497,13.990875335412538,100,10,0,20.26798630737221,0.0152735573102562,1332.2701470698676,1343.2596120747355,1343.2590927548556,P05_WEAKLY_CORRELATED,25,0.1
650b239d2ed63f3a1e628836b0e6c8626ade6ded6a387be1ee5865394faab3f4,469.97216703269294,10.0,1377.5006359805554,23.327114180755384,100,10,0,16.005513439209608,0.0116520048858922,1385.9286401446811,1387.024506578244,1387.0245065782444,P05_WEAKLY_CORRELATED,25,0.1
4cbe655d7e40ba903bf7bdc00fdd10d1c47d588becef8249fff8e0a5c72feb81,515.9189618187869,10.0,1591.193372268969,19.966567783144765,100,10,0,16.236071256230844,0.0102250108726079,1604.1020560872807,1601.8074799745775,1601.8074799745775,P05_WEAKLY_CORRELATED,25,0.1
2f3034523118557e83492b4d7d8fbb0ecbe8a4753e1af801694f5e1676265ec2,669.2975149694981,10.0,1807.224351428786,17.862458887804717,100,10,0,22.01933570411757,0.0122040915382353,1818.7129892200005,1822.8484674059969,1822.8484674059969,P05_WEAKLY_CORRELATED,25,0.1
c7dd2fd37e034caccf0bb5d042c56bb885f63a99471c503435726c3612e305a1,907.9861870330462,10.0,1873.837178195878,30.983665440460793,100,10,0,37.90067745934607,0.0202819211044422,1895.0847839679657,1903.093120060328,1901.3521522875,P05_WEAKLY_CORRELATED,25,0.1
dd7e8dfa440d858290f5097d0506f8015d9c89931a83c05944f7c56faa0bcf35,1015.652441537617,10.0,2005.87951481659,51.6565243107512,100,10,0,80.74290657396045,0.0404259775977792,2068.0697315050265,2072.024139025034,2072.024139025034,P05_WEAKLY_CORRELATED,25,0.1
11b63efb78b026d9e7f96d2231c921a557937ee8d9a1bab9032d95b5d6815f9b,1078.0584145275466,10.0,2119.801890372802,46.97509525124451,100,10,0,83.17534513483406,0.0393822249061989,2189.783299121756,2191.136213418609,2191.133160973921,P05_WEAKLY_CORRELATED,25,0.1
fe121844db3bb5e963e7b72ae4990f2689b8810f8c0aa0e581dd5c45ed7397e0,1105.9222745163063,10.0,2320.3338019736807,33.95755578993034,100,10,0,41.457249114756,0.0179104546436173,2310.170578528076,2349.099166177346,2349.099166177346,P05_WEAKLY_CORRELATED,25,0.1
1774666aaaf07de0d4b5afdb689de921638248c12311f53de3aa2f61770c2a0e,112.63131849856067,10.0,547.6874162781967,37.452680485349795,100,10,0,36.790535468102576,0.0679458078429786,570.8835511370047,572.0686850826837,566.7368314909068,P05_WEAKLY_CORRELATED,25,0.2
f688c7bbd100a3e1e10de0d70075f5b7ab7a81445aef8dedb699515066081856,200.63779113893116,10.0,1205.9019994543116,34.480531489388596,100,10,0,41.869114626616465,0.0348857866178777,1225.478823326434,1236.403639719932,1227.9526409397322,P05_WEAKLY_CORRELATED,25,0.2
2d4c8f74c56086ff6a26a52eb401ff382b51e927eb38f8100ad3f6f80630189d,278.8633363153005,10.0,1319.2544499213625,40.65615003508935,100,10,0,64.92504318540955,0.0494665511239849,1332.2701470698676,1370.6146216923464,1370.5115896398688,P05_WEAKLY_CORRELATED,25,0.2
a39cc7058175b6c6e6bd5af23a9c83a125e8201283ee14abfa53a131ba57a8c8,469.97216703269294,10.0,1368.5550938162555,47.878190689878295,100,10,0,63.30466651651295,0.046526836209344,1385.9286401446811,1415.379731429793,1415.3797314297915,P05_WEAKLY_CORRELATED,25,0.2
954c360b4972ec3400b057f7ca11f7eaa6e48046933bdef8d8296d9e86e7a972,515.9189618187869,10.0,1568.8463587964047,44.62624056675061,100,10,0,62.375624330436494,0.0399475854749632,1604.1020560872807,1616.916253773874,1616.916253773874,P05_WEAKLY_CORRELATED,25,0.2
d2f1dc916fc762ef87b844652b0fe986561e50ed64e618e30d1ba52cfefefea4,669.2975149694981,10.0,1798.9185430544642,40.904919079063426,100,10,0,68.81339346629011,0.0383976157768463,1818.7129892200005,1851.693241696908,1851.691848053958,P05_WEAKLY_CORRELATED,25,0.2
e593016e709588b5ced18cd8a649005bbdbca217d5abe1cd53bc5ad35e12dfc7,907.9861870330462,10.0,1852.4362547346775,55.862209755110776,100,10,0,101.94363533659498,0.0553091338730267,1895.0847839679657,1936.1487543883584,1929.422847876271,P05_WEAKLY_CORRELATED,25,0.2
40940cc3dc5c847e6ff531d3c39a6fdb4ec6893cbb223fa631cbcec70bdd2ef8,1015.652441537617,10.0,2017.7152678413092,54.952552190828776,100,10,0,97.25768833436382,0.0484208525240735,2068.0697315050265,2096.7462008546963,2096.7462008546963,P05_WEAKLY_CORRELATED,25,0.2
6cce107a405b638a2817feac3e2616d4fc0b0eacd9db6c5e002fcfa3787ac330,1078.0584145275466,10.0,2101.3269419762587,47.24136442802255,100,10,0,126.820375959619,0.0605786501668443,2189.783299121756,2210.5325122539816,2210.5325122539816,P05_WEAKLY_CORRELATED,25,0.2
243a89235d27790f044f0c29862ea09466fc2ba57b1457766c70ee4a90ccb7a9,1105.9222745163063,10.0,2235.539316391661,39.78860514616503,100,10,0,143.93811735657755,0.0645771438356278,2310.170578528076,2363.731903808272,2363.731903808272,P05_WEAKLY_CORRELATED,25,0.2
c7c0e94d96f0bdde8ef48a0121f779d3984ee25050cb34f2a7946ac24887831e,112.63131849856067,10.0,164.31450593758746,11.793073615428174,100,10,0,14.8233014877585,0.0913010019736183,169.6856433475888,176.13278822560886,174.80385579546936,P05_STRONGLY_CORRELATED,25,0.1
3501a51ba19bb796d0eddb2784abe8e35615dec255dc3c9a9f37de25cf73a648,232.2169282654879,10.0,314.5516724847,9.543434712027064,100,10,0,30.15106824509695,0.0963394213078373,322.16906536590284,341.5585232094469,340.65589847249265,P05_STRONGLY_CORRELATED,25,0.1
2876c28049161f2ef2e90f245d24f7299ba9cbd6f602669cbbc6337883089744,300.9566867083967,10.0,436.0421955506822,14.24094931629438,100,10,0,26.542773597749317,0.061203924512659,450.5824026603112,458.4468674729885,456.24023358807034,P05_STRONGLY_CORRELATED,25,0.1
c170110f52cd761f0c4ef3288592ea826d084196bfed81c01188e8745bc0029e,520.5735598916084,10.0,644.3378473301868,18.772810570761617,100,10,0,56.62804262336067,0.0883128561738839,660.4695326997114,695.1070970150319,693.4658737866339,P05_STRONGLY_CORRELATED,25,0.1
00c76cc7bcd3b2e60af91fd0e5702e1d6b5a5bb39f2099dac97ca88208edcba1,464.7722271921675,10.0,630.9789330081885,13.351473425739927,100,10,0,36.59556839257607,0.0582025703547504,644.0434005963681,662.9279015384104,660.8973515132661,P05_STRONGLY_CORRELATED,25,0.1
a0c7c6d0bb8f2ad1b0aaee4eece97815a9f1719f1157053fa01af16d33dd838d,661.4370441737321,10.0,826.3461048918399,21.47235789901725,100,10,0,54.325428379799746,0.0660266073811295,841.3756009021599,874.075992910946,870.6960462278472,P05_STRONGLY_CORRELATED,25,0.1
ce7bbab330cfd656474ffcca4020986edc70c519e1283f75268ab566aa18df9d,822.4512923072126,10.0,992.5581063186476,30.934659677133123,100,10,0,63.05185105742965,0.0638550361263372,1012.2590057309422,1046.5876645456044,1046.10822254327,P05_STRONGLY_CORRELATED,25,0.1
5e482ad1351cb39f6639dae6cfeee750b59b1862ddf9fbf49af17464ef2e221f,1016.0004901594976,10.0,1198.7279740299712,23.227339001305623,100,10,0,58.88265960899071,0.0492794983596734,1215.895558904243,1249.501045496211,1248.4898979238835,P05_STRONGLY_CORRELATED,25,0.1
e2fdcecc5c51fbf369120ae26279c113fa7643a2c3d9febd64281c69629b74a5,928.6541312738166,10.0,1125.816281453254,25.012541801515013,100,10,0,51.31074874189858,0.0457452359809415,1148.5525801197946,1169.1607062897351,1169.1494976165432,P05_STRONGLY_CORRELATED,25,0.1
a253d599c63e6acca9fa23fce73efd6548af5538b73d09a911f0f15d848bf877,1015.8717017981576,10.0,1217.3059893056222,26.42344811460244,100,10,0,48.45104330639515,0.0399458304752237,1245.8369168958347,1257.3824868610343,1257.0021127320576,P05_STRONGLY_CORRELATED,25,0.1
14ba3523ce03b78d86d849077605983ad65a58c992372ba360380b9cac5f8777,112.63131849856067,10.0,157.11586707606585,18.35383743415867,100,10,0,50.06795427128128,0.3249722222462467,169.6856433475888,201.3421391681638,199.59564688328976,P05_STRONGLY_CORRELATED,25,0.2
7c213683036a268813060bac431d5f375a02491cbc9f92d992bbf356b3340fb8,232.2169282654879,10.0,309.5007376744292,17.855104131191357,100,10,0,79.07993943844934,0.2579792119381738,322.16906536590284,381.65596982012465,379.3342701443136,P05_STRONGLY_CORRELATED,25,0.2
a0c6418eca83fad8d5bb786b520d994fcf5b81ad60a76c12422c36a8551417c0,300.9566867083967,10.0,428.0389359913464,21.93011684894784,100,10,0,73.28420184268157,0.1726781401173933,450.5824026603112,493.17309983143457,490.2156809788807,P05_STRONGLY_CORRELATED,25,0.2
e256d46eedace17a4a6120f6c334f525a4a57632da9249d51b4e47dd0d2af3d3,520.5735598916084,10.0,634.6989007632743,34.98007047515327,100,10,0,128.97718631032114,0.205086762190214,660.4695326997114,751.6683383868426,746.2865739303786,P05_STRONGLY_CORRELATED,25,0.2
e5eaaae356f2cff02010505c688c02209a7a573f3fe281276b47375b61354392,464.7722271921675,10.0,623.4485945295182,23.145882377183415,100,10,0,86.21363505106103,0.1391427914230588,644.0434005963681,700.4269718956244,694.4631771705141,P05_STRONGLY_CORRELATED,25,0.2
d449d8ac8f9efa9ef69b66099e51f66243dd3e7d23156aa564bb771ff4127e75,661.4370441737321,10.0,815.685572183215,36.44824237770906,100,10,0,115.77651226926388,0.1429986261676784,841.3756009021599,918.7929196465208,912.2373330951676,P05_STRONGLY_CORRELATED,25,0.2
e65e7424cfbc8233d1c64bfdae5bb02e83d39bb11490d96b82754469ea3e5dc2,822.4512923072126,10.0,974.8524055693854,52.07287600444096,100,10,0,131.44037784573618,0.136037595440302,1012.2590057309422,1089.7096715228577,1088.8429797298422,P05_STRONGLY_CORRELATED,25,0.2
ec96a4243eb52dfaf799ff0df4c002cca9962ffe97a0f654cec9acd1cb057d7e,1016.0004901594976,10.0,1184.5877507747375,45.77402883759355,100,10,0,119.19380684164456,0.101270242655027,1215.895558904243,1288.0248325780224,1286.2157492160122,P05_STRONGLY_CORRELATED,25,0.2
a523c854448043ffe6fb7441e15156d3013fa31c4a6e28c7d55ace4defdba29d,928.6541312738166,10.0,1110.2599254466695,43.04640955814513,100,10,0,94.69363336739934,0.0858422238288444,1148.5525801197946,1190.534689752517,1190.5346897537886,P05_STRONGLY_CORRELATED,25,0.2
140290ba428930ce2ee4ec1b18ab3e26eb8bf4c122278ea0ffa34a35a06eae48,1015.8717017981576,10.0,1199.9648271863778,52.32982171072071,100,10,0,83.71536973914476,0.0702736961376492,1245.8369168958347,1267.797324962989,1267.155990250386,P05_STRONGLY_CORRELATED,25,0.2
fb774965dd79849ff9b7fd76901b05a2d810b9feb1ae8d9dbc4309d2ed47b3d2,135.3585912258334,10.0,101.23391405603658,14.96895646295806,100,10,0,32.85693708432311,0.3327335924316553,115.19132867823272,130.48499105291822,130.41927593381322,P05_INVERSE_STRONGLY_CORRELATED,25,0.1
e57b182390f9bb3749648f6728626c12b331059d9f124a7ebc4ee57c07efe574,277.6714737200333,10.0,232.42668964053425,14.50048763927408,100,10,0,42.28327753080737,0.1838251183710706,246.60939382732707,270.44992336293853,269.8455571974559,P05_INVERSE_STRONGLY_CORRELATED,25,0.1
4c2a55c6820347e9e2132ee7f0b5fa90c0dbc4a1e825fa79698d1a9e1b9e34d7,369.1385048902149,10.0,312.9814577590663,20.864830699882635,100,10,0,46.34580217447632,0.149735847262553,329.0814726846168,353.58702579221244,353.31084387845544,P05_INVERSE_STRONGLY_CORRELATED,25,0.1
f8d8778777a90900b5eba3804602c6079988ffc6274d8e58f8c8e8270cbe5a65,611.4826508006993,10.0,532.9350657969186,22.96248418876153,100,10,0,58.4753369706666,0.1105138196715839,551.172103426605,584.7400439521408,581.3617735625168,P05_INVERSE_STRONGLY_CORRELATED,25,0.1
6ebc992959758948b7258cd4fc8ba48c14637962502ccc42f9549822d57ae857,578.4085908285311,10.0,499.88856072031626,27.282569465325228,100,10,0,38.35805250857612,0.0774349199026168,508.349788105757,530.8658945555246,529.4452463719284,P05_INVERSE_STRONGLY_CORRELATED,25,0.1
a723eae0ccb6d2f0cf1db7089f2edad027d65e2848fcdbff5dbec78e9fb58164,797.8006805373685,10.0,693.0100397451183,23.80740439755324,100,10,0,44.62446230284354,0.0647616338886946,707.773534655081,730.3914276188746,729.1162245287829,P05_INVERSE_STRONGLY_CORRELATED,25,0.1
00ccd998d5164148d86d19d5d0820c051dc3bbcce9d3d4ebd9ed2e214f4754a1,981.5422013981216,10.0,838.5729017973008,28.773842440224527,100,10,0,55.59847502505852,0.0666812031622784,861.4795309646853,885.4587978995412,883.9827999462613,P05_INVERSE_STRONGLY_CORRELATED,25,0.1
48af6a023b378caf72aca995021d4643cd2ed517e61a6bcab7c5a984066a6da4,1197.8186719776793,10.0,1022.9625528785872,39.182859914958264,100,10,0,52.970391436582986,0.0521127887060573,1037.8186668041044,1065.5225099726283,1064.91237325252,P05_INVERSE_STRONGLY_CORRELATED,25,0.1
62e9d93c72d9ebc81a9cda450ae9153c64a1ab5857d586c2695d3b38f73fdfdb,1133.199585819271,10.0,954.5969397935288,22.493686113706577,100,10,0,33.49880952069691,0.0352299342220987,973.1445596805024,980.835866835819,980.8278042440016,P05_INVERSE_STRONGLY_CORRELATED,25,0.1
18a5578b9c4b2206fff60322dda73c40f3b6322394bcc14bfc1305bf88b9666d,1243.1444290708848,10.0,1025.9299089122912,21.935672590910105,100,10,0,28.32743076167355,0.0277098413211581,1043.0537613996264,1047.3241609588017,1047.3241609588017,P05_INVERSE_STRONGLY_CORRELATED,25,0.1
6d61b8294e6c1177974ba39dd7500d4ced2b3db235251a118555dd9d8de9828a,135.3585912258334,10.0,87.57966084041212,34.16824447983041,100,10,0,77.7790471427423,0.949608958311292,115.19132867823272,156.7062622531486,156.2995588642239,P05_INVERSE_STRONGLY_CORRELATED,25,0.2
bd6c286ca3f98729414f6557200d4a6a953087fe13e959edc5e1783bec139dc3,277.6714737200333,10.0,220.22129204674397,31.631052626059773,100,10,0,97.414648317684,0.4531560939079471,246.60939382732707,308.33900260270815,307.1757831600057,P05_INVERSE_STRONGLY_CORRELATED,25,0.2
988d15c3bc56c0e963aa0b8906089b818931d5af2864e65e5717a9848cbb5c72,369.1385048902149,10.0,305.29938312847344,39.9960077745087,100,10,0,95.82252896457538,0.3208431534407546,329.0814726846168,389.709429084705,388.3950166685188,P05_INVERSE_STRONGLY_CORRELATED,25,0.2
c6d3aef3c60553db6f6742dfe025939b38166b228edaeffce58d3922ebfd1c86,611.4826508006993,10.0,520.501097595653,47.69751543812461,100,10,0,129.07726400081674,0.2518180582464979,551.172103426605,635.8556703153523,628.7614759938615,P05_INVERSE_STRONGLY_CORRELATED,25,0.2
cc171ac01280041cf62835ed67f8a57981202d420238a2ac2c33d7de1ca571d8,578.4085908285311,10.0,481.61778923008166,54.427182221594975,100,10,0,95.00028179281276,0.2010244433125326,508.349788105757,562.1235386646316,559.044088518947,P05_INVERSE_STRONGLY_CORRELATED,25,0.2
00de3e52f5a2f871da8e5d8b453c97e829bac632187b821affef3862e5066cf8,797.8006805373685,10.0,672.9082230583184,54.95103097186936,100,10,0,107.57051391162668,0.1620564537550656,707.773534655081,765.1528141693051,762.8025128364825,P05_INVERSE_STRONGLY_CORRELATED,25,0.2
640ec33f208df66139c8e16f41c901452d04bf2548d4f0e766a3b8694359effa,981.5422013981216,10.0,795.9141091161465,49.16857670281359,100,10,0,138.93185931382698,0.1763653743776239,861.4795309646853,919.2863252272332,916.7657393292866,P05_INVERSE_STRONGLY_CORRELATED,25,0.2
fa00d13bb8852fdb7eda06af5f8583baf61e162364f5e96e2ee8d367eec5acdd,1197.8186719776793,10.0,1015.1222292402864,59.85925659184867,100,10,0,98.16154487075266,0.097655372542352,1037.8186668041044,1096.225925265331,1095.2670657994918,P05_INVERSE_STRONGLY_CORRELATED,25,0.2
d25bc8531c2d8f0c73692fbefd0f198902363f170e0b10bba62af91ebf763021,1133.199585819271,10.0,945.101079905912,40.22934141684959,100,10,0,60.53047333934251,0.0645024410576584,973.1445596805024,992.613503062275,992.5156756136208,P05_INVERSE_STRONGLY_CORRELATED,25,0.2
5619bf714bcf63d03d612c8bff1073e7c5e2155ccc7a15552155d08c02594762,1243.1444290708848,10.0,1003.76056807675,62.19865652270372,100,10,0,64.04133595313249,0.0644646652141133,1043.0537613996264,1051.5274463382457,1051.385255992537,P05_INVERSE_STRONGLY_CORRELATED,25,0.2
40377ea5441dbf2b557719e33ccba1c6f135378741d0496928d22db44e36857c,112.63131849856067,10.0,163.5593875194567,9.87180742484689,100,10,0,15.312196169622922,0.0945662645989013,169.7677889639745,176.1841106685831,174.85731631319442,P05_ALMOST_STRONGLY_CORRELATED,25,0.1
ceda63cd5eb28255c560bc28d7d56f3868a853f27c6d9b904f27dd1d90a3f97c,200.63779113893116,10.0,312.6912682602969,7.301555989756465,100,10,0,17.725287217624953,0.0569068589599592,320.6945326056943,328.0305876083432,326.3515484516596,P05_ALMOST_STRONGLY_CORRELATED,25,0.1
7e242410459029abd4171c2822bee1d7e18be977e4f6c2b058361324cdddb5c4,278.8633363153005,10.0,408.5716199316549,7.377218940844819,100,10,0,28.727167227923474,0.070522644002023,418.70219929908814,434.4571162388253,433.816835894488,P05_ALMOST_STRONGLY_CORRELATED,25,0.1
cea74f0f1e5115f5410e636ed3ebb1a7aae63deef1fb1fc3a3df47801572fda7,469.97216703269294,10.0,595.0315592870205,26.494403407990102,100,10,0,52.007410709727765,0.0880537642922708,610.4279222141504,639.983933936262,638.5524245455177,P05_ALMOST_STRONGLY_CORRELATED,25,0.1
e8a958a60a428384ed1fc609f4898c18b202b09cb427070b9e0777c25cf8d786,515.9189618187869,10.0,669.9377573863711,16.032904077265236,100,10,0,45.03640647187126,0.0674929547411652,685.3854193385615,709.6401193642209,709.6401193641321,P05_ALMOST_STRONGLY_CORRELATED,25,0.1
4ee4e88912cbc9b92c6768ada6cef0ac2d53b8726d176cd6efd587b3fa4b6dae,669.2975149694981,10.0,826.8660775355348,32.737897592199076,100,10,0,60.67436291248612,0.073864285833283,849.3288910067663,878.889155258542,877.6429358396026,P05_ALMOST_STRONGLY_CORRELATED,25,0.1
4d0f9df10826585e61d09cbee347cd0be66574ab2ac06a7491ff686ed54cf584,907.9861870330462,10.0,1071.9435748630815,38.635904237762425,100,10,0,75.4981349352488,0.0708551058819676,1098.203036985892,1136.8969651661032,1134.178875901776,P05_ALMOST_STRONGLY_CORRELATED,25,0.1
feedb31f782b85e97880baca49b116ce1a4cf07c35d16c61512fb718ba77000c,1015.652441537617,10.0,1192.696287936155,36.39918625679651,100,10,0,72.47782708713589,0.0610775446271858,1221.3844171153014,1254.5776281187675,1253.78425896707,P05_ALMOST_STRONGLY_CORRELATED,25,0.1
1d581bc49163bf6e00e29ae3b4c903e1611d4356c46a81e10c07e455a73a581c,1078.0584145275466,10.0,1271.7529284648608,23.656888528194663,100,10,0,56.51617405932825,0.0445772688340644,1298.253456720691,1319.8199567920146,1319.537388765618,P05_ALMOST_STRONGLY_CORRELATED,25,0.1
2f59d7b9b7733b6c9ebbaac82d353325b638b507335850986f20acfb1701812b,1105.9222745163063,10.0,1306.5084199665257,29.0877860201531,100,10,0,51.35102278605882,0.0394498445763603,1335.988045545403,1348.5212777280035,1348.5081222067424,P05_ALMOST_STRONGLY_CORRELATED,25,0.1
6c4260516a6a54182c7ed7f45b0d98ef39ada8d014c1d6b619fa6ba8e5866063,112.63131849856067,10.0,156.40166164847784,14.906930927528729,100,10,0,50.25259346366124,0.3264712984159998,169.7677889639745,201.38771886208391,199.63863354346907,P05_ALMOST_STRONGLY_CORRELATED,25,0.2
a3f6d9442909cefe8b928bcd2eb29acd997fbd1f4cb0d9301d7a49bae45d2514,200.63779113893116,10.0,309.03689155797673,16.884354930333814,100,10,0,53.0410117185408,0.173204512749256,320.6945326056943,355.8438469400759,353.81579011811016,P05_ALMOST_STRONGLY_CORRELATED,25,0.2
eb6a5425b9df7f990e7521cf682e895a0052be2cff16efb65983389d1e1f62a3,278.8633363153005,10.0,401.69097944267594,15.152103551658168,100,10,0,74.17533092185539,0.1858215202818077,418.70219929908814,469.2259274602516,466.1798430847828,P05_ALMOST_STRONGLY_CORRELATED,25,0.2
206cab7cab7138ae54c0fa0db345e8aa38156f6c028b575014321ed4e8157f8a,469.97216703269294,10.0,587.0971534122898,30.896532699186512,100,10,0,115.8577063249761,0.1990794707368297,610.4279222141504,691.6853437850946,687.8694524804235,P05_ALMOST_STRONGLY_CORRELATED,25,0.2
838a6117629bbd70f030a3dc28b869b98af42581e45f5892b567b44cb1bd68f4,515.9189618187869,10.0,655.8285565651438,37.08646979963821,100,10,0,108.79532764057764,0.1674622527168533,685.3854193385615,752.6699999496396,752.6385527479883,P05_ALMOST_STRONGLY_CORRELATED,25,0.2
7ba559998bdba5a9585310f1db7d7bf14f7ee5451ea6a28987a2e3934e79340c,669.2975149694981,10.0,817.9202297502214,50.82989451424606,100,10,0,121.00225645524915,0.1494813767490706,849.3288910067663,923.580132628936,921.541730684135,P05_ALMOST_STRONGLY_CORRELATED,25,0.2
eba5fef110867af50b7e8dd2cda1baf85242af05070f79decdce1bc4e59c7452,907.9861870330462,10.0,1032.452794497509,61.40331718258644,100,10,0,170.49337989898368,0.1667812557690974,1098.203036985892,1184.4785650757651,1180.2392248330946,P05_ALMOST_STRONGLY_CORRELATED,25,0.2
d8fd5fe21e314b276175f1ee91acf7cdfaeb2ac8a7d03a93e3a1d352f6c82a08,1015.652441537617,10.0,1174.0610495682697,61.99312808972367,100,10,0,137.29987325798947,0.1179787560192372,1221.3844171153014,1292.1343627082174,1290.9404264489776,P05_ALMOST_STRONGLY_CORRELATED,25,0.2
cf69e80464de30781f194d4e883d46746c2d1f1ac18ea3cbb73cecd17ecc64dd,1078.0584145275466,10.0,1246.7860543951333,48.37032518630243,100,10,0,114.99913903330685,0.0928344732916526,1298.253456720691,1345.332834113204,1344.3587634470837,P05_ALMOST_STRONGLY_CORRELATED,25,0.2
881b06776f91449e406a60899bdbe24618b816ce3dfcb1a7f08c27cd81a5810f,1105.9222745163063,10.0,1272.7476513104446,57.57865764917808,100,10,0,105.122527817093,0.0832200611332706,1335.988045545403,1360.3166011733829,1360.1168265667425,P05_ALMOST_STRONGLY_CORRELATED,25,0.2
4eebdbbdda66b2bf6821d5548f9115ed8ccfbee2ba5a52b76fe9f6c8b517c1c5,112.63131849856067,10.0,106.91178131584896,5.901435337404772,100,10,0,25.212514388405296,0.2380067900410622,112.63131849856067,130.18361608401088,129.84597166707692,P05_SUBSET_SUM,25,0.1
c6499988bffea60ec9a9b29539e6207ab2d123e765be36e1e65a2e7e4e8bb04c,232.2169282654879,10.0,224.473605548395,10.440806536130491,100,10,0,43.35231529912792,0.1946319061283248,232.210510734419,264.5360181751007,263.7654400278009,P05_SUBSET_SUM,25,0.1
e214cfaec99ce2936f8fcda4f91b4424d300b8162ecafb61a48c4c2591fcdc8d,300.9566867083967,10.0,292.15586683588765,9.544155682563458,100,10,0,47.44920467747306,0.1632963301610335,300.95464575024477,336.087024176863,335.27939325926656,P05_SUBSET_SUM,25,0.1
1eb8f7730d1eda1c3242eca03c0df3fed6ba2c68167123b225a6fe80aba3b31e,520.5735598916084,10.0,508.9478528639005,16.889450423157964,100,10,0,68.32412419261681,0.1349896192027785,520.5662010337156,571.8021252612627,569.0491630595762,P05_SUBSET_SUM,25,0.1
c3d77896b536ce2a965540b42d438fe22b03f9eca87accc55e84c1dba32d4532,464.7722271921675,10.0,455.72276884493806,16.48840970937681,100,10,0,51.940070728191074,0.1146617774060659,464.7361316823204,502.52345847291485,498.7266334150533,P05_SUBSET_SUM,25,0.1
cc7fa68f5ef36640b14209719d4f577c7292362a96c9400cd5543066f3c8e540,661.4370441737321,10.0,646.171321296346,24.559846919558325,100,10,0,66.16331128292666,0.1030431220757753,661.3989918956045,705.300551543703,702.8775568246584,P05_SUBSET_SUM,25,0.1
7480e1222a5158b76ca5800324fe26ce94d012192b8ad7721bc9e71ce55e906e,822.4512923072126,10.0,803.0482990659925,31.02477180342435,100,10,0,71.05154616963114,0.0890485219757131,822.4246878252214,865.2534727377537,864.4634525571828,P05_SUBSET_SUM,25,0.1
f117c0cb4831b93e1699ef4a7cd8cfcd673f36e9babe5db18f43805b814e7044,1016.0004901594976,10.0,998.8916488114912,23.268809975941693,100,10,0,63.48425486094368,0.0638014683489939,1015.9519559917989,1054.7482951572229,1054.12058919939,P05_SUBSET_SUM,25,0.1
129e705bfa6862746ce312ce2bf05615129a62dfb5d542818c40c530b55f42c9,928.6541312738166,10.0,911.6653518518776,22.811905648787143,100,10,0,48.16837997853429,0.0530560238115754,928.5818177075168,952.5030003505212,952.2312390654048,P05_SUBSET_SUM,25,0.1
8389649b938fac7aad20cd10e4582c893268983c27b0e9902ff48bdc69c40865,1015.8717017981576,10.0,989.275383974731,25.46384925955272,100,10,0,46.21955739847158,0.0469211511205451,1015.7898756091704,1027.7355384209134,1027.5945327848278,P05_SUBSET_SUM,25,0.1
f19877decf88098a52ebdaeeb130725b2670ba51c57edb286284feefdabf043c,112.63131849856067,10.0,102.119793599037,13.323023188711652,100,10,0,60.25876166826457,0.6031446170474056,112.63131849856067,157.50964580798197,156.80572935603112,P05_SUBSET_SUM,25,0.2
966c24b2979eb089f611a371110b6f63fb2b1c7214d766d06b24127b17023868,232.2169282654879,10.0,219.4408046457148,15.660085187747764,100,10,0,92.40343751636956,0.4261352803250902,232.210510734419,305.4393820885331,303.6828783276225,P05_SUBSET_SUM,25,0.2
043b5d6e32b99318230c49bf0ef4a2785044203b3ae23579c10bc3c187a6696c,300.9566867083967,10.0,288.49643467241003,15.412785624250986,100,10,0,94.7737894703485,0.3314495393286647,300.95464575024477,376.2029620980849,374.3567555603581,P05_SUBSET_SUM,25,0.2
463a7b436a42677ffa68650c3a57fa12c0f5b045e80f9a3917f9e7ec5f7dd1dd,520.5735598916084,10.0,495.83299497723345,32.18916980692241,100,10,0,142.19679171064956,0.2899086113643744,520.5662010337156,626.920436618606,620.4799485123253,P05_SUBSET_SUM,25,0.2
073a1b7cb7a7dfacfa5b4a2f067876e89f670abc0ab589db899d13020e12c8d7,464.7722271921675,10.0,449.1459764578457,27.43783048134163,100,10,0,101.3412240060104,0.2279429881346546,464.7361316823204,540.9044549052076,533.8602346328082,P05_SUBSET_SUM,25,0.2
ee9acfbcdd043fbf3800f2bde1e4be4bcbda5e3f087002d439fa3655f4df6c36,661.4370441737321,10.0,635.7819154877974,30.64000556727898,100,10,0,123.23841839618068,0.1954011380689312,661.3989918956045,747.9913897063399,744.0402726821027,P05_SUBSET_SUM,25,0.2
344b067cf171bae59b68dca1576194ee00295fcec612f70ab74a35d0dcb71648,822.4512923072126,10.0,788.4775023579703,47.66069975276812,100,10,0,131.477088919832,0.1684385845793892,822.4246878252214,904.8728515522428,903.7480387067868,P05_SUBSET_SUM,25,0.2
3595e1ebed1ac444f571e5bcfaf88ab68df09c12aae58de083c5a16bc7b98d95,1016.0004901594976,10.0,985.5300724623942,42.14834927685938,100,10,0,118.72840215719782,0.1213332079970947,1015.9519559917989,1090.1160690653237,1088.8962208300434,P05_SUBSET_SUM,25,0.2
f6c8e7ca3ba6b0c0b4732c2f6fa49c1a8390047d3865a1346168a6bb4406dccb,928.6541312738166,10.0,892.5397633315672,37.87507829388027,100,10,0,93.26240268839,0.1052324913676155,928.5818177075168,973.0066539488172,972.6020298158066,P05_SUBSET_SUM,25,0.2
bbfe54f7ad8d5e6075f6f4c400e65702a82f4950668f634c95cee0848fdfdf65,1015.8717017981576,10.0,970.6732966882006,49.79069862450769,100,10,0,81.77865324596598,0.0849731249940048,1015.7898756091704,1037.8247862598305,1037.4881161718804,P05_SUBSET_SUM,25,0.2
5888d8d9eae309730ec02cf50c63e56d09d00acfb7bbea72c9ad5f3e061d79f3,238.4200597197812,10.0,185.132716592775,0.0,100,10,0,1.821287307027859,0.0098377387884067,185.132716592775,185.8648410550801,185.78456505446687,P05_UNCORRELATED_SIMILAR_WEIGHTS,25,0.1
73bf8f41aa561ca399f108e898b14eee22a010e7c384096a8f603aec4c5b0ac0,474.35276127206834,10.0,386.3511108902647,12.254127417561667,100,10,0,43.04054264737562,0.1119924558245524,384.8364480980629,422.4431969375419,414.57387515674213,P05_UNCORRELATED_SIMILAR_WEIGHTS,25,0.1
5d24fcf9f718a7ded0235e71225da2b8389edf55b6e4aa2854a503867d9482ca,709.2974903532443,10.0,541.2443177744732,28.655016694200473,100,10,0,46.02586257169969,0.0857912839330438,534.12482997588,578.4262612797457,573.2891972954596,P05_UNCORRELATED_SIMILAR_WEIGHTS,25,0.1
40bd56c72c99a84cb8c6ea0966b8ad669215aa77682e6e5e9eb74744f4eb23af,955.6445715092711,10.0,684.7867515019593,37.74646748758621,100,10,0,33.03213584896912,0.0486826724880517,707.6737344451569,709.3078202857625,707.959296934197,P05_UNCORRELATED_SIMILAR_WEIGHTS,25,0.1
2f9557c91d7dac715fdb10adfb931b24462f4e5d8c5b3ccf9bdce06b3b93a8e1,1187.3288207530454,10.0,738.2776655933344,33.027023360469094,100,10,0,31.481304087567196,0.0429606532066027,747.2706691022729,761.2410713126304,761.115476624248,P05_UNCORRELATED_SIMILAR_WEIGHTS,25,0.1
18b49533743bcd69b3a6344ceb093e3f3d02d9dc32a67057d76d41b6ec679d56,1429.8647627609223,10.0,880.4256866195765,26.482038291863756,100,10,0,35.750018006581854,0.0408091889742775,873.2365054851848,908.373137779707,907.9125535620728,P05_UNCORRELATED_SIMILAR_WEIGHTS,25,0.1
79317607ee558eaca142ab54ebd936d8fc2cfd30ca58eec6b317b52ebde0a5a5,1681.017888497369,10.0,1131.8981083635,13.195950655099807,100,10,0,28.524547461617654,0.0252495079130008,1130.7415031330272,1154.7758934210085,1154.1494686199655,P05_UNCORRELATED_SIMILAR_WEIGHTS,25,0.1
76c739a15fed17c95c83c87d6fb5d6332708ac4514ab2b901f90cacd5fde54c6,1918.936426601596,10.0,1240.1860863613538,13.89406367645628,100,10,0,13.542933347088365,0.0109404327428217,1251.7191348428792,1249.5161534002657,1249.5161534002657,P05_UNCORRELATED_SIMILAR_WEIGHTS,25,0.1
c8024dadf19426d97f308934069891e0d2a1d888955b95bca4de6b2444b8dcdb,2152.283219098283,10.0,1211.5553059062825,13.951681466888283,100,10,0,11.79380548600352,0.0097530824108371,1217.7030990669143,1219.3863525653824,1219.3863525653824,P05_UNCORRELATED_SIMILAR_WEIGHTS,25,0.1
8bf788e9c4f6abb1b458108ecb4f679a1aa60eec5464bc926b3c2e53000f96f8,2382.1409092716194,10.0,1223.0555138808072,11.045860575331972,100,10,0,8.382085460431881,0.0068636898985827,1227.1500448589702,1228.2857328200616,1228.285732820062,P05_UNCORRELATED_SIMILAR_WEIGHTS,25,0.1
4dc210ecc8c778aac832af00fc7fe38cff76cfadd29baf31a7ad5f2267721bcf,238.4200597197812,10.0,169.4476955406898,46.431322298758246,100,10,0,61.81873065279737,0.3822145920565978,185.132716592775,218.68395665046913,217.37321713366043,P05_UNCORRELATED_SIMILAR_WEIGHTS,25,0.2
929c49ca52011c9b3e31f065b22ac7cd22467f527abed50ced381874af1dccde,474.35276127206834,10.0,377.6568867514297,42.18156404567772,100,10,0,94.5395719742653,0.2550621394991222,384.8364480980629,460.1800712469045,455.09624224933026,P05_UNCORRELATED_SIMILAR_WEIGHTS,25,0.2
7385093f186271501253daf367cf5ff16aedb771bb911932bb6950d01494f0a4,709.2974903532443,10.0,540.0434881597091,35.40492667206429,100,10,0,70.91043233834807,0.132750081988244,534.12482997588,599.6319420912953,594.0972283306925,P05_UNCORRELATED_SIMILAR_WEIGHTS,25,0.2
ce517008db0876463d2998412f74a0bffa3ffe226359821e3557de6802b88ffa,955.6445715092711,10.0,670.3779238540229,87.89249025786455,100,10,0,85.05141467048827,0.1296941851992555,707.6737344451569,735.1209771085923,732.2866730069466,P05_UNCORRELATED_SIMILAR_WEIGHTS,25,0.2
4620843c3c9aba02c04d518c056c7e5da9ebe6ae906ee46a9fd98f6c1172c490,1187.3288207530454,10.0,725.7723832143329,33.38736561887657,100,10,0,61.84963038558453,0.0858749782995333,747.2706691022729,777.3273416063594,777.0379522963547,P05_UNCORRELATED_SIMILAR_WEIGHTS,25,0.2
131b99acd21e962619e0ecba0dd2c349b5f5d66cc33ba7e193038fd671c735d7,1429.8647627609223,10.0,876.0464806808174,42.27891152107121,100,10,0,63.2798535712152,0.072816941210919,873.2365054851848,926.4976464243769,925.9473752623868,P05_UNCORRELATED_SIMILAR_WEIGHTS,25,0.2
57187b9aa9b31597d00895d82f5f2d0346b502b0f98dc1774cf29c7f608a5ec0,1681.017888497369,10.0,1061.2182760611388,26.91986086689944,100,10,0,109.92769416654642,0.1040244594093636,1130.7415031330272,1161.2286969862098,1160.06794978972,P05_UNCORRELATED_SIMILAR_WEIGHTS,25,0.2
ff64d0d754d2b48f5b204acca77b02f4ec5dc443e36670116fcfacd77c19a2d4,1918.936426601596,10.0,1233.7028100234488,22.625980373543182,100,10,0,26.596159983940424,0.0216238434199485,1251.7191348428792,1253.0997563072442,1253.100028992675,P05_UNCORRELATED_SIMILAR_WEIGHTS,25,0.2
3ff4218bba14ffaba92e8de6486b41b3071125bc5b131ee82eb7993ed48a7aa2,2152.283219098283,10.0,1190.5115559590097,23.461128489295938,100,10,0,39.24877362921029,0.0330762189465418,1217.7030990669143,1222.5153439926985,1222.5153439927003,P05_UNCORRELATED_SIMILAR_WEIGHTS,25,0.2
c1fb0b5e12d6566d795a349473ae76e36b9c15acc9055b6de79e960911863b09,2382.1409092716194,10.0,1208.5864068179353,23.097307568173264,100,10,0,24.402440534156085,0.0202551676145868,1227.1500448589702,1226.7796733370628,1226.779673337063,P05_UNCORRELATED_SIMILAR_WEIGHTS,25,0.2
1d21134306f895e3933ddc0ca8940889032b6c863b810201c33a31d4ee2c9b52,112.63131849856067,10.0,115.7050434835473,9.199106964588374,100,10,0,22.359808479190335,0.1958335280504378,123.0,135.55078288190643,134.90673254405195,P05_PROFIT_CEILING,25,0.1
999f9e0a7bacc95fc7b78fb5a6a202416b885e35b1c9b99b7b9db840e28e4fff,232.2169282654879,10.0,239.652976494021,15.759201639441136,100,10,0,39.20905905181908,0.1654137094646885,249.0,274.7015656255869,273.5756466452206,P05_PROFIT_CEILING,25,0.1
dda4727b01dcad7c0e29c14c4f61c0a8c23dfe4bc83b959c57b29932f2bd56d9,300.9566867083967,10.0,314.38993000970726,9.528710224302378,100,10,0,39.413264266947294,0.1259983457945645,321.18807218821735,350.27635153534305,349.34911965741435,P05_PROFIT_CEILING,25,0.1
604d99de50e98f6ade088726ea4964734c250eb8dfb2254da3d56422628d33f4,520.5735598916084,10.0,534.9351109077902,19.32851872240917,100,10,0,61.46168517950525,0.1155890550743618,549.0,590.5401341686737,588.2523747851019,P05_PROFIT_CEILING,25,0.1
691ab0bae6eb62282d19b4954ec7154f1dee261160dd94b15b8fd356ac5d14e3,464.7722271921675,10.0,485.7599094873571,14.938090846200774,100,10,0,44.62671290020893,0.0923413955540481,492.86787810379184,525.5671717058333,522.8624459629979,P05_PROFIT_CEILING,25,0.1
5079303ab032af1d60a235b825c7fcd858026637eb8a79587ce7c4b34f6c4064,661.4370441737321,10.0,677.9382523518261,22.27264804225059,100,10,0,61.89731708610111,0.0918030759458249,696.0,733.126380758949,730.627339208706,P05_PROFIT_CEILING,25,0.1
9a13e449a4a5b76642cf9d1d5414eb41925b9ccb23162c84667cf34a68c0dc67,822.4512923072126,10.0,840.8656766820451,26.52200234894699,100,10,0,62.042889217596326,0.0741729931444981,858.0,894.8134803377546,894.1440859731268,P05_PROFIT_CEILING,25,0.1
daba8a67ac45217024c5db4bbc85aba23a9a6c44462c76956049329129eeea3d,1016.0004901594976,10.0,1032.125822195337,25.21091421502556,100,10,0,56.62995285468537,0.0550907276050846,1047.0,1080.7779550999765,1079.8944147636612,P05_PROFIT_CEILING,25,0.1
836c7ea586eae18286bf980fbd15153784f729f94bbf34c645ce21b01361ec26,928.6541312738166,10.0,941.3468749420828,20.75134120859724,100,10,0,47.131722586156116,0.0502523245739171,960.0,981.4877626807138,981.4771371065724,P05_PROFIT_CEILING,25,0.1
933fe2e8421ccb8488939b8ed8193604238a5e19b592dbc65902e6a0d0f4fa29,1015.8717017981576,10.0,1034.86745225431,27.587423792713167,100,10,0,37.305273361770105,0.0362086276948,1053.0,1063.992407465608,1063.7788836099237,P05_PROFIT_CEILING,25,0.1
8055068ae21725d7c8ddc4e71da3b86cce4d756bebdcc63b9864f56d870f1b61,112.63131849856067,10.0,110.96722573518772,12.4616610487199,100,10,0,56.87248762337491,0.5222541650279905,123.0,163.10523490553263,162.040843548818,P05_PROFIT_CEILING,25,0.2
0695b73cb1a24fa4b677f3716c5b6c7702f4cb056ae68e189263d44620c8e7bc,232.2169282654879,10.0,234.7243066870241,31.07368414972492,100,10,0,89.89986268323358,0.3916098605831499,249.0,315.6319493515561,313.32797827729047,P05_PROFIT_CEILING,25,0.2
5deabd9cf72aba0db4ec08dbc6afa157420387ec361085673b34554fc2084683,300.9566867083967,10.0,304.91264356099225,13.761126131207885,100,10,0,93.05320862144578,0.307484049478016,321.18807218821735,391.1334596898985,388.9324115047859,P05_PROFIT_CEILING,25,0.2
3c409cc68fda95fbf95f8a15d3fe646e8960d96465674d5fe32ba3f6b4eaca32,520.5735598916084,10.0,523.4015569569399,30.68164615424269,100,10,0,133.65523402386168,0.2578687564146212,549.0,646.1140222858114,639.9938482494751,P05_PROFIT_CEILING,25,0.2
d5aa1d5e8354eb6d11591cbf6af732faf7f160d9f8b7768b87deafc8f36e239a,464.7722271921675,10.0,474.10051837107886,25.66126278704607,100,10,0,99.08457552967786,0.2108901526226113,492.86787810379184,563.9603130883784,556.8323036338442,P05_PROFIT_CEILING,25,0.2
5be739db61540a334b058ee871a0c5555fcb4b6f5851e5ee33d8c21a2b05bb28,661.4370441737321,10.0,666.6487337803227,35.421670459496454,100,10,0,121.74346291931909,0.1842455786372836,696.0,776.4135960910677,772.1418204002266,P05_PROFIT_CEILING,25,0.2
9d07702f330ad2f89205fc03568f1baa7ae903c14d9617873ba69521c9d4bcdb,822.4512923072126,10.0,820.1572655582345,45.816286633519255,100,10,0,129.82826834015464,0.1597788113447948,858.0,935.1236627799352,934.2473110674208,P05_PROFIT_CEILING,25,0.2
264bba22069e4ba4edbc519a5e944eec8e1f713e35c5c2a7f765bfd9a47bf359,1016.0004901594976,10.0,1017.5446152827764,42.46849428643501,100,10,0,113.47237294544254,0.1122940508025926,1047.0,1116.6799750566822,1115.3385946882354,P05_PROFIT_CEILING,25,0.2
39a5f0d9c0b6153368c7ca14fb1e195e1145c54f60b6885a3e8d8805bedd4424,928.6541312738166,10.0,927.0379098835808,45.106849736951666,100,10,0,89.29619274708114,0.0971087459093313,960.0,1002.238785948942,1002.092623074518,P05_PROFIT_CEILING,25,0.2
c90d1dc5d79ac27ce6fba22d30c5eef1bbf69118c5d603521c8894286fea21ee,1015.8717017981576,10.0,1004.3376433460704,33.761211587589585,100,10,0,82.11372392310386,0.0822179794755835,1053.0,1074.3256433653469,1073.8756433653468,P05_PROFIT_CEILING,25,0.2
a2245035ec3c8feea8cc7c4e6e89b246f1caae7e44d3ee688181f571e981dc52,112.63131849856067,10.0,320.5656706728273,19.819342622975245,100,10,0,16.636198282646887,0.0524346523871337,328.6526028730332,331.6980746866588,328.3178277655742,P05_CIRCLE_INSTANCES,25,0.1
85b78982600aa809a6e46bb93422fd017ca69721e4c9dc362ab13c287b78061c,232.2169282654879,10.0,562.728682519931,23.827542845290516,100,10,0,23.489950604089927,0.0420384963770704,566.3772998567225,579.138047546896,577.8668561927058,P05_CIRCLE_INSTANCES,25,0.1
6a9067a332565a88f6fa28cccfe65de1a33f09bbdf12aa34de2ce00d576ffc12,300.9566867083967,10.0,807.9448943058812,25.481448031449336,100,10,0,21.663902976277427,0.0269547420980135,829.1968862699312,822.2454880539715,821.5345745064535,P05_CIRCLE_INSTANCES,25,0.1
a5653883170194ce9408edcc87e1cb00f64e9c3a458409874640eba471b8a0f9,520.5735598916084,10.0,1012.2557737546488,16.352408392631148,100,10,0,37.304016872906,0.0369514763492088,1024.957837447338,1044.1483454125578,1043.8887437369465,P05_CIRCLE_INSTANCES,25,0.1
b4fc5acb7490b73c727eb7c7e30424d3db6966ea62246ef7a2204dbb7d4e6701,464.7722271921675,10.0,1066.3828567202147,8.65624757094867,100,10,0,22.8436334692949,0.0214505171684172,1077.2504785569438,1085.222127604752,1084.846631806903,P05_CIRCLE_INSTANCES,25,0.1
78be124511d1aac8d0acef094a5227820c4fe97c650f47ad80f2997970c860c2,661.4370441737321,10.0,1273.3898123256108,26.162388136730907,100,10,0,50.197000890469326,0.0395549156724342,1286.162013114501,1314.4613033302596,1309.554298691054,P05_CIRCLE_INSTANCES,25,0.1
1cc1c56f0755f399ffbb8235ba9d461d577d3ec75b9d1268c1c5415cb1d4ffdc,822.4512923072126,10.0,1457.4367083266748,27.164624529261793,100,10,0,51.856497267950544,0.0356910716133019,1474.3931892006688,1499.672212614303,1499.5319417809014,P05_CIRCLE_INSTANCES,25,0.1
20f34d78fd6e42cb4cc50df753e1f796f05a71794a14e64096e77420a0edb6f6,1016.0004901594976,10.0,1739.3909861404695,38.6677389129069,100,10,0,40.523852172095985,0.0233840386528672,1748.182346870401,1767.598115437982,1767.1712837670502,P05_CIRCLE_INSTANCES,25,0.1
cad2f68a554b6925d0cfd3258b4a52ffd0e159f16bb3003e6b40f062017bf9a0,928.6541312738166,10.0,1645.1113401078896,31.77839388572959,100,10,0,48.30489711604491,0.0294571713264772,1663.25872608822,1682.5873428951056,1682.4716520550764,P05_CIRCLE_INSTANCES,25,0.1
4a0d70833188465d71f4910ff8712fd624f3f4dde9cf9d18e250c3949053fc50,1015.8717017981576,10.0,1779.862262897004,38.00578866936396,100,10,0,60.99474369528275,0.0343912950087393,1822.4956667490376,1829.09961948308,1829.0410239431717,P05_CIRCLE_INSTANCES,25,0.1
938101dd0d788c24169f8e97c482cc82eb2026f2e4414152b1fa39a7216f6035,112.63131849856067,10.0,312.44757029994776,27.12297033782875,100,10,0,47.87456722617037,0.1554651243603878,328.6526028730332,351.64190718332065,346.57868888929994,P05_CIRCLE_INSTANCES,25,0.2
1d5784462496901348c807d066bf3cebde0ae44286232244d41c1944f8a8604a,232.2169282654879,10.0,553.2025581873696,31.100466280616125,100,10,0,70.32031464887973,0.1283126889274808,566.3772998567225,613.0993868122346,609.2504619258082,P05_CIRCLE_INSTANCES,25,0.2
2d595ad36533a74033d915460ae6bb303e1edb998dbb61126459b7d4d5379080,300.9566867083967,10.0,797.1509646536515,35.425390475101246,100,10,0,51.95223880161336,0.0656568640442841,829.1968862699312,837.9031394113805,835.6269323775325,P05_CIRCLE_INSTANCES,25,0.2
010d83c15341bfdc422ff294ae0ef40073ca2f814dc08f40404964c09789c697,520.5735598916084,10.0,1000.4373296094392,45.07542220052664,100,10,0,104.95232775503746,0.1056971708164033,1024.957837447338,1090.490738906342,1087.8946559543554,P05_CIRCLE_INSTANCES,25,0.2
4313f3e9b079fbcc3d48d27c49d5ce56bcb4eaf7425aa2efde5d51969d97ed89,464.7722271921675,10.0,1058.4764240213658,24.960559480252535,100,10,0,61.4483537117369,0.0582817879138472,1077.2504785569438,1109.4839089224645,1106.889183102708,P05_CIRCLE_INSTANCES,25,0.2
687f32d98e94fc885876cacf43bfaa700c8e9c8136bbf336960e3482af0785dc,661.4370441737321,10.0,1264.552548543145,54.31522766182272,100,10,0,103.07959445491132,0.0821001952624464,1286.162013114501,1350.869543512154,1342.20027911347,P05_CIRCLE_INSTANCES,25,0.2
45205de5c9b5da86ee7be8461f710fba1afc4dd79861668eca78198b70a53072,822.4512923072126,10.0,1440.4925210063443,54.75377101552221,100,10,0,116.83440808657656,0.0816224016976035,1474.3931892006688,1538.837370178229,1538.654194823096,P05_CIRCLE_INSTANCES,25,0.2
a56dc2d6d8ea5c7d252b06e362f4a796bf0544a746e743ff0963c21616425083,1016.0004901594976,10.0,1714.4143164062891,59.20951503641568,100,10,0,105.16872357174408,0.0616976175070875,1748.182346870401,1799.6805977636573,1798.4732381975764,P05_CIRCLE_INSTANCES,25,0.2
8c7fa86603df0f94efd47da71ab857427a2026498af0e0377777e6319f265629,928.6541312738166,10.0,1637.037712578055,52.04051189903748,100,10,0,84.83763809810102,0.0520988681497745,1663.25872608822,1704.6385893128836,1704.6385893128836,P05_CIRCLE_INSTANCES,25,0.2
b75d5dc0efe181de84ae865bf57135394e7d20caee25bcb4258c8610bba1b97a,1015.8717017981576,10.0,1765.9694407976235,54.727944273594254,100,10,0,86.65837307427091,0.0493250829133913,1822.4956667490376,1835.47804821818,1835.1673819159696,P05_CIRCLE_INSTANCES,25,0.2
