instanceID,capacity,shortageCost,solutionValue,solutionTimeMs,instance,n_items,coeff_of_var
cd05356994028bbcfb3cd85077528a810a4421dea141977681235c2206fdf753,116.10846413274392,10.0,356.9071194209946,12.998291015625,P05_UNCORRELATED,25,0.1
f7217ac5ba7d75616b2bc37f0186f65ee3b27e21f8ce2f252b23012e8db311fa,260.2867799458042,10.0,506.94112308133214,69.517578125,P05_UNCORRELATED,25,0.1
b04fa84a74ce1b7da7f7a33d3e669d54879e3117ced5594de7cff9c954d0da94,330.7185220868661,10.0,575.2775481406278,312.5673828125,P05_UNCORRELATED,25,0.1
dc386dba03117d503f35dd52d60831090f07a4c07cb7c4ccf223f5481f96368a,508.0002450797488,10.0,810.8377133641253,120.49072265625,P05_UNCORRELATED,25,0.1
0e9c71196a05a749fedf6ec7ce931e2240658ec5e11af5378e8d3377d94f972c,507.9358508990788,10.0,911.0967823080616,223.068603515625,P05_UNCORRELATED,25,0.1
cf3241e529381952404c6a26a183fe909603e331b0ebad2bb8397f14cb3cda06,677.2632613258763,10.0,1024.1037729895802,182.359619140625,P05_UNCORRELATED,25,0.1
10e692be69e1e7b33f4b0aa9212b1943a286ad25ab1d6d104ca72c63268bca62,858.9901041571254,10.0,1198.2013996539104,1041.77978515625,P05_UNCORRELATED,25,0.1
f98d7f949749554f8fdbb95e88b6e4729d0e78aa5785a4b18569cd333ff9ca6a,997.9619811631276,10.0,1328.5799222856235,211.04541015625,P05_UNCORRELATED,25,0.1
8be4d492666231ae10b052b7dd31b4d00bc7cd1046a31a8fe18322b7f65ca1e1,1064.6533536483,10.0,1259.354112158382,365.504150390625,P05_UNCORRELATED,25,0.1
f1137bd732bbd6002a981a1b4a4929908cecb1e35f73ed437981fd93a4600b9b,1133.3468785043312,10.0,1193.6617279584625,393.074462890625,P05_UNCORRELATED,25,0.1
d7209ea6140aa2519d8e33b18ec7370bb1458bea470127d13ab17d03fc93cc1f,116.10846413274392,10.0,343.66505823585425,12.999755859375,P05_UNCORRELATED,25,0.2
031e3a5b6ebd36b46b12e07347b4c850103ef706842a636e1538e5a5494dd623,260.2867799458042,10.0,492.7532387317912,97.517333984375,P05_UNCORRELATED,25,0.2
b6d756c4cc538e4e34b620a75676f0ac36129976c433f3e06a3d9e5ddfd79061,330.7185220868661,10.0,551.5717459048768,352.662109375,P05_UNCORRELATED,25,0.2
419f68e9213eb413f4119c89a08a7d68767462bc2fc76930e07249d8787f5ad7,508.0002450797488,10.0,787.3677319762292,150.029052734375,P05_UNCORRELATED,25,0.2
5cf0cd08ab010a322797016ca01db80d6c8c0f9d89dd496ef5b0e5bad768f92e,507.9358508990788,10.0,892.7085682719688,180.040283203125,P05_UNCORRELATED,25,0.2
def104442f6e849308cf23207980b83a0d78e1b91e07553d2b6cda4a7ca5913e,677.2632613258763,10.0,999.7146229684228,212.0361328125,P05_UNCORRELATED,25,0.2
0a2dcdf00882e5c3b82e3ab0d80f003186ce207171d82c0779636980b60aa7a3,858.9901041571254,10.0,1163.4636406335114,1091.146484375,P05_UNCORRELATED,25,0.2
a6c57404b7ebbedc4003ac2cfb3a960fee7f2a3f210072b362918461a9080b6a,997.9619811631276,10.0,1306.8127356782338,193.14697265625,P05_UNCORRELATED,25,0.2
71b9ed199c612ac0a9ad290943b7e539d46175fc74849608c5393b56faf69104,1064.6533536483,10.0,1238.1206499728598,345.57373046875,P05_UNCORRELATED,25,0.2
a3a35592dfe81993b11ff4d93952d6993a3d26ee384a9aca97377e9188544330,1133.3468785043312,10.0,1186.480186081376,322.087646484375,P05_UNCORRELATED,25,0.2
f3cc47b06c3a37b1c3122d6ff8740e197134a9bd1e0005708274ed5bf24e4aec,230.46228554236768,10.0,828.7630327267618,2039.003173828125,P05_UNCORRELATED,50,0.1
f365d37793eae7ecfa74303626b0e057dcfdd3c64f5fb8ddf1abab3f91296797,488.9862060562209,10.0,944.9145943034448,3904.66796875,P05_UNCORRELATED,50,0.1
f18e504b48fdbadfaba22b57fc59e26cfb9fd6fcc2556ecfc1f594bbac0bf6c4,673.2803881476872,10.0,1239.5428039294984,27464.125244140625,P05_UNCORRELATED,50,0.1
7ffa7206751e7139c19957f001e6963a1b209a9d9ff01a9d1f0f051767a5fb2d,1006.8072113503724,10.0,1724.4083478496984,71632.67504882812,P05_UNCORRELATED,50,0.1
6fa1008e1cc1aa6541f7db681dadde9517447fe1db41220aa4a108c5efc529ca,1119.6345765103188,10.0,1893.53847401866,42026.697265625,P05_UNCORRELATED,50,0.1
def892a0afa62dcd9d7b4a1bde69efca1c9a07f6667950d44c799d558f9fddad,1338.503155357442,10.0,1899.8774693358,33835.877197265625,P05_UNCORRELATED,50,0.1
d9cd2d5d1a7b9a1af60f7538154de1317dc341ab84bd1969846aa3ca9bcb18c3,1525.452019385088,10.0,2057.9913268437726,27599.21240234375,P05_UNCORRELATED,50,0.1
109d8ebafe8dc2cfa47240a148b69a8bcb23af3f2a7efa37f99ce7d5c97f0469,1785.3808284860645,10.0,2365.438260362584,53359.49365234375,P05_UNCORRELATED,50,0.1
0b0c5f314839d164f0815d243ab9af796cee37f462344b4a50039c0e9d0e23e5,2050.164544284524,10.0,2201.455173896158,38918.3759765625,P05_UNCORRELATED,50,0.1
d85f2d7dc4f595ee123230188dffbda13e94c4472aac9fd7934948918560a0f8,2281.227024915277,10.0,2662.358908971521,128848.33447265624,P05_UNCORRELATED,50,0.1
05040d9b1acea46156bf8a5d47d51caa36dacc99b8291682c2f2881b1b6d5792,230.46228554236768,10.0,844.399340204393,2456.0068359375,P05_UNCORRELATED,50,0.2
b34d0a6e631f086df556dae856e7f712f0ed405e4dc340db0dd61453b2f73e8c,488.9862060562209,10.0,912.7203836196388,4644.699951171875,P05_UNCORRELATED,50,0.2
c70b554afc94c9c989c29bd3f3dbf9308d730e7aee6dd40c3ae0d9ae71060af0,673.2803881476872,10.0,1208.8921477319557,31469.164794921875,P05_UNCORRELATED,50,0.2
2d53daad8f6c44173d3bb20a5c56f295f6f5fd11867eaadfc1582445a955e9b6,1006.8072113503724,10.0,1685.3163085342983,78229.6826171875,P05_UNCORRELATED,50,0.2
632a1895153a39cd75faea70d86235c459305cc1bdd7453e9aaa8fb8f6b7d5e7,1119.6345765103188,10.0,1857.2172598945656,43298.103271484375,P05_UNCORRELATED,50,0.2
a638a6766e65ce20f61909c980c673a59131a9c65ca269f7f9eb3414ed06adea,1338.503155357442,10.0,1866.3699804993228,36055.3935546875,P05_UNCORRELATED,50,0.2
c44e7f4b3cab1585343240ef2d70257c53e591700a5a5510b55dc937deab3db3,1525.452019385088,10.0,2034.8383009610436,28368.40966796875,P05_UNCORRELATED,50,0.2
f14d8c78c3e3cd3dff0238f1273a2b9796782b8538cfb60fa3499da7de6ea6d4,1785.3808284860645,10.0,2326.676876442348,54527.38671875,P05_UNCORRELATED,50,0.2
51c9a5371a357f0ff2693956c0b00ec98ee2d5d33923486afdaea82fad70019c,2050.164544284524,10.0,2178.566764547302,38394.513427734375,P05_UNCORRELATED,50,0.2
8568203d7fdeb0ae5e801f9d9cbffc5bcab74a04969653d20643f37281a0b559,2281.227024915277,10.0,2638.505408378911,130588.84545898438,P05_UNCORRELATED,50,0.2
fcdb14c2a962df907a5112ba4f4c70fa931f46ae45012750018b9337f78418fc,447.6870558288326,10.0,1815.1126345966557,50913.184814453125,P05_UNCORRELATED,100,0.1
c6a5aca5901333389cfd31cacef7ad7da75db3a690f514a6091e71eebf8dba46,1008.253974586664,10.0,1494.8372108018507,600144.2658691406,P05_UNCORRELATED,100,0.1
820f31ea2320188532c13d5433eab27952214cd777829ccca224b746c53e86d5,1276.6190229759368,10.0,1465.309916417921,600094.638671875,P05_UNCORRELATED,100,0.1
f3cdf914791e30b55b88265bfe96c63fd529a97d324a875936a535687ca9ec09,1849.9340389557412,10.0,1509.9192826527196,600086.0988769531,P05_UNCORRELATED,100,0.1
fbc5cf70daf91e26c7dc8b5ddfe4875032b055ea9f7a621be76071d5369e6866,2363.862328567923,10.0,2237.7517819787304,600143.7817382812,P05_UNCORRELATED,100,0.1
d79cfb1fda2687fa0ce9615e558904476b5b74055b0dc9471efa68b5f69cbbbc,2676.325102485332,10.0,1937.113754823492,600128.2473144531,P05_UNCORRELATED,100,0.1
6a9a4f3e643b3d119687c55ea09686c283c66cc2f28bdb27d54507d6f25b0d63,3437.617036735994,10.0,1957.1779613958245,600159.703125,P05_UNCORRELATED,100,0.1
50f3ffdcbaa8a9ed86357f51befa6f85e499dfd31c410403dbb74a6c668a393a,4006.977012186977,10.0,1891.435020841771,600158.4880371094,P05_UNCORRELATED,100,0.1
a2f12a9d6dabf9557dc1b2a91a7cc0983b70ad543cc34aaf8306f5b5e5c10a66,4175.238338910199,10.0,1917.7509323219288,600102.6696777344,P05_UNCORRELATED,100,0.1
dd20511b78a0ba8abe1337cf57e869ae0abad8b05abb6761d16bd16365d97eb4,4329.982020871435,10.0,2131.359326692471,600178.6889648438,P05_UNCORRELATED,100,0.1
c9e5aef0362fe4a4ed7cc0a13b3caa22ecad5b2cdea969a9ae604c4b58b650a1,447.6870558288326,10.0,1791.5497370373605,98229.66625976562,P05_UNCORRELATED,100,0.2
688f8834bd1fa0a44c55e03dc1e044b828d98f35c1916ef0cd603e23712e4b8c,1008.253974586664,10.0,1428.5290086351415,600136.5063476562,P05_UNCORRELATED,100,0.2
b3bb4f3ebe362af1b3f22ba6d45594bae3a6e79cb6971f0fa62a2489a01060eb,1276.6190229759368,10.0,1472.937220362933,600093.1965332031,P05_UNCORRELATED,100,0.2
16657bb70f8c72c66d1400da54e4e64300e28790ad1c3b0725161c47db388b25,1849.9340389557412,10.0,1509.9192826527196,600101.2995605469,P05_UNCORRELATED,100,0.2
ff84869bfaf1d1457190039f3a7c32e8eefcae4a1ae27fddd8b1e9fa14a93c44,2363.862328567923,10.0,2237.7517819787304,600110.2216796875,P05_UNCORRELATED,100,0.2
c64bbe2ec9d07b95890e162e51137461ebb48680f9de52a6c5961f13f9b6db80,2676.325102485332,10.0,1937.113754823492,600152.1232910156,P05_UNCORRELATED,100,0.2
49354466fae081cfe6bae9afdd6d6177b12cc49e23796595c7d316a1492e0a19,3437.617036735994,10.0,1957.1779613958245,600158.7211914062,P05_UNCORRELATED,100,0.2
03fdaf45963920ced40545188e23e67c995188ddf4e8bcdbcff5f77130ad1946,4006.977012186977,10.0,1904.5162286107372,600121.6328125,P05_UNCORRELATED,100,0.2
f2bf093486a7542fb960218710a8d85d64d44299814d88615194d8d42cb966ea,4175.238338910199,10.0,1964.4695622724648,600128.2248535156,P05_UNCORRELATED,100,0.2
b1296e3130074eeb6834e731686ddaf757befacb9e00a6a19453ba6cba47ec0c,4329.982020871435,10.0,2209.7987191817106,600144.3657226562,P05_UNCORRELATED,100,0.2
6edf823d7351bde6cd88310898b59f452c94f0d724d64b0cd258c755d80b733e,112.63131849856067,10.0,563.2515577632659,25.99951171875,P05_WEAKLY_CORRELATED,25,0.1
15edebe68551685432612f69872ca8c4ec1e0558a004c625d3db615c97f12be0,200.6377911389312,10.0,1217.3455721101386,124.515869140625,P05_WEAKLY_CORRELATED,25,0.1
30fff6bc8037a6f813c984e07b5811ec09e775f5f37a348875a181d37dadb0ff,278.8633363153005,10.0,1323.9156515516995,458.581298828125,P05_WEAKLY_CORRELATED,25,0.1
650b239d2ed63f3a1e628836b0e6c8626ade6ded6a387be1ee5865394faab3f4,469.97216703269294,10.0,1375.7184625555874,288.0595703125,P05_WEAKLY_CORRELATED,25,0.1
4cbe655d7e40ba903bf7bdc00fdd10d1c47d588becef8249fff8e0a5c72feb81,515.9189618187869,10.0,1589.542398977208,295.1689453125,P05_WEAKLY_CORRELATED,25,0.1
2f3034523118557e83492b4d7d8fbb0ecbe8a4753e1af801694f5e1676265ec2,669.2975149694981,10.0,1805.8982235727597,260.0498046875,P05_WEAKLY_CORRELATED,25,0.1
c7dd2fd37e034caccf0bb5d042c56bb885f63a99471c503435726c3612e305a1,907.9861870330462,10.0,1866.46172287586,1330.2705078125,P05_WEAKLY_CORRELATED,25,0.1
dd7e8dfa440d858290f5097d0506f8015d9c89931a83c05944f7c56faa0bcf35,1015.652441537617,10.0,2009.263876672096,163.51904296875,P05_WEAKLY_CORRELATED,25,0.1
11b63efb78b026d9e7f96d2231c921a557937ee8d9a1bab9032d95b5d6815f9b,1078.0584145275466,10.0,2177.421449421642,523.25341796875,P05_WEAKLY_CORRELATED,25,0.1
fe121844db3bb5e963e7b72ae4990f2689b8810f8c0aa0e581dd5c45ed7397e0,1105.9222745163063,10.0,2302.786845881837,647.118408203125,P05_WEAKLY_CORRELATED,25,0.1
1774666aaaf07de0d4b5afdb689de921638248c12311f53de3aa2f61770c2a0e,112.63131849856067,10.0,546.1842794771594,23.0078125,P05_WEAKLY_CORRELATED,25,0.2
f688c7bbd100a3e1e10de0d70075f5b7ab7a81445aef8dedb699515066081856,200.6377911389312,10.0,1200.600576737953,90.514404296875,P05_WEAKLY_CORRELATED,25,0.2
2d4c8f74c56086ff6a26a52eb401ff382b51e927eb38f8100ad3f6f80630189d,278.8633363153005,10.0,1314.1503207293076,549.6357421875,P05_WEAKLY_CORRELATED,25,0.2
a39cc7058175b6c6e6bd5af23a9c83a125e8201283ee14abfa53a131ba57a8c8,469.97216703269294,10.0,1344.6300506659563,426.573974609375,P05_WEAKLY_CORRELATED,25,0.2
954c360b4972ec3400b057f7ca11f7eaa6e48046933bdef8d8296d9e86e7a972,515.9189618187869,10.0,1555.1765091603074,314.55224609375,P05_WEAKLY_CORRELATED,25,0.2
d2f1dc916fc762ef87b844652b0fe986561e50ed64e618e30d1ba52cfefefea4,669.2975149694981,10.0,1781.8680199101912,199.04248046875,P05_WEAKLY_CORRELATED,25,0.2
e593016e709588b5ced18cd8a649005bbdbca217d5abe1cd53bc5ad35e12dfc7,907.9861870330462,10.0,1808.2264551932344,1382.667236328125,P05_WEAKLY_CORRELATED,25,0.2
40940cc3dc5c847e6ff531d3c39a6fdb4ec6893cbb223fa631cbcec70bdd2ef8,1015.652441537617,10.0,1982.0345633692496,215.047119140625,P05_WEAKLY_CORRELATED,25,0.2
6cce107a405b638a2817feac3e2616d4fc0b0eacd9db6c5e002fcfa3787ac330,1078.0584145275466,10.0,2131.9278487288543,645.14306640625,P05_WEAKLY_CORRELATED,25,0.2
243a89235d27790f044f0c29862ea09466fc2ba57b1457766c70ee4a90ccb7a9,1105.9222745163063,10.0,2288.487723458931,449.076416015625,P05_WEAKLY_CORRELATED,25,0.2
05a061189db435e271125771cab9bed1424f3a590ebf6b5cf9699234c70d681c,228.73978263130465,10.0,1195.0594387100557,1342.3505859375,P05_WEAKLY_CORRELATED,50,0.1
79a4ce9b0a8bae01f8b8af26d78fab2650c3e99059655222546bb7e9ac3312eb,406.38790560144446,10.0,2298.6648997545453,5967.5927734375,P05_WEAKLY_CORRELATED,50,0.1
7a393ca09aee2e608ac9dafb1ef1a47d774ebacb1925a1523dda03fca1b1a4ee,614.3128876307193,10.0,2514.250923499928,41183.678955078125,P05_WEAKLY_CORRELATED,50,0.1
d7f26ec43e8d54d0312f2ce80910d7967d8ef69177394967afc47c12749afe0d,1009.7007378229551,10.0,2842.5294924797927,79753.1484375,P05_WEAKLY_CORRELATED,50,0.1
4e2abd93e285a3fce5ac41eba9fa75b65df069bd8c56985167a3394aabbed79d,1190.3954267643592,10.0,3108.2575145968053,48812.40869140625,P05_WEAKLY_CORRELATED,50,0.1
ae9bb61894340c5bdba251def88af2141a769378903e688ab7ecadadc1f72886,1214.7348905944316,10.0,3643.2578898756265,47906.26806640625,P05_WEAKLY_CORRELATED,50,0.1
eea63ae35df2ce2c44f9c8fb6fbe9cd6c535641a98c65958402bc55856105fa7,1459.004268430867,10.0,3954.721088654313,67195.03295898438,P05_WEAKLY_CORRELATED,50,0.1
ed4be04cdde454ad479212786071804878f1ea420473b9dfecf3dbf320670e22,1914.487249425419,10.0,3745.8739407097496,65858.29931640625,P05_WEAKLY_CORRELATED,50,0.1
92471947c720c74baa4063106f60b920e78900bc1a85b559e3edca6847cccd61,1890.1455097973376,10.0,4444.896318935472,69063.79296875,P05_WEAKLY_CORRELATED,50,0.1
c62b9dcd842dac0ed08539bc9af25cc715f2d039b2a6265c22747f9811cf2593,2446.4976322205694,10.0,4615.189151807924,159097.76708984375,P05_WEAKLY_CORRELATED,50,0.1
acbf179f5966daecf8d0a11314f0ee03103d8fa66f864d5de0155b5bac83f595,228.73978263130465,10.0,1170.338666875555,1184.80419921875,P05_WEAKLY_CORRELATED,50,0.2
1a5233a291f6e158aa413f7336d384ac280f279508d08da202185ac6d7376082,406.38790560144446,10.0,2277.9870760660483,5630.189697265625,P05_WEAKLY_CORRELATED,50,0.2
55dd205326f6a66b06ae5f6d3e21e5b61098f63ad9371ae36ce02634a9f55fa9,614.3128876307193,10.0,2459.8384299130275,38239.787109375,P05_WEAKLY_CORRELATED,50,0.2
63887e37bf72f353a06bda9c46ec6696c129619cba45024b53e5c2b07280f24d,1009.7007378229551,10.0,2779.1608377986754,79102.05712890625,P05_WEAKLY_CORRELATED,50,0.2
f3b7f1ba1804f87a497a94a4c24f7907250b060ec0c022642fabd3469b525881,1190.3954267643592,10.0,3049.2840439944466,40710.1162109375,P05_WEAKLY_CORRELATED,50,0.2
1625506f3d0b2178c1b55c1accf03e15c519b0a6109868aeb45f0fa43f124595,1214.7348905944316,10.0,3605.751917381421,40991.92602539063,P05_WEAKLY_CORRELATED,50,0.2
e1b9491502f1b3ad9adb7d81d3a5c201b938a1f18e53d3bc29f38b0299192050,1459.004268430867,10.0,3915.712418379859,57329.201171875,P05_WEAKLY_CORRELATED,50,0.2
5d700c0c898e18d7839597699bb65480c9d83a7ba975fe1d7fcacb925c03d1e4,1914.487249425419,10.0,3677.04441689795,52447.8388671875,P05_WEAKLY_CORRELATED,50,0.2
d2bb9eda943dba6b96b82f43e31c3bc931696922a85e7eea39ded0a2fda101a9,1890.1455097973376,10.0,4377.708641696699,58159.73828125,P05_WEAKLY_CORRELATED,50,0.2
5a919c34a77cc047e6c9a1c28f546ccb00024b0c6dda789cc4be2ba9bbcb2c34,2446.4976322205694,10.0,4542.4426962702455,138252.5439453125,P05_WEAKLY_CORRELATED,50,0.2
fe6f965f6b168fafcb26e84b49fd3158279ef45724ba121a7fac4470a325e911,459.20206817367233,10.0,2891.44924799208,107142.75927734376,P05_WEAKLY_CORRELATED,100,0.1
86c7c79818ab3873d3394b23076e6da0d4bedcd3670761cc1178fa8aebf97eeb,858.3955171856044,10.0,2365.911329425484,600131.8093261719,P05_WEAKLY_CORRELATED,100,0.1
fb0c7f22ad1e7fdf5e4c2edf9e43fdc7604265b7514233785c1668d715f63e44,1386.0180019648064,10.0,1978.8144464524007,600126.8996582031,P05_WEAKLY_CORRELATED,100,0.1
c962d214be9f04735fe30581ea20e8bb85f892acc75220638ba9734eb13ac31b,1705.4035930376886,10.0,1822.9914189032784,600114.7592773438,P05_WEAKLY_CORRELATED,100,0.1
0837928ca2d7e6aa4515ce4c8b8217b4258d1cb5ab0766968943052e7364e42b,2189.061141156589,10.0,2467.735297912719,600137.3359375,P05_WEAKLY_CORRELATED,100,0.1
7277d0d3189737a75b5e040a320cedb2525193e695da1ab12cb84496aba2f2d4,2886.177375009661,10.0,2374.7765225904336,600144.1689453125,P05_WEAKLY_CORRELATED,100,0.1
1b1a3e652ecb600a6742b3443e5e41cfefb10180f2964aac3087d138d861d621,3216.8335332140696,10.0,2070.698996927913,600135.7707519531,P05_WEAKLY_CORRELATED,100,0.1
6ed9c83d4c3635370be2098cc62abb25a2ab83170fffe620ef46c2a8e740d006,3490.5161734854346,10.0,2354.7367158185784,600147.6120605469,P05_WEAKLY_CORRELATED,100,0.1
d82bda3315051693834a9df07fcef38ad7807cf269e3e4ae9278b54254f38b26,3592.479997210422,10.0,2032.426383562081,600112.6589355469,P05_WEAKLY_CORRELATED,100,0.1
ea86a22b4c4a0708cbacd63038d95870b5921853bb422b95258d7699d10b0c87,4798.834635110607,10.0,2081.053516021728,600173.2155761719,P05_WEAKLY_CORRELATED,100,0.1
5540b11be45eb22af277782e53a7550335fdcbbd51a217c1748a3da1c8bf3f8d,459.20206817367233,10.0,2854.803756199786,188286.77978515625,P05_WEAKLY_CORRELATED,100,0.2
c9ae75acebe18e1d9c558c9b696646ded8f349aa5374fc1c62b5a15142228816,858.3955171856044,10.0,2386.9456858881986,600139.4401855469,P05_WEAKLY_CORRELATED,100,0.2
6e522248fdc2d36edab3c0d89316a09aadb78472bf52b3dbd9c9601b60e75009,1386.0180019648064,10.0,1988.796181874724,600123.6125488281,P05_WEAKLY_CORRELATED,100,0.2
bb984e4cc4ceb5cb473431105370be59bfbe597ef13971a17c428a19a5c5832d,1705.4035930376886,10.0,1822.9914189032784,600114.2646484375,P05_WEAKLY_CORRELATED,100,0.2
7f18bff2fb492cf19399388fc8a458083eb383c099e0de2367827a49db484fc0,2189.061141156589,10.0,2475.4475525403614,600160.0910644531,P05_WEAKLY_CORRELATED,100,0.2
b39969dbaa9bc8b591aff5b031575df3deca0b50423a503f4a67693084d5cd5f,2886.177375009661,10.0,2374.7765225904336,600154.0893554688,P05_WEAKLY_CORRELATED,100,0.2
7079157436a9dfda59eb3c250834215a89f5d50ed0baef017bfebf040607621f,3216.8335332140696,10.0,2070.698996927913,600153.2053222656,P05_WEAKLY_CORRELATED,100,0.2
9c263ba4392fea433cc7c6a0455f036c195528b529a0013ee8dd02dc29def11d,3490.5161734854346,10.0,2453.975633579756,600156.1564941406,P05_WEAKLY_CORRELATED,100,0.2
311e85a580d0286f59003b6a80b0f820eab92010e3842b2a02c0c847b4f533dc,3592.479997210422,10.0,2121.0651678269637,600133.2277832031,P05_WEAKLY_CORRELATED,100,0.2
9cf4ef004207973a0c7e8d153f70984021dc5f61b50b65662a3350a65d85a28f,4798.834635110607,10.0,2144.8060543461843,600139.7915039062,P05_WEAKLY_CORRELATED,100,0.2
c7c0e94d96f0bdde8ef48a0121f779d3984ee25050cb34f2a7946ac24887831e,112.63131849856067,10.0,162.14894245250352,468.11083984375,P05_STRONGLY_CORRELATED,25,0.1
3501a51ba19bb796d0eddb2784abe8e35615dec255dc3c9a9f37de25cf73a648,232.2169282654879,10.0,307.70388394375783,24744.61108398437,P05_STRONGLY_CORRELATED,25,0.1
2876c28049161f2ef2e90f245d24f7299ba9cbd6f602669cbbc6337883089744,300.9566867083967,10.0,370.7848640531597,600094.740234375,P05_STRONGLY_CORRELATED,25,0.1
c170110f52cd761f0c4ef3288592ea826d084196bfed81c01188e8745bc0029e,520.5735598916084,10.0,568.4244373524652,600101.96875,P05_STRONGLY_CORRELATED,25,0.1
00c76cc7bcd3b2e60af91fd0e5702e1d6b5a5bb39f2099dac97ca88208edcba1,464.7722271921675,10.0,514.6398176867289,600094.9912109375,P05_STRONGLY_CORRELATED,25,0.1
a0c7c6d0bb8f2ad1b0aaee4eece97815a9f1719f1157053fa01af16d33dd838d,661.4370441737321,10.0,700.4506355290346,600119.5969238281,P05_STRONGLY_CORRELATED,25,0.1
ce7bbab330cfd656474ffcca4020986edc70c519e1283f75268ab566aa18df9d,822.4512923072126,10.0,665.0803032065052,600120.4797363281,P05_STRONGLY_CORRELATED,25,0.1
5e482ad1351cb39f6639dae6cfeee750b59b1862ddf9fbf49af17464ef2e221f,1016.0004901594976,10.0,690.3210192948516,600169.4753417969,P05_STRONGLY_CORRELATED,25,0.1
e2fdcecc5c51fbf369120ae26279c113fa7643a2c3d9febd64281c69629b74a5,928.6541312738166,10.0,674.3855503641988,600116.7705078125,P05_STRONGLY_CORRELATED,25,0.1
a253d599c63e6acca9fa23fce73efd6548af5538b73d09a911f0f15d848bf877,1015.8717017981576,10.0,618.6964591066036,600110.9880371094,P05_STRONGLY_CORRELATED,25,0.1
14ba3523ce03b78d86d849077605983ad65a58c992372ba360380b9cac5f8777,112.63131849856067,10.0,146.31171833828563,554.083251953125,P05_STRONGLY_CORRELATED,25,0.2
7c213683036a268813060bac431d5f375a02491cbc9f92d992bbf356b3340fb8,232.2169282654879,10.0,294.23353696934544,27484.33935546875,P05_STRONGLY_CORRELATED,25,0.2
a0c6418eca83fad8d5bb786b520d994fcf5b81ad60a76c12422c36a8551417c0,300.9566867083967,10.0,344.31528124844885,600105.1936035156,P05_STRONGLY_CORRELATED,25,0.2
e256d46eedace17a4a6120f6c334f525a4a57632da9249d51b4e47dd0d2af3d3,520.5735598916084,10.0,539.7925875378046,600205.1059570312,P05_STRONGLY_CORRELATED,25,0.2
e5eaaae356f2cff02010505c688c02209a7a573f3fe281276b47375b61354392,464.7722271921675,10.0,487.5210070057118,600094.2841796875,P05_STRONGLY_CORRELATED,25,0.2
d449d8ac8f9efa9ef69b66099e51f66243dd3e7d23156aa564bb771ff4127e75,661.4370441737321,10.0,664.5852870104513,600116.3469238281,P05_STRONGLY_CORRELATED,25,0.2
e65e7424cfbc8233d1c64bfdae5bb02e83d39bb11490d96b82754469ea3e5dc2,822.4512923072126,10.0,665.0802834314089,600147.4445800781,P05_STRONGLY_CORRELATED,25,0.2
ec96a4243eb52dfaf799ff0df4c002cca9962ffe97a0f654cec9acd1cb057d7e,1016.0004901594976,10.0,690.3210192948516,600102.2697753906,P05_STRONGLY_CORRELATED,25,0.2
a523c854448043ffe6fb7441e15156d3013fa31c4a6e28c7d55ace4defdba29d,928.6541312738166,10.0,674.3855503641988,600101.9992675781,P05_STRONGLY_CORRELATED,25,0.2
140290ba428930ce2ee4ec1b18ab3e26eb8bf4c122278ea0ffa34a35a06eae48,1015.8717017981576,10.0,618.6964591066036,600092.814453125,P05_STRONGLY_CORRELATED,25,0.2
9c1cb76e95de04b4d55b161d1a5403df8b746ee0353560cee81ff32616e63946,228.73978263130465,10.0,273.04959263443584,600141.0051269531,P05_STRONGLY_CORRELATED,50,0.1
e48bffe7d569e07763efb6e8f43bccb0c1fcbc00245de7f5584eb6afdb910c98,460.92457108473536,10.0,476.6798892056495,600242.380859375,P05_STRONGLY_CORRELATED,50,0.1
10ce720cd2aa6965fa3fdb5dbad5ab6e7f7983b7f93d427fdb69dfb26f706083,609.5818584021666,10.0,510.56956988699744,600167.205078125,P05_STRONGLY_CORRELATED,50,0.1
82dbbe49788baa2b40da5ed80f96f02c47a5c9ebc71321e1ddfc668ca3713c3b,977.9724121124416,10.0,521.8661349844551,600181.9208984375,P05_STRONGLY_CORRELATED,50,0.1
be822e86690e92814edcdf6daecd84097dd5cae212fa5120bfc7539db437e1c1,1023.8548127178656,10.0,512.7118075182792,600176.0903320312,P05_STRONGLY_CORRELATED,50,0.1
866bd38778465455a272f7372fb4faccdf4a8ee14b6945c25d7cc5be0ab8b0d5,1346.5607762953744,10.0,500.49356909973136,600188.0910644531,P05_STRONGLY_CORRELATED,50,0.1
5e48ad3f2d4a56c2bec06bfebfaac447beb1046c17d29167e3f928f1f87e02d2,1766.9762911901714,10.0,530.3107225775324,600155.1169433594,P05_STRONGLY_CORRELATED,50,0.1
99ea50d42906811696a1393b7d7f8fa5d413c4274750a0817eaa7de7036a7cb6,2013.6144227007449,10.0,530.3199148267839,600207.8923339844,P05_STRONGLY_CORRELATED,50,0.1
d90f97b60d451e8c218296af971b4198074ca188c6b6e3e27b0ea7daf71b5476,2142.711768175847,10.0,525.1317299365531,600172.8408203125,P05_STRONGLY_CORRELATED,50,0.1
b0216ec663cd168bb5e3ab82c9277c9bc67ef988d4d96e7de7ec12311f2e4f00,2239.269153020637,10.0,509.6243792641608,600203.4807128906,P05_STRONGLY_CORRELATED,50,0.1
4b831b60c229b3b1fcf1be2c8554d95cd2277351cc9285e5e3b3467befbe3314,228.73978263130465,10.0,258.8039709930783,600175.3173828125,P05_STRONGLY_CORRELATED,50,0.2
770c01915275b31305023b0d88a447ab24a328a110d33fb19ec126e5f38a0c49,460.92457108473536,10.0,446.09366971556176,600199.3286132812,P05_STRONGLY_CORRELATED,50,0.2
7d6c4b8a6d61575dba872118b5670b340fa86ae203ce549aea19100d8aa68941,609.5818584021666,10.0,524.724753342709,600212.9497070312,P05_STRONGLY_CORRELATED,50,0.2
1752dfe947cb245f90c4fb6e558e1d3d322a289db31d1b0a536ccab6063b36fc,977.9724121124416,10.0,521.8661349844551,600199.3525390625,P05_STRONGLY_CORRELATED,50,0.2
07aaefe9763df8493a3575d944b4085e8ec93c2213ae270f76af3304615bc2e2,1023.8548127178656,10.0,504.23840093114126,600173.314453125,P05_STRONGLY_CORRELATED,50,0.2
e3f16aae2bc25f64c623c563a5ad1c6bce65db69c23ca480409e3d93eb9b3df3,1346.5607762953744,10.0,500.49356909973136,600186.890625,P05_STRONGLY_CORRELATED,50,0.2
7993f9790eb044c7e6075dcc87aef7e9b13111a4b38b4523334afd2227136928,1766.9762911901714,10.0,530.3107225775324,600194.810546875,P05_STRONGLY_CORRELATED,50,0.2
c937b900a490e90de3855ebc3c5027d0784e6575be2be63a90d3091d437619ba,2013.6144227007449,10.0,530.3199148267839,600174.0368652344,P05_STRONGLY_CORRELATED,50,0.2
18db234ee7cb4b42c22dde89f184ab29e0ec6700b21e4548fe612de6159e583b,2142.711768175847,10.0,525.1317299365531,600194.7504882812,P05_STRONGLY_CORRELATED,50,0.2
fe9c6fbdd70c9712d5b7ca53a7bf20f00646392b43f922ec36e3dd734b6bff01,2239.269153020637,10.0,516.6266484543082,600183.6176757812,P05_STRONGLY_CORRELATED,50,0.2
2af8581cf014ba159d3441f2d102ea9f2da3dab6971491acbdbd796256627114,459.20206817367233,10.0,324.40517863311743,600243.083984375,P05_STRONGLY_CORRELATED,100,0.1
2748a2bdbb1a0a0d39523db915152a4a04e0405bb34a40bf80acac5c3033f4b9,895.3741116576653,10.0,327.53910626427603,600254.7395019531,P05_STRONGLY_CORRELATED,100,0.1
4090fc5d53c68bf8479a9df6c55e4fa100ce6af1a513fc365c549a08486aea82,1287.5932757784065,10.0,325.2633980230398,600254.6206054688,P05_STRONGLY_CORRELATED,100,0.1
8d28fcdf1bc5476db236dc8562e9100f86bf81704f746005ed888c4ad765cefa,2016.507949173328,10.0,324.55217588153965,600205.5122070312,P05_STRONGLY_CORRELATED,100,0.1
169802df096c22cdb8a8e14b1098611298ff4ceecd9c6c9de2f5ec625a915183,2310.0300032746777,10.0,325.60562165569735,600282.9584960938,P05_STRONGLY_CORRELATED,100,0.1
e30a4cb134eca96887060ed04397e1c1c4d4c12cd9fbaa33db8077c0761a0340,2553.2380459518736,10.0,315.1797673775329,600250.5634765625,P05_STRONGLY_CORRELATED,100,0.1
be8a17d3e13183ee1e2af3cc789f7fc77ec8f78b25d0ea66c3067d8405fc31ad,2984.456287815955,10.0,325.89267261505034,600247.4213867188,P05_STRONGLY_CORRELATED,100,0.1
9b3f00ec263b5d80a0eb462845673abd6ec99211280803895aeed836a1541585,3699.868077911483,10.0,307.4485470499605,600230.8649902344,P05_STRONGLY_CORRELATED,100,0.1
0b8b0840d78436f44366a33306debd924092a25ee57f2be4557e2b3c58c658f8,3940.310054081861,10.0,326.3125659502144,600263.2922363281,P05_STRONGLY_CORRELATED,100,0.1
a5345a2ba1825a89983c9d70ea75cc97236143641a66fe5c08eef47c807673bd,4727.724657135846,10.0,323.17802320048884,600178.8972167969,P05_STRONGLY_CORRELATED,100,0.1
0ba6cb628aeb6d0e6aa458b3b08f5fc4f242c3f75dd67b33bd608d9575dc3fb8,459.20206817367233,10.0,324.4051378760076,600266.275390625,P05_STRONGLY_CORRELATED,100,0.2
8891f24fc8d98d55cce45322ca50ebdb3325adfa1610096e10b272a2382f3e29,895.3741116576653,10.0,327.53910626427603,600255.9555664062,P05_STRONGLY_CORRELATED,100,0.2
89ba061622f4b39d983384b6b5ae5322bdc3992160d93c96b3c80de72a5d89f1,1287.5932757784065,10.0,325.2633980230398,600226.4501953125,P05_STRONGLY_CORRELATED,100,0.2
5553e848e2f0c95a7c75b479d4f82f4477d16d144a867dd85b9bc27c0d4da06b,2016.507949173328,10.0,324.55217588153965,600289.4555664062,P05_STRONGLY_CORRELATED,100,0.2
c3c7a918b215868e46f3975012deccea0d94d50703f707870faf9105f4ec812a,2310.0300032746777,10.0,325.60562165569735,600205.6398925781,P05_STRONGLY_CORRELATED,100,0.2
c06513ff24916addc0d6cce9746cfee694ff2dd44774684beb02e571ea8f263f,2553.2380459518736,10.0,315.1797673775329,600148.3586425781,P05_STRONGLY_CORRELATED,100,0.2
e07f85f766000e5db43e032fe662ad411d4f326ec1197d60adb17b339c549722,2984.456287815955,10.0,325.89267261505034,600234.451171875,P05_STRONGLY_CORRELATED,100,0.2
d11a33f229858ee6f4671e94d70080f7ae2f3c3add33d8834feed0552fbbd96e,3699.868077911483,10.0,309.2410348703003,600243.8486328125,P05_STRONGLY_CORRELATED,100,0.2
3ecfb19570034b8f67d2ee50b277d7b934f4faab7e9d986f2153b816c2af141e,3940.310054081861,10.0,326.3125659502144,600235.8994140625,P05_STRONGLY_CORRELATED,100,0.2
7082eb970d56afb8cc411b1e6710a07002102c5cfb24687e0b999b9bf336a66d,4727.724657135846,10.0,340.1496846508548,604701.25,P05_STRONGLY_CORRELATED,100,0.2
fb774965dd79849ff9b7fd76901b05a2d810b9feb1ae8d9dbc4309d2ed47b3d2,135.3585912258334,10.0,99.68407914939093,318.0888671875,P05_INVERSE_STRONGLY_CORRELATED,25,0.1
e57b182390f9bb3749648f6728626c12b331059d9f124a7ebc4ee57c07efe574,277.6714737200333,10.0,221.4505984800635,110675.67358398438,P05_INVERSE_STRONGLY_CORRELATED,25,0.1
4c2a55c6820347e9e2132ee7f0b5fa90c0dbc4a1e825fa79698d1a9e1b9e34d7,369.1385048902149,10.0,298.46547737660694,286398.1850585937,P05_INVERSE_STRONGLY_CORRELATED,25,0.1
f8d8778777a90900b5eba3804602c6079988ffc6274d8e58f8c8e8270cbe5a65,611.4826508006993,10.0,509.7648448861376,600140.5415039062,P05_INVERSE_STRONGLY_CORRELATED,25,0.1
6ebc992959758948b7258cd4fc8ba48c14637962502ccc42f9549822d57ae857,578.4085908285311,10.0,478.9144464432434,600072.1484375,P05_INVERSE_STRONGLY_CORRELATED,25,0.1
a723eae0ccb6d2f0cf1db7089f2edad027d65e2848fcdbff5dbec78e9fb58164,797.8006805373685,10.0,569.6074024313386,600088.0927734375,P05_INVERSE_STRONGLY_CORRELATED,25,0.1
00ccd998d5164148d86d19d5d0820c051dc3bbcce9d3d4ebd9ed2e214f4754a1,981.5422013981216,10.0,562.2617516355693,600112.6828613281,P05_INVERSE_STRONGLY_CORRELATED,25,0.1
48af6a023b378caf72aca995021d4643cd2ed517e61a6bcab7c5a984066a6da4,1197.8186719776793,10.0,555.490378491813,600077.4191894531,P05_INVERSE_STRONGLY_CORRELATED,25,0.1
62e9d93c72d9ebc81a9cda450ae9153c64a1ab5857d586c2695d3b38f73fdfdb,1133.199585819271,10.0,553.1249097548382,600065.9521484375,P05_INVERSE_STRONGLY_CORRELATED,25,0.1
18a5578b9c4b2206fff60322dda73c40f3b6322394bcc14bfc1305bf88b9666d,1243.1444290708848,10.0,495.4114272060285,600067.4558105469,P05_INVERSE_STRONGLY_CORRELATED,25,0.1
6d61b8294e6c1177974ba39dd7500d4ced2b3db235251a118555dd9d8de9828a,135.3585912258334,10.0,88.03771971468136,398.055419921875,P05_INVERSE_STRONGLY_CORRELATED,25,0.2
bd6c286ca3f98729414f6557200d4a6a953087fe13e959edc5e1783bec139dc3,277.6714737200333,10.0,198.75447250586052,166729.64282226562,P05_INVERSE_STRONGLY_CORRELATED,25,0.2
988d15c3bc56c0e963aa0b8906089b818931d5af2864e65e5717a9848cbb5c72,369.1385048902149,10.0,274.2620138508867,600104.9458007812,P05_INVERSE_STRONGLY_CORRELATED,25,0.2
c6d3aef3c60553db6f6742dfe025939b38166b228edaeffce58d3922ebfd1c86,611.4826508006993,10.0,472.02543531705794,600112.96875,P05_INVERSE_STRONGLY_CORRELATED,25,0.2
cc171ac01280041cf62835ed67f8a57981202d420238a2ac2c33d7de1ca571d8,578.4085908285311,10.0,442.8532097932437,600073.2585449219,P05_INVERSE_STRONGLY_CORRELATED,25,0.2
00de3e52f5a2f871da8e5d8b453c97e829bac632187b821affef3862e5066cf8,797.8006805373685,10.0,569.5290800285255,600094.6337890625,P05_INVERSE_STRONGLY_CORRELATED,25,0.2
640ec33f208df66139c8e16f41c901452d04bf2548d4f0e766a3b8694359effa,981.5422013981216,10.0,562.2617516355544,600074.1486816406,P05_INVERSE_STRONGLY_CORRELATED,25,0.2
fa00d13bb8852fdb7eda06af5f8583baf61e162364f5e96e2ee8d367eec5acdd,1197.8186719776793,10.0,553.315999797482,600108.2353515625,P05_INVERSE_STRONGLY_CORRELATED,25,0.2
d25bc8531c2d8f0c73692fbefd0f198902363f170e0b10bba62af91ebf763021,1133.199585819271,10.0,553.1249097548382,600065.0563964844,P05_INVERSE_STRONGLY_CORRELATED,25,0.2
5619bf714bcf63d03d612c8bff1073e7c5e2155ccc7a15552155d08c02594762,1243.1444290708848,10.0,495.4114272060285,600076.6557617188,P05_INVERSE_STRONGLY_CORRELATED,25,0.2
6ed33b771270948d663c5c920c36602384d7b2c7602e15212768064ca5cf22e3,274.1943280858501,10.0,218.3403284356204,600140.6142578125,P05_INVERSE_STRONGLY_CORRELATED,50,0.1
4a12bf7aa908e72a7caf3d60f51b6225c45781a14a97b0684640123be5cc6120,551.8336619938262,10.0,460.7228156484064,600140.8427734375,P05_INVERSE_STRONGLY_CORRELATED,50,0.1
232771fd92e81dbd7302d437b6b5a17a0d05c6cb14b5dd6389ddf62c658de016,745.945494765803,10.0,430.6228510391789,600150.9670410156,P05_INVERSE_STRONGLY_CORRELATED,50,0.1
46c3d3157ac224244006cb5d36fb0ff8ec3468d5fd5de55ee3efed3156ccb42a,1159.7905939306236,10.0,435.61493040921766,600131.1166992188,P05_INVERSE_STRONGLY_CORRELATED,50,0.1
9733175477015e56d1d61d6cd43a110a5f68c8939b796c69e1df875701e2304b,1251.1275399905928,10.0,413.25545332234685,600154.5673828125,P05_INVERSE_STRONGLY_CORRELATED,50,0.1
7006693db94b268958edd2909e70a58cf7c3c699c75d846d6be65e6e1c6fec34,1619.288049022647,10.0,373.3231663739352,600219.5197753906,P05_INVERSE_STRONGLY_CORRELATED,50,0.1
16adef044ffab34008b313c78d688c4f377f30cef00ad3d410d4dabde8150ca8,2085.1581093719897,10.0,449.73108454981485,600231.6423339844,P05_INVERSE_STRONGLY_CORRELATED,50,0.1
c88e8cc7a7a07c527ffc65883a5a52d3139994383f1c05016a096b03766470d7,2377.250786337109,10.0,452.0216101043614,600171.3508300781,P05_INVERSE_STRONGLY_CORRELATED,50,0.1
e208c2057ec2a8a1831d29142c451ff0922c2450be87bcf1115fb04b827de911,2551.802677266756,10.0,435.3004745416108,600169.4987792969,P05_INVERSE_STRONGLY_CORRELATED,50,0.1
7ac18f68715313803cc286de2cca4cf9c1edb9141fe3f9630eb4d57c927c13bb,2693.814607566092,10.0,441.5015855208808,600186.16015625,P05_INVERSE_STRONGLY_CORRELATED,50,0.1
8bf56ce5c9cca3ceb0fe1224717120d0ca641dc94e6d7edb88c91d8486560368,274.1943280858501,10.0,195.99483159546915,600170.0390625,P05_INVERSE_STRONGLY_CORRELATED,50,0.2
94beff2b8a24216aa851a88fc4b3ff76510fdb2e73ea77bacd56d594c1c11260,551.8336619938262,10.0,424.0877493715288,600216.0544433594,P05_INVERSE_STRONGLY_CORRELATED,50,0.2
5d95e4efb5730ae0bff581896dd8635b1d65e6ae2defb77caf0e67f61cd37e26,745.945494765803,10.0,430.6228510136074,600174.4836425781,P05_INVERSE_STRONGLY_CORRELATED,50,0.2
bd1493e2223b3d3659eff7fa2d8c78e6aca364ad3af6e81082079d0976163ca5,1159.7905939306236,10.0,435.61493040921766,600143.13671875,P05_INVERSE_STRONGLY_CORRELATED,50,0.2
1525f1ac871bbb1cf7bcced5ae562e4f32685d893a51dd05fbc44c2a526684c2,1251.1275399905928,10.0,413.25545332234685,600195.478515625,P05_INVERSE_STRONGLY_CORRELATED,50,0.2
b937018b5ff3edbab56d4068912ea088956dcc627826dbc15fafb5ab8a5cf3fe,1619.288049022647,10.0,373.3231663739352,600203.0173339844,P05_INVERSE_STRONGLY_CORRELATED,50,0.2
4d0682020755a3ff478be3cd493fcaf8a7e0045fe79d03803f3e8f3eb35c5cc8,2085.1581093719897,10.0,449.73108454981485,600137.7368164062,P05_INVERSE_STRONGLY_CORRELATED,50,0.2
afdee054e80dd5f4b46cc758d07c3fd9b519259777a7b1f7bf277eada46b2c31,2377.250786337109,10.0,434.6910055181313,600188.0795898438,P05_INVERSE_STRONGLY_CORRELATED,50,0.2
1d6616fde842d5081f336766aab9b6ba7e2686e1cde3c6b0445454f68f879f53,2551.802677266756,10.0,435.3004745416108,600242.62109375,P05_INVERSE_STRONGLY_CORRELATED,50,0.2
9883e191fc8d4d28c77aab7bd5073f20fd6ad6d1e400d3cbd966747da6b242f2,2693.814607566092,10.0,441.5015855208808,600166.9360351562,P05_INVERSE_STRONGLY_CORRELATED,50,0.2
af92813e8206f0d48c853002f57d6e6a8f8d2547dec1d54735db0c3d8dc3915f,550.1111590827633,10.0,283.1409131843388,600283.517578125,P05_INVERSE_STRONGLY_CORRELATED,100,0.1
81b55964998553dc482235ef6ad8e580c752d0a338a6a572ec22ae2f633ab501,1077.192293475847,10.0,297.53910626427603,600323.9462890625,P05_INVERSE_STRONGLY_CORRELATED,100,0.1
620198567cb05ebb4009fde174e707590c7741c389c0908370ac7dad87fa02f9,1560.3205485056792,10.0,290.15562611291426,600311.3935546875,P05_INVERSE_STRONGLY_CORRELATED,100,0.1
68fff52a1398ea5cee75cf64152399f4b9d9c302020256747bee577402007923,2380.144312809692,10.0,293.54043876971383,600241.0544433594,P05_INVERSE_STRONGLY_CORRELATED,100,0.1
98652f22c54321abb6e3e61eff2798a23b60cdda2dc67afa7ad7b15dabbf792e,2764.575457820132,10.0,291.84320768140896,600295.9931640625,P05_INVERSE_STRONGLY_CORRELATED,100,0.1
f5c2dfebed5355c24aefbcaf7e73764ac7a03f565c1b709d579dd1b9fc36bc0c,3098.6925914064186,10.0,282.6335265514845,600220.4284667969,P05_INVERSE_STRONGLY_CORRELATED,100,0.1
75fff579f920917bb6ab67162252cc824e6a2e897a560f955c6b871b1a54f2fc,3620.819924179592,10.0,289.4060804435203,600354.4614257812,P05_INVERSE_STRONGLY_CORRELATED,100,0.1
bd211df876b3a7f5687b88480da275fbd652b0c8b584eaabbe064ba6b4839f97,4427.14080518421,10.0,271.7832642269598,600240.2175292969,P05_INVERSE_STRONGLY_CORRELATED,100,0.1
0df38ec48f952f1c7809e0bbde136ec15f0b7df53e3beb0fbcb5d7393f32d544,4758.491872263679,10.0,287.0389612866808,600298.9020996094,P05_INVERSE_STRONGLY_CORRELATED,100,0.1
874c693c35aacdebd810cf278aa1c46bba5156672de3e771b5325f7e0bfbbc1f,5636.815566226755,10.0,289.99612319008304,600283.6362304688,P05_INVERSE_STRONGLY_CORRELATED,100,0.1
9356afea9f32b3918ed1fd6eb4faede3b74265344dc00054c1270ed71b59479e,550.1111590827633,10.0,283.14091318284505,600228.9396972656,P05_INVERSE_STRONGLY_CORRELATED,100,0.2
6a1f0320a567ca105b434fd68962906297e8852fdf82880502821540cb3c3d77,1077.192293475847,10.0,297.53910626427603,600151.0952148438,P05_INVERSE_STRONGLY_CORRELATED,100,0.2
3d6faff3d0bd0f39b0a3bf92f95e89320c8b94764a2d315a613de746c0538e1a,1560.3205485056792,10.0,290.15562611291426,600217.1870117188,P05_INVERSE_STRONGLY_CORRELATED,100,0.2
0ed05f7c8247362a7fa01ae2c189b6383507c5fa8cf243140b1cb69e102f13a9,2380.144312809692,10.0,293.54043876971383,600193.7939453125,P05_INVERSE_STRONGLY_CORRELATED,100,0.2
17e6071f692d2c51c45b6db56c214c7db6efba82b8df444e8c743f8f99a7cadb,2764.575457820132,10.0,291.84320768140896,600253.5944824219,P05_INVERSE_STRONGLY_CORRELATED,100,0.2
a8e632c34a7af4385946903a1d9f8e17659a51cd1f3f99a92e1a6e79d746a43b,3098.6925914064186,10.0,282.6335265514845,600248.279296875,P05_INVERSE_STRONGLY_CORRELATED,100,0.2
dd4512e674c1fad2aa15dda84405b8a2c2a85e644e2910ea0292ed7ec9fe995c,3620.819924179592,10.0,289.4060804435203,600167.5930175781,P05_INVERSE_STRONGLY_CORRELATED,100,0.2
3678dd60f752e77f5fbff800e1b33456897621d6e0849fef9f3e27caa0a5e16f,4427.14080518421,10.0,272.87381739862127,600248.3647460938,P05_INVERSE_STRONGLY_CORRELATED,100,0.2
7f0aa3ae2a9b58dc348e087245ad6b49b2c751b0051d1882a199d619b7a3cf77,4758.491872263679,10.0,287.0389612866808,600250.9123535156,P05_INVERSE_STRONGLY_CORRELATED,100,0.2
b181ad0a52efea463e54fd9973220727ae449eba6c99ab7c7c047f22d18e0be0,5636.815566226755,10.0,290.5031369853887,600185.8291015625,P05_INVERSE_STRONGLY_CORRELATED,100,0.2
40377ea5441dbf2b557719e33ccba1c6f135378741d0496928d22db44e36857c,112.63131849856067,10.0,162.1357955902356,500.59326171875,P05_ALMOST_STRONGLY_CORRELATED,25,0.1
ceda63cd5eb28255c560bc28d7d56f3868a853f27c6d9b904f27dd1d90a3f97c,200.6377911389312,10.0,309.90416843455347,43033.1103515625,P05_ALMOST_STRONGLY_CORRELATED,25,0.1
7e242410459029abd4171c2822bee1d7e18be977e4f6c2b058361324cdddb5c4,278.8633363153005,10.0,402.9449821626904,146281.32373046875,P05_ALMOST_STRONGLY_CORRELATED,25,0.1
cea74f0f1e5115f5410e636ed3ebb1a7aae63deef1fb1fc3a3df47801572fda7,469.97216703269294,10.0,532.7641170980966,600086.4362792969,P05_ALMOST_STRONGLY_CORRELATED,25,0.1
e8a958a60a428384ed1fc609f4898c18b202b09cb427070b9e0777c25cf8d786,515.9189618187869,10.0,575.4107032026252,600089.2924804688,P05_ALMOST_STRONGLY_CORRELATED,25,0.1
4ee4e88912cbc9b92c6768ada6cef0ac2d53b8726d176cd6efd587b3fa4b6dae,669.2975149694981,10.0,684.7319232380934,600087.5256347656,P05_ALMOST_STRONGLY_CORRELATED,25,0.1
4d0f9df10826585e61d09cbee347cd0be66574ab2ac06a7491ff686ed54cf584,907.9861870330462,10.0,790.601640812806,600115.2707519531,P05_ALMOST_STRONGLY_CORRELATED,25,0.1
feedb31f782b85e97880baca49b116ce1a4cf07c35d16c61512fb718ba77000c,1015.652441537617,10.0,803.3831807034328,600087.6140136719,P05_ALMOST_STRONGLY_CORRELATED,25,0.1
1d581bc49163bf6e00e29ae3b4c903e1611d4356c46a81e10c07e455a73a581c,1078.0584145275466,10.0,781.0170224123497,600090.2546386719,P05_ALMOST_STRONGLY_CORRELATED,25,0.1
2f59d7b9b7733b6c9ebbaac82d353325b638b507335850986f20acfb1701812b,1105.9222745163063,10.0,741.7972475426336,600093.5883789062,P05_ALMOST_STRONGLY_CORRELATED,25,0.1
6c4260516a6a54182c7ed7f45b0d98ef39ada8d014c1d6b619fa6ba8e5866063,112.63131849856067,10.0,146.1890871354805,448.09423828125,P05_ALMOST_STRONGLY_CORRELATED,25,0.2
a3f6d9442909cefe8b928bcd2eb29acd997fbd1f4cb0d9301d7a49bae45d2514,200.6377911389312,10.0,298.8947212743639,39802.260986328125,P05_ALMOST_STRONGLY_CORRELATED,25,0.2
eb6a5425b9df7f990e7521cf682e895a0052be2cff16efb65983389d1e1f62a3,278.8633363153005,10.0,388.9223856070258,146853.4931640625,P05_ALMOST_STRONGLY_CORRELATED,25,0.2
206cab7cab7138ae54c0fa0db345e8aa38156f6c028b575014321ed4e8157f8a,469.97216703269294,10.0,508.2400266840232,600094.0424804688,P05_ALMOST_STRONGLY_CORRELATED,25,0.2
838a6117629bbd70f030a3dc28b869b98af42581e45f5892b567b44cb1bd68f4,515.9189618187869,10.0,547.6870050084615,600102.6486816406,P05_ALMOST_STRONGLY_CORRELATED,25,0.2
7ba559998bdba5a9585310f1db7d7bf14f7ee5451ea6a28987a2e3934e79340c,669.2975149694981,10.0,671.7285336366557,600097.30859375,P05_ALMOST_STRONGLY_CORRELATED,25,0.2
eba5fef110867af50b7e8dd2cda1baf85242af05070f79decdce1bc4e59c7452,907.9861870330462,10.0,790.5966488252767,600417.232421875,P05_ALMOST_STRONGLY_CORRELATED,25,0.2
d8fd5fe21e314b276175f1ee91acf7cdfaeb2ac8a7d03a93e3a1d352f6c82a08,1015.652441537617,10.0,803.3831801871023,600095.8254394531,P05_ALMOST_STRONGLY_CORRELATED,25,0.2
cf69e80464de30781f194d4e883d46746c2d1f1ac18ea3cbb73cecd17ecc64dd,1078.0584145275466,10.0,781.0170224123494,600100.8244628906,P05_ALMOST_STRONGLY_CORRELATED,25,0.2
881b06776f91449e406a60899bdbe24618b816ce3dfcb1a7f08c27cd81a5810f,1105.9222745163063,10.0,741.7972475426336,600100.4870605469,P05_ALMOST_STRONGLY_CORRELATED,25,0.2
705e40b9130226acd24e76a92b0f786161edabf2532f36a2039a73d6cef030d6,228.73978263130465,10.0,336.7964844957713,428038.9909667969,P05_ALMOST_STRONGLY_CORRELATED,50,0.1
343f0e5fd4f7e6d0a3a07f707ef59545ae6d231f0f26e553f4c498a41c2e18ab,406.38790560144446,10.0,437.6533300323264,600166.775390625,P05_ALMOST_STRONGLY_CORRELATED,50,0.1
0f442ef4cb7cb9b0ed9e04b7c75bb5c7a715c67a12e26cf474e4a344b4b4ecba,614.3128876307193,10.0,543.8741968028918,600134.8327636719,P05_ALMOST_STRONGLY_CORRELATED,50,0.1
5cf6bb2645523cad7f8d2a3fb06d50b93219a371cfb839bc2cabd523f1c00d0a,1009.7007378229551,10.0,610.7384724283596,600134.3068847656,P05_ALMOST_STRONGLY_CORRELATED,50,0.1
216aa68f87471225eb39ecf9a8d7121aa36ad0319198d6e487ba25c82b1c3299,1190.3954267643592,10.0,564.7840051417411,600154.6489257812,P05_ALMOST_STRONGLY_CORRELATED,50,0.1
9c9b6d21538c504802e5d3a30dc933709f76b4f36eb37545f8ad95dd44095c9a,1214.7348905944316,10.0,575.9093229050607,600214.4621582031,P05_ALMOST_STRONGLY_CORRELATED,50,0.1
51f4f52716767e9c5450e836b1f93ab73c9e00df45b812aa8708e55621083492,1459.004268430867,10.0,582.4496588098652,600136.9907226562,P05_ALMOST_STRONGLY_CORRELATED,50,0.1
974ccfb4e73358d294e18337f28fa4c28504a477a3f07f95861340edf2a277a2,1914.487249425419,10.0,575.0974543132052,600164.603515625,P05_ALMOST_STRONGLY_CORRELATED,50,0.1
60da4e0e91477ba5b3e2c14216eb469fdb17761738b33615f1fe2e14cf2feaf8,1890.1455097973376,10.0,579.934394732433,600144.0461425781,P05_ALMOST_STRONGLY_CORRELATED,50,0.1
5bbb356d561a4b95404a1b324fe8df0a677cf006cba8d2672559317130981e34,2446.4976322205694,10.0,560.0266823307495,600128.1940917969,P05_ALMOST_STRONGLY_CORRELATED,50,0.1
db46a2552aa81a74bdfbbc9b9cb8866eb000d91740a4e77b9703a1bfb4f9dd4a,228.73978263130465,10.0,325.63536360676363,519803.3156738281,P05_ALMOST_STRONGLY_CORRELATED,50,0.2
21d421f4937d1ca8c39e63d9783481e51e12bc90e04cfc96a31fae8782900220,406.38790560144446,10.0,412.0273175186453,600125.8469238281,P05_ALMOST_STRONGLY_CORRELATED,50,0.2
d49431358dd44b1779d1827338ea647c28b9316967a1ecbeb44a223adff0b1a2,614.3128876307193,10.0,559.0123648647199,600122.2937011719,P05_ALMOST_STRONGLY_CORRELATED,50,0.2
ccb8a57194d572e02f6213c4cd19addffeb498cebcd0f061673adf6c7acfdf7c,1009.7007378229551,10.0,611.9008768880233,600158.9809570312,P05_ALMOST_STRONGLY_CORRELATED,50,0.2
d7ea276af1c7b6e9cad816a473252d02bd05ca10ba1d3d4b03cd6ca9a09cbdd3,1190.3954267643592,10.0,564.7840051417411,600127.3032226562,P05_ALMOST_STRONGLY_CORRELATED,50,0.2
3d1d7cc03baec4db7e1db591a8230b97aa843ad52fca4bc617af6fedc9c3a937,1214.7348905944316,10.0,575.9093229050607,600144.4821777344,P05_ALMOST_STRONGLY_CORRELATED,50,0.2
8034288d4e23b2abbd5fa89be6af694c60a2974c320de2f0abc8e903ebf0f605,1459.004268430867,10.0,582.4496588098652,600148.5419921875,P05_ALMOST_STRONGLY_CORRELATED,50,0.2
c730f58338e76ce4d7c4711192dbd29f59f94448551decb992a52453dada4d6f,1914.487249425419,10.0,575.0974543132052,600175.7578125,P05_ALMOST_STRONGLY_CORRELATED,50,0.2
b7de72a08a1b9c4279175306cfd0bfa430ef0872016c4833af539a1a3edc0f9e,1890.1455097973376,10.0,579.934394732433,600146.7055664062,P05_ALMOST_STRONGLY_CORRELATED,50,0.2
af0c729b9267d0b7f06075dbb637bb5899e40594577790e232889f86d137ee12,2446.4976322205694,10.0,560.0266823307495,600119.6755371094,P05_ALMOST_STRONGLY_CORRELATED,50,0.2
a05792fed7623085cda83da1f8c792be33914e2ed3676e48e2b838dae242b4fc,459.20206817367233,10.0,400.3910939151938,600317.6767578125,P05_ALMOST_STRONGLY_CORRELATED,100,0.1
2ef0f9ff16072f0a6817a8780288e9fc4859eee113cf23b3fa8e87d090f39b72,858.3955171856044,10.0,409.6601510104052,600218.3791503906,P05_ALMOST_STRONGLY_CORRELATED,100,0.1
58a26c417c8a5ccca9cded2d73077d9e4fc60b264f13be8608ecbe5265f3cc4c,1386.0180019648064,10.0,426.1994019559295,600215.5134277344,P05_ALMOST_STRONGLY_CORRELATED,100,0.1
1813e60d55d8ae3ba3b41a8028221f02215fd4550ce113c1904a3a784afb14c8,1705.4035930376886,10.0,421.82705259700936,600245.8051757812,P05_ALMOST_STRONGLY_CORRELATED,100,0.1
c264d4faf28a115cc34ea00b2a358be105c9ef6930d486c36e4a040c8b48dc99,2189.061141156589,10.0,405.6447097569005,600161.626953125,P05_ALMOST_STRONGLY_CORRELATED,100,0.1
5c0d14a5bd48fcf602a22335894cce5039d0c411e1b36dcd73dab918f115f8aa,2886.177375009661,10.0,408.4727008013339,600199.5441894531,P05_ALMOST_STRONGLY_CORRELATED,100,0.1
9331bb9bbf3f8b7d353f81fb7c95716ef1a1d03895eef012806244bff417c0d6,3216.8335332140696,10.0,401.2754910876281,600216.6298828125,P05_ALMOST_STRONGLY_CORRELATED,100,0.1
4b8c5bb7b9b609c2bbe3ee903c2504d6a7d26b610cdf1d7c2e44ab8fe1233453,3490.5161734854346,10.0,394.2669584938157,600234.5104980469,P05_ALMOST_STRONGLY_CORRELATED,100,0.1
6a6f768ec137d5514454869310f4759ef811db98f3c85cde8f8ced577de54596,3592.479997210422,10.0,413.044914593022,600246.6157226562,P05_ALMOST_STRONGLY_CORRELATED,100,0.1
38036e64dd77c0192d10b909daae2828081bd131dd984849fa663d3a93114905,4798.834635110607,10.0,400.4823013320842,600162.8796386719,P05_ALMOST_STRONGLY_CORRELATED,100,0.1
454a2ec3cfc6037ab3a99615a03cd53df12e6ad8ebc4578ebb1ef6c6494337b2,459.20206817367233,10.0,400.0384712292413,600332.0114746094,P05_ALMOST_STRONGLY_CORRELATED,100,0.2
c9bee6095f1e019d6ef1e28fcd3d6522a86ddf5153456215e8c7a13d0615ca25,858.3955171856044,10.0,409.6601510104052,600174.5891113281,P05_ALMOST_STRONGLY_CORRELATED,100,0.2
5dcd6c01d80d737ae470efcec059549f6defd435906d572ebca376f987045bff,1386.0180019648064,10.0,426.1994019559295,600259.89453125,P05_ALMOST_STRONGLY_CORRELATED,100,0.2
1ad4b888dace80c431f0e441ba3349c2e655ec7fafb67c6b070e9189e19fdc4e,1705.4035930376886,10.0,421.82705259700936,600202.1918945312,P05_ALMOST_STRONGLY_CORRELATED,100,0.2
e675b63526e5ec4ae7c4d54b355dedacd8f4ec7bd7bc7d53a2c8df4d218f7b93,2189.061141156589,10.0,405.6447097569005,600215.6418457031,P05_ALMOST_STRONGLY_CORRELATED,100,0.2
1270bde9fa985be48ed87810f24bcf0dec2a8ab8a4311406921f7ad28a8eab02,2886.177375009661,10.0,408.4727008013339,600210.5209960938,P05_ALMOST_STRONGLY_CORRELATED,100,0.2
3cb4a139c976076081902d8b530cb34cf05ce5683aba389067f429e5c3d9563c,3216.8335332140696,10.0,411.25678456216383,600259.9287109375,P05_ALMOST_STRONGLY_CORRELATED,100,0.2
800748edb539b5b2044a19290fe271ddb8da585f2b599a4de962cecc847f4aba,3490.5161734854346,10.0,406.8047363386455,600172.388671875,P05_ALMOST_STRONGLY_CORRELATED,100,0.2
ac1930c34b0aab3088126437f28e71f666dd194249022fd353075b6162bc4150,3592.479997210422,10.0,423.54273041796125,600257.1774902344,P05_ALMOST_STRONGLY_CORRELATED,100,0.2
56d2141e144d89d4cb75c64dceece1294c1e0a0c4f3c63cd8b84f1878017775d,4798.834635110607,10.0,405.6786202502328,600197.013671875,P05_ALMOST_STRONGLY_CORRELATED,100,0.2
4eebdbbdda66b2bf6821d5548f9115ed8ccfbee2ba5a52b76fe9f6c8b517c1c5,112.63131849856067,10.0,103.9829052619197,1075.6767578125,P05_SUBSET_SUM,25,0.1
c6499988bffea60ec9a9b29539e6207ab2d123e765be36e1e65a2e7e4e8bb04c,232.2169282654879,10.0,217.01356511768265,600091.1850585938,P05_SUBSET_SUM,25,0.1
e214cfaec99ce2936f8fcda4f91b4424d300b8162ecafb61a48c4c2591fcdc8d,300.9566867083967,10.0,279.83043353543104,600128.2255859375,P05_SUBSET_SUM,25,0.1
1eb8f7730d1eda1c3242eca03c0df3fed6ba2c68167123b225a6fe80aba3b31e,520.5735598916084,10.0,486.88952937695024,600131.6862792969,P05_SUBSET_SUM,25,0.1
c3d77896b536ce2a965540b42d438fe22b03f9eca87accc55e84c1dba32d4532,464.7722271921675,10.0,433.79727053289326,600090.5061035156,P05_SUBSET_SUM,25,0.1
cc7fa68f5ef36640b14209719d4f577c7292362a96c9400cd5543066f3c8e540,661.4370441737321,10.0,563.6897837419004,600149.8752441406,P05_SUBSET_SUM,25,0.1
7480e1222a5158b76ca5800324fe26ce94d012192b8ad7721bc9e71ce55e906e,822.4512923072126,10.0,518.3555456548822,600128.0837402344,P05_SUBSET_SUM,25,0.1
f117c0cb4831b93e1699ef4a7cd8cfcd673f36e9babe5db18f43805b814e7044,1016.0004901594976,10.0,553.315999797482,600098.2336425781,P05_SUBSET_SUM,25,0.1
129e705bfa6862746ce312ce2bf05615129a62dfb5d542818c40c530b55f42c9,928.6541312738166,10.0,515.2026267033411,600100.0673828125,P05_SUBSET_SUM,25,0.1
8389649b938fac7aad20cd10e4582c893268983c27b0e9902ff48bdc69c40865,1015.8717017981576,10.0,495.4114272060285,600144.5063476562,P05_SUBSET_SUM,25,0.1
f19877decf88098a52ebdaeeb130725b2670ba51c57edb286284feefdabf043c,112.63131849856067,10.0,96.31171833828564,965.715087890625,P05_SUBSET_SUM,25,0.2
966c24b2979eb089f611a371110b6f63fb2b1c7214d766d06b24127b17023868,232.2169282654879,10.0,203.28033404568944,600116.0651855469,P05_SUBSET_SUM,25,0.2
043b5d6e32b99318230c49bf0ef4a2785044203b3ae23579c10bc3c187a6696c,300.9566867083967,10.0,259.8728104255235,600177.0432128906,P05_SUBSET_SUM,25,0.2
463a7b436a42677ffa68650c3a57fa12c0f5b045e80f9a3917f9e7ec5f7dd1dd,520.5735598916084,10.0,456.2461153587109,600094.4760742188,P05_SUBSET_SUM,25,0.2
073a1b7cb7a7dfacfa5b4a2f067876e89f670abc0ab589db899d13020e12c8d7,464.7722271921675,10.0,404.92482763218055,600136.30078125,P05_SUBSET_SUM,25,0.2
ee9acfbcdd043fbf3800f2bde1e4be4bcbda5e3f087002d439fa3655f4df6c36,661.4370441737321,10.0,561.8952700497541,600087.8481445312,P05_SUBSET_SUM,25,0.2
344b067cf171bae59b68dca1576194ee00295fcec612f70ab74a35d0dcb71648,822.4512923072126,10.0,518.3555456548596,600117.3317871094,P05_SUBSET_SUM,25,0.2
3595e1ebed1ac444f571e5bcfaf88ab68df09c12aae58de083c5a16bc7b98d95,1016.0004901594976,10.0,553.315999797482,600133.6975097656,P05_SUBSET_SUM,25,0.2
f6c8e7ca3ba6b0c0b4732c2f6fa49c1a8390047d3865a1346168a6bb4406dccb,928.6541312738166,10.0,515.2026267033411,600080.1237792969,P05_SUBSET_SUM,25,0.2
bbfe54f7ad8d5e6075f6f4c400e65702a82f4950668f634c95cee0848fdfdf65,1015.8717017981576,10.0,495.4114272060285,600107.7856445312,P05_SUBSET_SUM,25,0.2
695306b6ba62075b27dc6bb34fcf28947d240c83cd2d18f4a70149f25ff803d1,228.73978263130465,10.0,211.23346841190195,600224.4516601562,P05_SUBSET_SUM,50,0.1
4dbb2cf6ac9b4665b30244ab916c462a388d4a6742785f9e706aced591287515,460.92457108473536,10.0,414.6726408715452,600190.8920898438,P05_SUBSET_SUM,50,0.1
dbc38316e940bf613cc566299cc0e84babbe1b332883d4c66630575449c8ec41,609.5818584021666,10.0,404.3808690612719,600131.9487304688,P05_SUBSET_SUM,50,0.1
8adc12aba91f17c2a42ba158927f71645cd7f8c79163cab6c4ff5bf0164f3a82,977.9724121124416,10.0,422.8824448472701,600228.2653808594,P05_SUBSET_SUM,50,0.1
fb82e335727a96e6059cf965d70cade4430157149ac803fafc7028ecab67898b,1023.8548127178656,10.0,413.25545332234685,600216.3735351562,P05_SUBSET_SUM,50,0.1
5a6033dfbff78482bdb1bd0f4b43b5a899aa5cfd4a735bdc5ae7cf2e7b12f711,1346.5607762953744,10.0,373.3231663739352,600242.361328125,P05_SUBSET_SUM,50,0.1
ee6043c11f805a78232676a61a151326a59a56dff9ec0aabb76be39c94d31404,1766.9762911901714,10.0,449.73108454981485,600178.09375,P05_SUBSET_SUM,50,0.1
3f7bcf6087732d7e3cb9d22e940eb17ac35e30d54931be140eabcc158845e30d,2013.6144227007449,10.0,434.6910055181313,600153.9309082031,P05_SUBSET_SUM,50,0.1
cc2fc93263529dbc825a509f56743ded2a802e97bd9c0df4b5a8af2fac10bf67,2142.711768175847,10.0,435.3004745416108,600255.0854492188,P05_SUBSET_SUM,50,0.1
c91ab628c2bd0a4ee2d4c64ecc254bcff13e05bcbd146e30f12be411ca1951ea,2239.269153020637,10.0,433.2391253245851,600170.2067871094,P05_SUBSET_SUM,50,0.1
8c92e893ad248e4e5489a85daff8d7822389aa5885e7c7fc6652e95c025aa168,228.73978263130465,10.0,195.25419738883824,600156.6943359375,P05_SUBSET_SUM,50,0.2
0abeec119f01a59648a5c49f6dfed102af09fc8c69de7235dfc873bc6a0b7aa9,460.92457108473536,10.0,394.9117759034303,600205.7470703125,P05_SUBSET_SUM,50,0.2
d4956d0a39126f199bb552af6bf8fc126264630d9380e2352ee83156bcc3eddc,609.5818584021666,10.0,404.380868255996,600160.0275878906,P05_SUBSET_SUM,50,0.2
14a82cf664cb7dc0dc688db4e2423c60aea6e702a37432d48c47a66739db5a75,977.9724121124416,10.0,403.3470769545977,600154.2790527344,P05_SUBSET_SUM,50,0.2
f857552a313ebb5301adf1f0149173a8c3f8a0f0559b244eb4cfa85c6bc420bb,1023.8548127178656,10.0,413.25545332234685,600185.6735839844,P05_SUBSET_SUM,50,0.2
7e8e2fd6b3cff61b574acc5c0efc565976c4405d25b446cc4bcfa42fda5666e7,1346.5607762953744,10.0,364.27642399014354,600172.7939453125,P05_SUBSET_SUM,50,0.2
055291c12a36c79f1e85d02da2c6b1ca030ad460da749c02a24cc8111e513242,1766.9762911901714,10.0,449.73108454981485,600181.5056152344,P05_SUBSET_SUM,50,0.2
9a1b1fb9c8e27229ef6dd3809007727e73d8f9333d4668a2461728ea3bf40792,2013.6144227007449,10.0,434.6910055181313,600171.5197753906,P05_SUBSET_SUM,50,0.2
49fbce9b8d680f16f63d0b578fed797cd36e00ca394584f44935223d75ac7947,2142.711768175847,10.0,435.3004745416108,600146.6008300781,P05_SUBSET_SUM,50,0.2
8d83195e850a0ce3480b3ae0970beb20602b9a98c289caf5c30191f60c3ed5c4,2239.269153020637,10.0,441.5015855208808,600173.4047851562,P05_SUBSET_SUM,50,0.2
1d1df2074fbd0c9d9c3be11013f8b933ab91aa82d0567cf8c53d75fc585b4ac1,459.20206817367233,10.0,283.1409131843388,600328.1066894531,P05_SUBSET_SUM,100,0.1
d34bfffa404e6cfebe6b8a0a49b281e48856922ad2b581f0c98f0264f6bd11da,895.3741116576653,10.0,293.8081833825219,600286.4252929688,P05_SUBSET_SUM,100,0.1
f7a0cc19a61d5d2f6e955e690748679b8e19212ba1b5ab9dccaf6b5dfba3c577,1287.5932757784065,10.0,285.6405542495743,600203.8569335938,P05_SUBSET_SUM,100,0.1
5d86501ec5a83e786263168d07192fd1052862c63dc2abbd03bbd730b13e5654,2016.507949173328,10.0,293.54043876971383,600286.5356445312,P05_SUBSET_SUM,100,0.1
d1c05bb7b8b9044f70c0cea1a21f10109a68050e8c3f08ba5f629c2605be70bb,2310.0300032746777,10.0,291.84320768140896,600231.2973632812,P05_SUBSET_SUM,100,0.1
8c4c2c754896de0eba2d5b55b7bfa88180368f2c40ab6299b9774b021fef2e25,2553.2380459518736,10.0,282.6335265514845,600299.6306152344,P05_SUBSET_SUM,100,0.1
9a60c5717211ee26dbe0f5e601fbc2494cafa0b5f626a9058b3574872c48a68b,2984.456287815955,10.0,289.4060804435203,600253.2890625,P05_SUBSET_SUM,100,0.1
d1bdc9f97e49ef9df6eb3c1421c82e7cdc7163fbe974199cc5f9d403f90b02a2,3699.868077911483,10.0,271.7832642269598,600295.1533203125,P05_SUBSET_SUM,100,0.1
1ab2409a4bc6867b60097d2e45577b7917627113b758c8eae17d3902e83c8ec1,3940.310054081861,10.0,287.0389612866808,600240.2580566406,P05_SUBSET_SUM,100,0.1
4fa0ad2077f504fe4dd45d862ae02813c59156df066a02ecec085024d2df7d40,4727.724657135846,10.0,289.99612319008304,600336.8278808594,P05_SUBSET_SUM,100,0.1
bb31cda03f4a32229f552cc84a4dfe92342d1364824712c2391f6b66e8bc1241,459.20206817367233,10.0,283.14091110493075,600279.4497070312,P05_SUBSET_SUM,100,0.2
9d64e70588ce8b4d5c350fa83de0febd6358bf81e01da5da366815cd103c9f87,895.3741116576653,10.0,297.53910626427603,600183.9672851562,P05_SUBSET_SUM,100,0.2
e9d687f20e482813b7697273150a8ef119b54ce75438312848cd64c42a97ef42,1287.5932757784065,10.0,285.6405542495743,600301.1520996094,P05_SUBSET_SUM,100,0.2
ba5acd1843b5a228b66b5ac6d2009f77f29826fe38b4444ca516b2fb05fe10de,2016.507949173328,10.0,293.54043876971383,600327.2797851562,P05_SUBSET_SUM,100,0.2
884e4646afe3a27219a015c0d5e2f4504331e8de0f60f9baced16127d22ba836,2310.0300032746777,10.0,291.84320768140896,600239.5075683594,P05_SUBSET_SUM,100,0.2
a18cbc7d6bb2e9eaa76c9b030265162b14b906357ca2e6ef6a3216afaaecdb59,2553.2380459518736,10.0,282.6335265514845,600253.8393554688,P05_SUBSET_SUM,100,0.2
01a77a1413993c4f571f72aacd4211b91d971b9732bccb409e8e44ceb3cbf27d,2984.456287815955,10.0,289.4060804435203,600227.7841796875,P05_SUBSET_SUM,100,0.2
612a76b26ab995565e54721f82f028d9f323e751126343f3dc9626c38fab8376,3699.868077911483,10.0,272.87381739862127,600310.2241210938,P05_SUBSET_SUM,100,0.2
93e5940a8b2a02a3b7770a0c7d2fa84c7b9a247488afc891938552749c298283,3940.310054081861,10.0,287.0389612866808,600207.1428222656,P05_SUBSET_SUM,100,0.2
2978ac81c3cb3dd8191818e135f224c98ce1d8812ea7667d9c8e13b2cf4659ef,4727.724657135846,10.0,290.5031369853887,600259.2385253906,P05_SUBSET_SUM,100,0.2
5888d8d9eae309730ec02cf50c63e56d09d00acfb7bbea72c9ad5f3e061d79f3,238.4200597197812,10.0,184.72093341538715,7.9970703125,P05_UNCORRELATED_SIMILAR_WEIGHTS,25,0.1
73bf8f41aa561ca399f108e898b14eee22a010e7c384096a8f603aec4c5b0ac0,474.35276127206834,10.0,384.6029660619872,72.51171875,P05_UNCORRELATED_SIMILAR_WEIGHTS,25,0.1
5d24fcf9f718a7ded0235e71225da2b8389edf55b6e4aa2854a503867d9482ca,709.2974903532443,10.0,534.0238627392703,131.5146484375,P05_UNCORRELATED_SIMILAR_WEIGHTS,25,0.1
40bd56c72c99a84cb8c6ea0966b8ad669215aa77682e6e5e9eb74744f4eb23af,955.6445715092711,10.0,657.1244908149731,202.063232421875,P05_UNCORRELATED_SIMILAR_WEIGHTS,25,0.1
2f9557c91d7dac715fdb10adfb931b24462f4e5d8c5b3ccf9bdce06b3b93a8e1,1187.3288207530454,10.0,736.0063830556205,181.03857421875,P05_UNCORRELATED_SIMILAR_WEIGHTS,25,0.1
18b49533743bcd69b3a6344ceb093e3f3d02d9dc32a67057d76d41b6ec679d56,1429.8647627609223,10.0,870.552327647376,155.045166015625,P05_UNCORRELATED_SIMILAR_WEIGHTS,25,0.1
79317607ee558eaca142ab54ebd936d8fc2cfd30ca58eec6b317b52ebde0a5a5,1681.017888497369,10.0,1129.0609982135095,331.047119140625,P05_UNCORRELATED_SIMILAR_WEIGHTS,25,0.1
76c739a15fed17c95c83c87d6fb5d6332708ac4514ab2b901f90cacd5fde54c6,1918.936426601596,10.0,1222.468333588473,183.038330078125,P05_UNCORRELATED_SIMILAR_WEIGHTS,25,0.1
c8024dadf19426d97f308934069891e0d2a1d888955b95bca4de6b2444b8dcdb,2152.283219098283,10.0,1190.5082048215995,304.56982421875,P05_UNCORRELATED_SIMILAR_WEIGHTS,25,0.1
8bf788e9c4f6abb1b458108ecb4f679a1aa60eec5464bc926b3c2e53000f96f8,2382.1409092716194,10.0,1210.5207016852876,336.072265625,P05_UNCORRELATED_SIMILAR_WEIGHTS,25,0.1
4dc210ecc8c778aac832af00fc7fe38cff76cfadd29baf31a7ad5f2267721bcf,238.4200597197812,10.0,168.6774126452867,8.99755859375,P05_UNCORRELATED_SIMILAR_WEIGHTS,25,0.2
929c49ca52011c9b3e31f065b22ac7cd22467f527abed50ced381874af1dccde,474.35276127206834,10.0,367.4304436364083,71.51123046875,P05_UNCORRELATED_SIMILAR_WEIGHTS,25,0.2
7385093f186271501253daf367cf5ff16aedb771bb911932bb6950d01494f0a4,709.2974903532443,10.0,521.4022593830568,154.04833984375,P05_UNCORRELATED_SIMILAR_WEIGHTS,25,0.2
ce517008db0876463d2998412f74a0bffa3ffe226359821e3557de6802b88ffa,955.6445715092711,10.0,641.2408285953364,163.534423828125,P05_UNCORRELATED_SIMILAR_WEIGHTS,25,0.2
4620843c3c9aba02c04d518c056c7e5da9ebe6ae906ee46a9fd98f6c1172c490,1187.3288207530454,10.0,698.3103802320619,112.032470703125,P05_UNCORRELATED_SIMILAR_WEIGHTS,25,0.2
131b99acd21e962619e0ecba0dd2c349b5f5d66cc33ba7e193038fd671c735d7,1429.8647627609223,10.0,820.1559757999804,206.563720703125,P05_UNCORRELATED_SIMILAR_WEIGHTS,25,0.2
57187b9aa9b31597d00895d82f5f2d0346b502b0f98dc1774cf29c7f608a5ec0,1681.017888497369,10.0,1077.7770833401717,454.08935546875,P05_UNCORRELATED_SIMILAR_WEIGHTS,25,0.2
ff64d0d754d2b48f5b204acca77b02f4ec5dc443e36670116fcfacd77c19a2d4,1918.936426601596,10.0,1202.530286791677,190.03369140625,P05_UNCORRELATED_SIMILAR_WEIGHTS,25,0.2
3ff4218bba14ffaba92e8de6486b41b3071125bc5b131ee82eb7993ed48a7aa2,2152.283219098283,10.0,1175.3083907804278,285.072509765625,P05_UNCORRELATED_SIMILAR_WEIGHTS,25,0.2
c1fb0b5e12d6566d795a349473ae76e36b9c15acc9055b6de79e960911863b09,2382.1409092716194,10.0,1190.0574627524688,256.553955078125,P05_UNCORRELATED_SIMILAR_WEIGHTS,25,0.2
d12c04834449de6e645054a51e9039f1718e62c7b6b36376f67fe490deb41a87,477.191346271298,10.0,395.0396680529609,204.031005859375,P05_UNCORRELATED_SIMILAR_WEIGHTS,50,0.1
b5825e458ce6329ebb43a8135f75c6d8ef9f493520849e16bcdbda40ef551a4a,949.221918839448,10.0,771.6370634258426,1331.772705078125,P05_UNCORRELATED_SIMILAR_WEIGHTS,50,0.1
464db1441fa14761d8237e7f10f59e6180687f32ca3cc0e0ce01bb7ca8a54a2e,1424.3107599994298,10.0,1057.2343619914934,3438.173828125,P05_UNCORRELATED_SIMILAR_WEIGHTS,50,0.1
835cff3d1a45978ac1a86a00eeb52bf1a7326118e897b2e7889258a0fef9264b,1918.335244408196,10.0,1533.2971645626346,6298.8046875,P05_UNCORRELATED_SIMILAR_WEIGHTS,50,0.1
e7e67dcb621a686e1830aa60f3f90688ff32e9568d96aac432d11d13653ddf74,2390.673550912837,10.0,1660.1072616445474,7169.55859375,P05_UNCORRELATED_SIMILAR_WEIGHTS,50,0.1
726b5342b07fbf829e01cb76101621d8d30c348d0980f1493e6d349aa29e8cf7,2847.218400335525,10.0,1894.8644692863445,11192.1708984375,P05_UNCORRELATED_SIMILAR_WEIGHTS,50,0.1
9b0d4f56720d2d0c8cdf153e1eda15066c52eb059f6efde938af2febabb55b22,3325.97839258714,10.0,2082.096192300581,11479.111572265623,P05_UNCORRELATED_SIMILAR_WEIGHTS,50,0.1
b6ea1ec8cf1bfa6df00ab69571de203ce44ff216cf6abb70332076b15da0514a,3826.0730922284633,10.0,2143.842986411528,12566.869873046877,P05_UNCORRELATED_SIMILAR_WEIGHTS,50,0.1
238af410cbb9461a5c0641b1049731a04068cf6b05936342817c5e4ea517825b,4277.700648372551,10.0,2396.882586305979,12247.634521484377,P05_UNCORRELATED_SIMILAR_WEIGHTS,50,0.1
f09cef8bace065eba89bf41bf9b1de64f6ff3cdbf82fc671eed1d16ab75800d4,4787.984150178386,10.0,2447.4231966511456,15691.897216796877,P05_UNCORRELATED_SIMILAR_WEIGHTS,50,0.1
82b9e8aad1888ba118379c86331af074eb35fa8069a24735eb25657cfc42937b,477.191346271298,10.0,377.29456430297626,247.5634765625,P05_UNCORRELATED_SIMILAR_WEIGHTS,50,0.2
f3e066788974929b80531e4982c957e57bceb68a114d98fa91e9ace8c07ed371,949.221918839448,10.0,724.4043910198851,1323.0537109375,P05_UNCORRELATED_SIMILAR_WEIGHTS,50,0.2
28d4d7279aac2d40fd3182f55b1c2e33f57ca74c96821c0100148dd409f202a4,1424.3107599994298,10.0,993.9801688674136,3771.830810546875,P05_UNCORRELATED_SIMILAR_WEIGHTS,50,0.2
16dadb30400cf7d8ee337dacbe6c6c07d664db7e353979702e9edbce4fce2ed4,1918.335244408196,10.0,1497.9116473433128,6401.18212890625,P05_UNCORRELATED_SIMILAR_WEIGHTS,50,0.2
caf7fa917c9204800dd685e116a0d2fd5cb88bf242d23206135abde1ac5a0484,2390.673550912837,10.0,1603.9352407879194,7308.77294921875,P05_UNCORRELATED_SIMILAR_WEIGHTS,50,0.2
d38197d73c95dbbfdb2fc4b6db008fc4dcf10f204900c26135f597b1fc3fabce,2847.218400335525,10.0,1849.0514595220427,11515.135009765623,P05_UNCORRELATED_SIMILAR_WEIGHTS,50,0.2
cac65f719d1c4f0bf6b7499171c0de57f0e4a69a1cb58ab88b03c8d6a9ccc041,3325.97839258714,10.0,2044.5798032532448,11121.22509765625,P05_UNCORRELATED_SIMILAR_WEIGHTS,50,0.2
c3eed73f04762f4ac57c13ee0aea906c57cff38ac289b1c90005604ca94f4166,3826.0730922284633,10.0,2100.5284060915096,12256.87841796875,P05_UNCORRELATED_SIMILAR_WEIGHTS,50,0.2
28749d918ac6676b0b8f17b99a6a76390eade4dd7d93c18f6a8c46660f87b5c0,4277.700648372551,10.0,2374.776057582853,11198.400146484377,P05_UNCORRELATED_SIMILAR_WEIGHTS,50,0.2
37c83b898a64441d8d624989f59993fe69a5d4a756e56d87c34d638905cb48ef,4787.984150178386,10.0,2421.2382114183943,17208.03125,P05_UNCORRELATED_SIMILAR_WEIGHTS,50,0.2
905b044f0c6f08d6aa21419f93d239eb2d8682184b9ae18f73d7b9eeb4b0fea4,954.5566827356326,10.0,837.9298148054032,4257.813720703125,P05_UNCORRELATED_SIMILAR_WEIGHTS,100,0.1
350141a0e918fe1b63b7c499652c1cf123ab7b8f862dcefbe22def9e10536f9a,1903.0518887882613,10.0,1625.3863125155735,266028.2878417969,P05_UNCORRELATED_SIMILAR_WEIGHTS,100,0.1
b8b49929887ca370df180133c8a6b42f2379540842a30b7e0c940f298e8634b5,2864.5197247163715,10.0,2210.322005352833,189347.369140625,P05_UNCORRELATED_SIMILAR_WEIGHTS,100,0.1
9ea5b3fa4dbe08f4897af128406e008a77bc740886f007d2a5c0ca0bf12d52d4,3804.953530977177,10.0,2669.4435026461488,600062.728515625,P05_UNCORRELATED_SIMILAR_WEIGHTS,100,0.1
e64d342494ac7bcc1792a59e14a986cf1b5b89bd86bcc5baa3dff4baf87146ba,4761.980464212327,10.0,2826.331737718313,600086.3747558594,P05_UNCORRELATED_SIMILAR_WEIGHTS,100,0.1
1c5c9d96489f4fc5730f696ab9cecf8c17ffc4e6d61271d8429c50448d478598,5740.568880854969,10.0,3866.831759010329,474956.4067382813,P05_UNCORRELATED_SIMILAR_WEIGHTS,100,0.1
acb8d03bf3aa16036a5c04d5dec9c838b98817a39e2864fa68dcd616c493854c,6682.141128240171,10.0,2920.745383993499,600061.8947753906,P05_UNCORRELATED_SIMILAR_WEIGHTS,100,0.1
958bf4b6ced056761bc4b6742a11923b44f851601e6c4c915a8f340d1347e1da,7617.958474824057,10.0,2190.232364214336,600053.8793945312,P05_UNCORRELATED_SIMILAR_WEIGHTS,100,0.1
019d8f4d6039ee93273b515d1d5be1b99f507665fb048e2154e30df4e59494e8,8536.430486403257,10.0,3087.3542880040336,600056.1684570312,P05_UNCORRELATED_SIMILAR_WEIGHTS,100,0.1
dc4c9a4598b912a92fce23b378430bc2e88e377fafa33fb7aef7d888b190debb,9566.45712567692,10.0,4466.404348582288,600076.6877441406,P05_UNCORRELATED_SIMILAR_WEIGHTS,100,0.1
12cf1c9442518e86782014326058a4ad27ac028469560c7d21b7241d5a3a8d95,954.5566827356326,10.0,773.1045409192647,5393.0390625,P05_UNCORRELATED_SIMILAR_WEIGHTS,100,0.2
b64cb6e2bd58bb34fee5ae2807a01b43b4cde5179ce3dd4c2d9be6acffeeb61b,1903.0518887882613,10.0,1577.229723860596,256485.69604492188,P05_UNCORRELATED_SIMILAR_WEIGHTS,100,0.2
231c19023e8ca7d83291c72965133b3a9ffb5ae2b0d91449a58bd0fb51994de8,2864.5197247163715,10.0,2161.0452941693866,183494.6416015625,P05_UNCORRELATED_SIMILAR_WEIGHTS,100,0.2
4291c135901e78facd995e2c14a0eff5cae33dfe15c14915091f63fb603ea4f7,3804.953530977177,10.0,2722.622948993998,600064.7607421875,P05_UNCORRELATED_SIMILAR_WEIGHTS,100,0.2
85872a31b41fa631985dacd859ac430f1c151518e242ef83f07ff2564afa7e19,4761.980464212327,10.0,2826.331737718313,600077.2687988281,P05_UNCORRELATED_SIMILAR_WEIGHTS,100,0.2
124d119255f9cc2e30a1c1c653aa16aeae94b9a3bd30dc2d8527b6904ed73d7a,5740.568880854969,10.0,3801.961187909922,469886.5524902344,P05_UNCORRELATED_SIMILAR_WEIGHTS,100,0.2
3ad319908a957fcba7b942fb7b22628c40f6506fc84cc1d8e9717dbda2e6e52e,6682.141128240171,10.0,2939.4999163974976,600065.6325683594,P05_UNCORRELATED_SIMILAR_WEIGHTS,100,0.2
aacc756b96e4faf0759aca2b026b4810fe38e4c7415dfd1a3a6efa5f017f5f46,7617.958474824057,10.0,2190.232364214336,600071.6127929688,P05_UNCORRELATED_SIMILAR_WEIGHTS,100,0.2
6ed45c3140c228e3d027d411b9350148080f5f96c0532199628947d18e94fb1f,8536.430486403257,10.0,3087.3542880040336,600090.197265625,P05_UNCORRELATED_SIMILAR_WEIGHTS,100,0.2
89cfc07e142c4d2b59b5ac4c46f2c720ae7f1b370e4da111f7aea64337849320,9566.45712567692,10.0,4443.684884615583,600068.2131347656,P05_UNCORRELATED_SIMILAR_WEIGHTS,100,0.2
1d21134306f895e3933ddc0ca8940889032b6c863b810201c33a31d4ee2c9b52,112.63131849856067,10.0,112.55941765376777,104.513427734375,P05_PROFIT_CEILING,25,0.1
999f9e0a7bacc95fc7b78fb5a6a202416b885e35b1c9b99b7b9db840e28e4fff,232.2169282654879,10.0,234.39650785658,2210.572021484375,P05_PROFIT_CEILING,25,0.1
dda4727b01dcad7c0e29c14c4f61c0a8c23dfe4bc83b959c57b29932f2bd56d9,300.9566867083967,10.0,306.45761137541126,10273.4091796875,P05_PROFIT_CEILING,25,0.1
604d99de50e98f6ade088726ea4964734c250eb8dfb2254da3d56422628d33f4,520.5735598916084,10.0,522.6025724638835,32565.05908203125,P05_PROFIT_CEILING,25,0.1
691ab0bae6eb62282d19b4954ec7154f1dee261160dd94b15b8fd356ac5d14e3,464.7722271921675,10.0,469.47677652641215,48649.866943359375,P05_PROFIT_CEILING,25,0.1
5079303ab032af1d60a235b825c7fcd858026637eb8a79587ce7c4b34f6c4064,661.4370441737321,10.0,662.0911123101556,78166.9990234375,P05_PROFIT_CEILING,25,0.1
9a13e449a4a5b76642cf9d1d5414eb41925b9ccb23162c84667cf34a68c0dc67,822.4512923072126,10.0,820.4772285016788,69298.88208007812,P05_PROFIT_CEILING,25,0.1
daba8a67ac45217024c5db4bbc85aba23a9a6c44462c76956049329129eeea3d,1016.0004901594976,10.0,1006.02617869172,49775.49365234375,P05_PROFIT_CEILING,25,0.1
836c7ea586eae18286bf980fbd15153784f729f94bbf34c645ce21b01361ec26,928.6541312738166,10.0,920.8435967446788,51893.05517578125,P05_PROFIT_CEILING,25,0.1
933fe2e8421ccb8488939b8ed8193604238a5e19b592dbc65902e6a0d0f4fa29,1015.8717017981576,10.0,1011.6853293525446,40676.4375,P05_PROFIT_CEILING,25,0.1
8055068ae21725d7c8ddc4e71da3b86cce4d756bebdcc63b9864f56d870f1b61,112.63131849856067,10.0,103.84926375247302,102.5234375,P05_PROFIT_CEILING,25,0.2
0695b73cb1a24fa4b677f3716c5b6c7702f4cb056ae68e189263d44620c8e7bc,232.2169282654879,10.0,220.20753401320832,2160.960205078125,P05_PROFIT_CEILING,25,0.2
5deabd9cf72aba0db4ec08dbc6afa157420387ec361085673b34554fc2084683,300.9566867083967,10.0,291.21259188301843,9048.267822265623,P05_PROFIT_CEILING,25,0.2
3c409cc68fda95fbf95f8a15d3fe646e8960d96465674d5fe32ba3f6b4eaca32,520.5735598916084,10.0,496.3179358929208,28823.0302734375,P05_PROFIT_CEILING,25,0.2
d5aa1d5e8354eb6d11591cbf6af732faf7f160d9f8b7768b87deafc8f36e239a,464.7722271921675,10.0,447.9743250059845,44730.26245117188,P05_PROFIT_CEILING,25,0.2
5be739db61540a334b058ee871a0c5555fcb4b6f5851e5ee33d8c21a2b05bb28,661.4370441737321,10.0,631.3764228785637,79120.27587890625,P05_PROFIT_CEILING,25,0.2
9d07702f330ad2f89205fc03568f1baa7ae903c14d9617873ba69521c9d4bcdb,822.4512923072126,10.0,785.1010885195114,72577.50073242188,P05_PROFIT_CEILING,25,0.2
264bba22069e4ba4edbc519a5e944eec8e1f713e35c5c2a7f765bfd9a47bf359,1016.0004901594976,10.0,967.3606005869784,52355.435791015625,P05_PROFIT_CEILING,25,0.2
39a5f0d9c0b6153368c7ca14fb1e195e1145c54f60b6885a3e8d8805bedd4424,928.6541312738166,10.0,882.4048896365322,55058.8330078125,P05_PROFIT_CEILING,25,0.2
c90d1dc5d79ac27ce6fba22d30c5eef1bbf69118c5d603521c8894286fea21ee,1015.8717017981576,10.0,972.6708841484358,41929.998046875,P05_PROFIT_CEILING,25,0.2
f553b420d571396fe4f98a942b93833a096aa955cdc2a2572f8701a1167169fa,228.73978263130465,10.0,239.54043738511317,19732.69091796875,P05_PROFIT_CEILING,50,0.1
445ac742e91740ddfe05d8567b6b86188ed3aa7f92ad3059cee2b0e174cdf738,460.92457108473536,10.0,464.6940413151581,600136.7502441406,P05_PROFIT_CEILING,50,0.1
878116ef56be80b7d154920dd2585e10fa30e70b81e92e4fd06bcf752c91352b,609.5818584021666,10.0,591.8633361977295,600101.0339355469,P05_PROFIT_CEILING,50,0.1
878612c8a6a5af0f67e2669d5c7b422c74e542d0faeb065ad84cc481bf74f1b7,977.9724121124416,10.0,821.9999999900257,600114.0737304688,P05_PROFIT_CEILING,50,0.1
f1485352bca47de98bac9de87d63bc7d218951ed159f7109fb652039144db6c2,1023.8548127178656,10.0,750.0,600101.9821777344,P05_PROFIT_CEILING,50,0.1
29c59c3a2ad9bd6de4c1d4ca4d72efb59e335ade1a24479928781a4d673c87dc,1346.5607762953744,10.0,708.0,600093.390625,P05_PROFIT_CEILING,50,0.1
16d53db6b1cd789df472af463f940bda86d94ba1da2997c7f34cbb8c69ef01b7,1766.9762911901714,10.0,798.0,600121.1767578125,P05_PROFIT_CEILING,50,0.1
998f32809689e34068b5d0057e9dd3112cb0a0501a85d14bbd9034573995c3f4,2013.6144227007449,10.0,768.0,600109.5344238281,P05_PROFIT_CEILING,50,0.1
2be29fa8d6d139eac3d8e257b8224bec52c121e4cc818db24fdf9a65ea8d9d13,2142.711768175847,10.0,798.0,600097.4802246094,P05_PROFIT_CEILING,50,0.1
52acdf124600b936430d731fe1f7396edbf5f94140e0af9f175ef2e16e0716cd,2239.269153020637,10.0,732.0,600102.8779296875,P05_PROFIT_CEILING,50,0.1
58d52026edf4aa87f591cc188a0eedf8c1a0b0020316055f8601d891c3b29ef1,228.73978263130465,10.0,226.1922419649757,20368.5146484375,P05_PROFIT_CEILING,50,0.2
333cf57d6d72a135428432f8f947a97013d668d7c98d08feffcd5d8df3e0f69c,460.92457108473536,10.0,441.1005981856359,600137.0219726562,P05_PROFIT_CEILING,50,0.2
34beca9399b458b0932dc35f50d301df90a3fe5a39594ef01826d08ac61d5ffd,609.5818584021666,10.0,558.6469140575256,600093.7526855469,P05_PROFIT_CEILING,50,0.2
fa17a80524efdd352798e926dff201e8e6927a657cf3a31b15c80a9eb8ab6ee3,977.9724121124416,10.0,821.8618858662512,600110.8115234375,P05_PROFIT_CEILING,50,0.2
fc47bf25bba48b47a55cf96ebeb64e4c89e0a57762330adfb677f7a1bc98a22b,1023.8548127178656,10.0,737.99999970888,600104.8688964844,P05_PROFIT_CEILING,50,0.2
6a63010a9be5b0739470bdb07561afac62bfb1a02591bf50e3766e61ec7d1b21,1346.5607762953744,10.0,708.0,600087.4865722656,P05_PROFIT_CEILING,50,0.2
667f5cc2e3ec345241ccf1644f36835ccab39125b2dead93b3705445b46fb03e,1766.9762911901714,10.0,798.0,600130.9169921875,P05_PROFIT_CEILING,50,0.2
a7d41078fa288f86021d0c280b0425786a9bb01cd90ee193ba774872efc2484b,2013.6144227007449,10.0,768.0,600083.0478515625,P05_PROFIT_CEILING,50,0.2
baf5e475236cb491f90b0723535993c8c9b0ea963ab6625d97cad3b0246cfc88,2142.711768175847,10.0,798.0,600103.2419433594,P05_PROFIT_CEILING,50,0.2
3efec68949aac6c9c42b4ab9358e4d32752cccc5e0f51da998cc6c13ef1beef3,2239.269153020637,10.0,738.0,600145.5634765625,P05_PROFIT_CEILING,50,0.2
b7470a6ea9b99407bf24a0196bd3a47dd8751c6d37c8d9a988e7dd4435fc6118,459.20206817367233,10.0,442.3803805334665,600088.046875,P05_PROFIT_CEILING,100,0.1
1e7511735848d49a0e8f3f575a9b85c5466825796965847accd754383fe87254,895.3741116576653,10.0,504.0,600088.4523925781,P05_PROFIT_CEILING,100,0.1
f237f483f3d48a76943673af09e9b56c7727561d4c802494bd29d051675008fb,1287.5932757784065,10.0,507.0,600086.3090820312,P05_PROFIT_CEILING,100,0.1
bd1330e4a4b5c35f7a294f85a1393e755a47ce108301429047881af3775fff3c,2016.507949173328,10.0,573.0,600145.3408203125,P05_PROFIT_CEILING,100,0.1
306b5efb0c6cc588006ae95ab517a0d7d945eb122147d0371a7d4c58d40d21a1,2310.0300032746777,10.0,561.0,600141.8723144531,P05_PROFIT_CEILING,100,0.1
16239901cc0fda508bf79d0c25abf7957d5e6f31a84cf7c64f6eac2965730ef0,2553.2380459518736,10.0,510.0,600078.2958984375,P05_PROFIT_CEILING,100,0.1
efea1f30c66d67e55b6dee5084d7d0cd1a62d03f7947f72ebaf4f29a1ac0fa4b,2984.456287815955,10.0,567.0,600122.7272949219,P05_PROFIT_CEILING,100,0.1
71faa65f2f4b924b5dd5f8b8c8b5d9edbf26a4934e3fea2017013c2041774238,3699.868077911483,10.0,513.0,600070.0603027344,P05_PROFIT_CEILING,100,0.1
c0a5815f38bb3c9ada04fe797dd0cb30faaee9c1532d013d49892bf65485592e,3940.310054081861,10.0,522.0,600123.6916503906,P05_PROFIT_CEILING,100,0.1
1cb4df8bc57ffd04c55bea3cc9239a93cbf6d132517bee0985c1a3366ca0d70f,4727.724657135846,10.0,507.0,600101.6472167969,P05_PROFIT_CEILING,100,0.1
0195051c4ca840bb9f6ea0f8b50ffd72bf5beb0dbba5a3c283c03ff50e6034b5,459.20206817367233,10.0,414.284856717054,600102.2844238281,P05_PROFIT_CEILING,100,0.2
52b0847a8749a27134ceb926db773b951044f553e580586b0c155cd41bb64682,895.3741116576653,10.0,504.0,600090.4150390625,P05_PROFIT_CEILING,100,0.2
f08f751444d925f5be2a8a6509c67fd4dd336d8e875ebef8f0f0d5df23b0d122,1287.5932757784065,10.0,507.0,600087.4516601562,P05_PROFIT_CEILING,100,0.2
f73a1ba073865c6a9a99d7a198d33d4676a47a9f6f22c0a3caaf97ac15d63f0c,2016.507949173328,10.0,558.0,600072.6220703125,P05_PROFIT_CEILING,100,0.2
8757d5e7472879ba0e1bf834e1fcbc6c78e6f6cb063a61bfe4dab14a97593c03,2310.0300032746777,10.0,561.0,600103.6389160156,P05_PROFIT_CEILING,100,0.2
3352d016ce8874c23ef7ca68088e9b922dd012023188141fe1da9ce9fdbd800e,2553.2380459518736,10.0,522.0,600084.5078125,P05_PROFIT_CEILING,100,0.2
ceeb0f0888c68aa7e558d2bbe50fde59df54d51d87ed78615c96b26dc5fae407,2984.456287815955,10.0,567.0,600109.6774902344,P05_PROFIT_CEILING,100,0.2
1444f6152df8b0c1c95fc4695c383055b4a7b1b0908145e57a7c9ae1be58b704,3699.868077911483,10.0,531.0,600131.2814941406,P05_PROFIT_CEILING,100,0.2
754be115ff11ee044f3425d51ae2d24f4b75744155a48725fc9aec6d9e077692,3940.310054081861,10.0,528.0,600077.4226074219,P05_PROFIT_CEILING,100,0.2
37a062a3f417a773a9ff88771d6e4189d9ea0689e119ce3859bbd2595af3a0e5,4727.724657135846,10.0,540.0,600081.7595214844,P05_PROFIT_CEILING,100,0.2
a2245035ec3c8feea8cc7c4e6e89b246f1caae7e44d3ee688181f571e981dc52,112.63131849856067,10.0,321.1086797730016,188.512939453125,P05_CIRCLE_INSTANCES,25,0.1
85b78982600aa809a6e46bb93422fd017ca69721e4c9dc362ab13c287b78061c,232.2169282654879,10.0,546.0595321147075,1142.48291015625,P05_CIRCLE_INSTANCES,25,0.1
6a9067a332565a88f6fa28cccfe65de1a33f09bbdf12aa34de2ce00d576ffc12,300.9566867083967,10.0,796.0930559958072,3725.845458984375,P05_CIRCLE_INSTANCES,25,0.1
a5653883170194ce9408edcc87e1cb00f64e9c3a458409874640eba471b8a0f9,520.5735598916084,10.0,1005.892118039504,8410.65869140625,P05_CIRCLE_INSTANCES,25,0.1
b4fc5acb7490b73c727eb7c7e30424d3db6966ea62246ef7a2204dbb7d4e6701,464.7722271921675,10.0,1061.3893719475589,10112.602783203123,P05_CIRCLE_INSTANCES,25,0.1
78be124511d1aac8d0acef094a5227820c4fe97c650f47ad80f2997970c860c2,661.4370441737321,10.0,1254.8744050548166,20876.215087890625,P05_CIRCLE_INSTANCES,25,0.1
1cc1c56f0755f399ffbb8235ba9d461d577d3ec75b9d1268c1c5415cb1d4ffdc,822.4512923072126,10.0,1444.5263609088718,19841.9189453125,P05_CIRCLE_INSTANCES,25,0.1
20f34d78fd6e42cb4cc50df753e1f796f05a71794a14e64096e77420a0edb6f6,1016.0004901594976,10.0,1704.4162528547383,86080.24340820312,P05_CIRCLE_INSTANCES,25,0.1
cad2f68a554b6925d0cfd3258b4a52ffd0e159f16bb3003e6b40f062017bf9a0,928.6541312738166,10.0,1625.0408868287711,18993.310791015625,P05_CIRCLE_INSTANCES,25,0.1
4a0d70833188465d71f4910ff8712fd624f3f4dde9cf9d18e250c3949053fc50,1015.8717017981576,10.0,1762.720810165331,47685.948974609375,P05_CIRCLE_INSTANCES,25,0.1
938101dd0d788c24169f8e97c482cc82eb2026f2e4414152b1fa39a7216f6035,112.63131849856067,10.0,304.1128245423648,146.511962890625,P05_CIRCLE_INSTANCES,25,0.2
1d5784462496901348c807d066bf3cebde0ae44286232244d41c1944f8a8604a,232.2169282654879,10.0,530.1311637325812,1155.6845703125,P05_CIRCLE_INSTANCES,25,0.2
2d595ad36533a74033d915460ae6bb303e1edb998dbb61126459b7d4d5379080,300.9566867083967,10.0,760.691261542939,3507.955810546875,P05_CIRCLE_INSTANCES,25,0.2
010d83c15341bfdc422ff294ae0ef40073ca2f814dc08f40404964c09789c697,520.5735598916084,10.0,985.756740961524,7503.10400390625,P05_CIRCLE_INSTANCES,25,0.2
4313f3e9b079fbcc3d48d27c49d5ce56bcb4eaf7425aa2efde5d51969d97ed89,464.7722271921675,10.0,1040.348552546448,8940.768310546875,P05_CIRCLE_INSTANCES,25,0.2
687f32d98e94fc885876cacf43bfaa700c8e9c8136bbf336960e3482af0785dc,661.4370441737321,10.0,1233.5286842775947,15797.59130859375,P05_CIRCLE_INSTANCES,25,0.2
45205de5c9b5da86ee7be8461f710fba1afc4dd79861668eca78198b70a53072,822.4512923072126,10.0,1418.4000001668028,17845.988525390625,P05_CIRCLE_INSTANCES,25,0.2
a56dc2d6d8ea5c7d252b06e362f4a796bf0544a746e743ff0963c21616425083,1016.0004901594976,10.0,1676.4965870141712,85215.96533203125,P05_CIRCLE_INSTANCES,25,0.2
8c7fa86603df0f94efd47da71ab857427a2026498af0e0377777e6319f265629,928.6541312738166,10.0,1601.7650500663658,19506.223876953125,P05_CIRCLE_INSTANCES,25,0.2
b75d5dc0efe181de84ae865bf57135394e7d20caee25bcb4258c8610bba1b97a,1015.8717017981576,10.0,1733.1143366715364,49292.80859375,P05_CIRCLE_INSTANCES,25,0.2
b5dad00f9df2c2e2c7777cf2bf72dc289520f561ad062d49b7c59efe201146eb,228.73978263130465,10.0,646.8880273917172,45445.700927734375,P05_CIRCLE_INSTANCES,50,0.1
bd3d580b60f93e8b414552d5ced85ee15e045cc68da093856a2d446acdea4513,460.92457108473536,10.0,1224.8203199059242,299462.38525390625,P05_CIRCLE_INSTANCES,50,0.1
a2ef4c7c55062d2ffa6e34e2840b131dc54f779f03cc5472c6e840acb91c970f,609.5818584021666,10.0,872.2917261249295,600124.8508300781,P05_CIRCLE_INSTANCES,50,0.1
419ba55ef97cf7aeb5ddc5f0ee213e34a150951edeab2edba48ee3ade574e608,977.9724121124416,10.0,1101.554514679612,600129.3386230469,P05_CIRCLE_INSTANCES,50,0.1
0ea3300e37fd5cecee7059d79be1ec076592abb7194644ef5dc963a0073ee34c,1023.8548127178656,10.0,1086.3033554727488,600127.837890625,P05_CIRCLE_INSTANCES,50,0.1
6aaa40eec2ed544a0bae9aecd83b124372131f278074503e40a58f19e23d7c16,1346.5607762953744,10.0,1077.28343563439,600129.8596191406,P05_CIRCLE_INSTANCES,50,0.1
92f5a97219a439151136e24eebe54123e31685efc2530a4d5fc80618cb923088,1766.9762911901714,10.0,1114.4053713217347,600160.8400878906,P05_CIRCLE_INSTANCES,50,0.1
2e2c928a216f0da401908e8e171e8b9a9b9a6aa6843b1cb4616f55e5c954f88a,2013.6144227007449,10.0,1016.9746294705852,600116.708984375,P05_CIRCLE_INSTANCES,50,0.1
73de8beca579b1ccc032c9988e670f05205652fde906f6e6f86c46a85805856b,2142.711768175847,10.0,1089.5000231154609,600127.0014648438,P05_CIRCLE_INSTANCES,50,0.1
b61f4953b40047b671131cef2fe73d33d131c76596c2f5cb5f3e6d0d5bfc7544,2239.269153020637,10.0,1153.11808729249,600136.3010253906,P05_CIRCLE_INSTANCES,50,0.1
0016c375bd33d3812ba07d382f5b3be56b6cff98099298a1270dcc9c90c7533f,228.73978263130465,10.0,631.0897725684327,48961.91821289063,P05_CIRCLE_INSTANCES,50,0.2
975f3889c7bbcb570ae373b3e8bb97523a8fed85519b52d75f3a42b56d51bf92,460.92457108473536,10.0,1205.3068359628985,316717.580078125,P05_CIRCLE_INSTANCES,50,0.2
04e8e11766f75df2de88081b060d0d875f3fb396f2a4945c9f9bdfffbd33c667,609.5818584021666,10.0,850.7858343050904,600120.482421875,P05_CIRCLE_INSTANCES,50,0.2
925da45dd85623494dcbf667787857a00d963b9803ac88e53a63bb0f3ea7d512,977.9724121124416,10.0,1089.7327243578582,600143.7717285156,P05_CIRCLE_INSTANCES,50,0.2
2b54289e17ecb9cd278276b33efceccbf98197057efb5c076bf84bcbe64de0fb,1023.8548127178656,10.0,1086.236248355474,600160.3908691406,P05_CIRCLE_INSTANCES,50,0.2
4bd4338fc18cf2fe14c84f99ea93887b9035cda455d2243112257f961573f243,1346.5607762953744,10.0,1077.28343563439,600147.203125,P05_CIRCLE_INSTANCES,50,0.2
25cf329834dc2f407b10a92d4d9725cb969a4105628e43640b8cccba857b6d6a,1766.9762911901714,10.0,1114.4053713217347,600147.19140625,P05_CIRCLE_INSTANCES,50,0.2
c4a21d1d41113fb10fb699cdcbb15a955ab5f43098ecc45a811ffb61e543f962,2013.6144227007449,10.0,1016.9746294705852,600111.9299316406,P05_CIRCLE_INSTANCES,50,0.2
789e2e3b0ba80b7fdae85e52905b41328914967056672226be186a682faff802,2142.711768175847,10.0,1089.5000231154609,600133.998046875,P05_CIRCLE_INSTANCES,50,0.2
2897f18389be1f845e5ada9f868dad3ab0baf9756ff288dd9118ee12b839d023,2239.269153020637,10.0,1147.092291347098,600156.9914550781,P05_CIRCLE_INSTANCES,50,0.2
9857ce64de075f74925e4850bbdf1f3f38bb5d765bba4a44a635966fbcf868a2,459.20206817367233,10.0,609.1806151121023,600090.2827148438,P05_CIRCLE_INSTANCES,100,0.1
c85819a6ef0f4ecd4f5b1268db06ac003f40bee7739f69bf6dac73c7dc442301,895.3741116576653,10.0,573.1013581613555,600106.3425292969,P05_CIRCLE_INSTANCES,100,0.1
4caaeaa6a717acb7ef0faace804b3366f289b9f85d91d40517e7c9e25e0de4c0,1287.5932757784065,10.0,665.0415016365489,600145.9516601562,P05_CIRCLE_INSTANCES,100,0.1
2d30861131d594f2312bc7e22e0eef9493c2c5600a4ee35ba70fbb9fec70ab93,2016.507949173328,10.0,661.6082237936727,600125.1010742188,P05_CIRCLE_INSTANCES,100,0.1
d27413ce4160663d99646e7accc62935242b1c5967c4aeee2f4e31f89673c983,2310.0300032746777,10.0,662.6778372033402,600106.8620605469,P05_CIRCLE_INSTANCES,100,0.1
d89ce688c88306011a4c663504601d5c3ba25516d4ab8ee53705a767b7892222,2553.2380459518736,10.0,668.912934757531,600107.5874023438,P05_CIRCLE_INSTANCES,100,0.1
fa155d175c99aeb977123eb6b32408b5631c51792dfeabb3f9f283ff48d8ff7e,2984.456287815955,10.0,652.0339281061065,600076.6647949219,P05_CIRCLE_INSTANCES,100,0.1
3c47483132a54b04f8d739283ed1f7117e9158fee1017fe768dcf431b3aef11c,3699.868077911483,10.0,665.9631481528752,600159.0114746094,P05_CIRCLE_INSTANCES,100,0.1
ee3976def37a61e32823450953c6c8dda91adde66803dbdf373761a96ce05215,3940.310054081861,10.0,653.8859872597789,600115.3796386719,P05_CIRCLE_INSTANCES,100,0.1
46674c9cc6956faa0fd176c2bc51cf929c0981610de0eb2f8e2f56d85681a86c,4727.724657135846,10.0,670.6715374802164,600160.6088867188,P05_CIRCLE_INSTANCES,100,0.1
c0d68262155793386caad4415b824a5863658c46aba4468c637faee5ae107f0b,459.20206817367233,10.0,589.6450681090557,600134.9140625,P05_CIRCLE_INSTANCES,100,0.2
7e4a0639da40e4e6cc36a526786d999b4a0a98ef10ea71cb5eb5d3277b74be3f,895.3741116576653,10.0,573.1013581613555,600117.4174804688,P05_CIRCLE_INSTANCES,100,0.2
864ba0c87bd5679c889f8c828c44a39162182337b622e6263b37b92fbd7dc6b9,1287.5932757784065,10.0,665.0415016365489,600111.1291503906,P05_CIRCLE_INSTANCES,100,0.2
995da97035074a914b2aa1eb798848ab3bb7bb61e6f9398e7d019e9f5996969d,2016.507949173328,10.0,670.7039845525446,600088.6943359375,P05_CIRCLE_INSTANCES,100,0.2
a3500ef441d6022d44e3be73a215a16f07707a255faf20c787fa09b66eb01daa,2310.0300032746777,10.0,662.6778372033402,600129.3571777344,P05_CIRCLE_INSTANCES,100,0.2
3579591eb900decd659d5730cddcf05388f479fa847a72a690a9675ff1f89313,2553.2380459518736,10.0,668.912934757531,600124.7197265625,P05_CIRCLE_INSTANCES,100,0.2
6bfa8e3cbef2fc2af0c46bc98a7e9c579b9b11adb6833da5fb05c70bc592e6c4,2984.456287815955,10.0,668.7020454863562,600116.6616210938,P05_CIRCLE_INSTANCES,100,0.2
c393a09ae893961561bd25a0c5dd9a164706a5a676bad338ae311d7d13425e40,3699.868077911483,10.0,672.1012358229879,600134.9272460938,P05_CIRCLE_INSTANCES,100,0.2
0e47eae60a96a0faa744e7fbca575f4e5bca5069ffdf87632b9794f16fbe003b,3940.310054081861,10.0,657.404613659448,600089.0642089844,P05_CIRCLE_INSTANCES,100,0.2
afac7f8461a7ad695930b1d2af4912489d797f9de6d009fb8b3fb6dcbba972c0,4727.724657135846,10.0,680.802491579198,600170.4831542969,P05_CIRCLE_INSTANCES,100,0.2
