instanceID, capacity, shortageCost, simulatedSolutionValue, N_LD_initial, N_LD_final, N_LD_max, N_start, N_last, N_attempts, phase0StopReason, N_phase1, Mfinal, relGap1, relGap2, phase1StopReason, solutionTimeMs,instance,n_items,coeff_of_var
cd05356994028bbcfb3cd85077528a810a4421dea141977681235c2206fdf753,116.10846413274392,10.0,356.87907572732547,1688880,0,1688880,64,128,2, SUCCESS_SIGMA2ZERO,128,79,7.053267318397945e-05,6.678764079128686e-05, CERTIFIED,68000,P05_UNCORRELATED,25,0.1
f7217ac5ba7d75616b2bc37f0186f65ee3b27e21f8ce2f252b23012e8db311fa,260.2867799458042,10.0,506.783654554933,0,0,0,64,64,1, SUCCESS_SIGMA2ZERO,64,1000,0.000340783659207439,7.915283637045395e-16, MMAX,441000,P05_UNCORRELATED,25,0.1
b04fa84a74ce1b7da7f7a33d3e669d54879e3117ced5594de7cff9c954d0da94,330.7185220868661,10.0,575.073651320219,9356981,0,9356981,64,2048,6, SUCCESS_SIGMA2ZERO,2048,39,9.76162770829464e-05,7.783245410102444e-16, CERTIFIED,93000,P05_UNCORRELATED,25,0.1
dc386dba03117d503f35dd52d60831090f07a4c07cb7c4ccf223f5481f96368a,508.0002450797488,10.0,810.7052413187714,4393009,0,6688593,64,512,4, SUCCESS_SIGMA2ZERO,512,38,4.317160252434088e-05,4.905715648320947e-15, CERTIFIED,85000,P05_UNCORRELATED,25,0.1
0e9c71196a05a749fedf6ec7ce931e2240658ec5e11af5378e8d3377d94f972c,507.9358508990788,10.0,911.0231448236832,855673,0,855673,64,128,2, SUCCESS_SIGMA2ZERO,128,61,9.9330733569786e-05,2.22495914862275e-15, CERTIFIED,92000,P05_UNCORRELATED,25,0.1
cf3241e529381952404c6a26a183fe909603e331b0ebad2bb8397f14cb3cda06,677.2632613258763,10.0,1023.9141909388834,1168560,0,2652189,64,1024,5, SUCCESS_SIGMA2ZERO,1024,39,5.135663507114038e-05,-5.708251252293865e-15, CERTIFIED,83000,P05_UNCORRELATED,25,0.1
10e692be69e1e7b33f4b0aa9212b1943a286ad25ab1d6d104ca72c63268bca62,858.9901041571254,10.0,1197.892486655629,0,0,0,64,64,1, SUCCESS_SIGMA2ZERO,64,224,2.859062417308916e-05,2.122928050563295e-16, CERTIFIED,226000,P05_UNCORRELATED,25,0.1
f98d7f949749554f8fdbb95e88b6e4729d0e78aa5785a4b18569cd333ff9ca6a,997.9619811631276,10.0,1328.5086117439298,0,0,0,64,64,1, SUCCESS_SIGMA2ZERO,64,66,9.337337387736304e-05,5.220448635343172e-16, CERTIFIED,107000,P05_UNCORRELATED,25,0.1
8be4d492666231ae10b052b7dd31b4d00bc7cd1046a31a8fe18322b7f65ca1e1,1064.6533536483,10.0,1258.5715228312254,6011003,0,10337933,64,1024,5, SUCCESS_SIGMA2ZERO,1024,50,8.951169239998677e-05,1.913028194452852e-13, CERTIFIED,107000,P05_UNCORRELATED,25,0.1
f1137bd732bbd6002a981a1b4a4929908cecb1e35f73ed437981fd93a4600b9b,1133.3468785043312,10.0,1193.3014863650635,2578917,0,3852078,64,2048,6, SUCCESS_SIGMA2ZERO,2048,37,2.578390811857789e-05,2.7340348568686454e-14, CERTIFIED,113000,P05_UNCORRELATED,25,0.1
d7209ea6140aa2519d8e33b18ec7370bb1458bea470127d13ab17d03fc93cc1f,116.10846413274392,10.0,343.6825499746653,70991390,0,77509958,64,512,4, SUCCESS_SIGMA2ZERO,512,317,-0.00032516528401017587,2.565465953544942e-15, CERTIFIED,253000,P05_UNCORRELATED,25,0.2
031e3a5b6ebd36b46b12e07347b4c850103ef706842a636e1538e5a5494dd623,260.2867799458042,10.0,492.5952568704591,0,0,0,64,64,1, SUCCESS_SIGMA2ZERO,64,1000,0.0004906811897676991,6.53359349014697e-05, MMAX,496000,P05_UNCORRELATED,25,0.2
b6d756c4cc538e4e34b620a75676f0ac36129976c433f3e06a3d9e5ddfd79061,330.7185220868661,10.0,551.1530036334766,51025636,0,94859070,64,512,4, SUCCESS_SIGMA2ZERO,512,625,9.402514276783448e-05,-2.660912668630265e-15, CERTIFIED,436000,P05_UNCORRELATED,25,0.2
419f68e9213eb413f4119c89a08a7d68767462bc2fc76930e07249d8787f5ad7,508.0002450797488,10.0,786.1429135755147,66188438,0,66188438,64,8192,8, SUCCESS_SIGMA2ZERO,8192,32,5.819959425196551e-05,2.2637982580170172e-14, CERTIFIED,229000,P05_UNCORRELATED,25,0.2
5cf0cd08ab010a322797016ca01db80d6c8c0f9d89dd496ef5b0e5bad768f92e,507.9358508990788,10.0,891.6515283065112,23548884,0,45614768,64,1024,5, SUCCESS_SIGMA2ZERO,1024,115,8.964113876567586e-05,1.9995594900269723e-05, CERTIFIED,196000,P05_UNCORRELATED,25,0.2
def104442f6e849308cf23207980b83a0d78e1b91e07553d2b6cda4a7ca5913e,677.2632613258763,10.0,998.6982770180944,22212853,0,29705545,64,2048,6, SUCCESS_SIGMA2ZERO,2048,83,9.483112206713904e-05,1.1880265111500464e-05, CERTIFIED,196000,P05_UNCORRELATED,25,0.2
0a2dcdf00882e5c3b82e3ab0d80f003186ce207171d82c0779636980b60aa7a3,858.9901041571254,10.0,1162.2779012690205,17551252,0,19631036,64,256,3, SUCCESS_SIGMA2ZERO,256,79,4.444150408391948e-05,2.557853341975586e-05, CERTIFIED,149000,P05_UNCORRELATED,25,0.2
a6c57404b7ebbedc4003ac2cfb3a960fee7f2a3f210072b362918461a9080b6a,997.9619811631276,10.0,1304.72390891811,39430374,0,44536040,64,2048,6, SUCCESS_SIGMA2ZERO,2048,177,9.846053156794468e-05,1.7040497165006445e-05, CERTIFIED,305000,P05_UNCORRELATED,25,0.2
71b9ed199c612ac0a9ad290943b7e539d46175fc74849608c5393b56faf69104,1064.6533536483,10.0,1236.2498457797649,33787311,0,79770849,64,1024,5, SUCCESS_SIGMA2ZERO,1024,119,7.893873538606519e-05,7.35777389968424e-06, CERTIFIED,223000,P05_UNCORRELATED,25,0.2
a3a35592dfe81993b11ff4d93952d6993a3d26ee384a9aca97377e9188544330,1133.3468785043312,10.0,1185.7804332902715,17478491,0,19326120,64,256,3, SUCCESS_SIGMA2ZERO,256,113,1.45923192150098e-05,6.120430589743681e-05, CERTIFIED,212000,P05_UNCORRELATED,25,0.2
f3cc47b06c3a37b1c3122d6ff8740e197134a9bd1e0005708274ed5bf24e4aec,230.46228554236768,10.0,861.1011075110519,5071135,0,5071135,64,128,2, SUCCESS_SIGMA2ZERO,128,85,9.01611761771827e-05,-1.5120187847900779e-15, CERTIFIED,132000,P05_UNCORRELATED,50,0.1
f365d37793eae7ecfa74303626b0e057dcfdd3c64f5fb8ddf1abab3f91296797,488.9862060562209,10.0,944.6208861131826,14242394,0,14242394,64,2048,6, SUCCESS_SIGMA2ZERO,2048,46,9.242066305498092e-05,-4.0240367643445835e-17, CERTIFIED,120000,P05_UNCORRELATED,50,0.1
f18e504b48fdbadfaba22b57fc59e26cfb9fd6fcc2556ecfc1f594bbac0bf6c4,673.2803881476872,10.0,1238.7595275270178,2917478,0,9145748,64,4096,7, SUCCESS_SIGMA2ZERO,4096,44,5.01130116950062e-05,1.831225457920688e-05, CERTIFIED,164000,P05_UNCORRELATED,50,0.1
7ffa7206751e7139c19957f001e6963a1b209a9d9ff01a9d1f0f051767a5fb2d,1006.8072113503724,10.0,1723.0684460187151,2321400,0,2627406,64,4096,7, SUCCESS_SIGMA2ZERO,4096,34,6.800702479097278e-05,6.135549300412536e-17, CERTIFIED,174000,P05_UNCORRELATED,50,0.1
6fa1008e1cc1aa6541f7db681dadde9517447fe1db41220aa4a108c5efc529ca,1119.6345765103188,10.0,1892.082435515652,2370934,0,5740578,64,8192,8, SUCCESS_SIGMA2ZERO,8192,37,7.618859343083743e-05,-1.2236134044516916e-13, CERTIFIED,356000,P05_UNCORRELATED,50,0.1
def892a0afa62dcd9d7b4a1bde69efca1c9a07f6667950d44c799d558f9fddad,1338.503155357442,10.0,1898.4070158300333,2107487,2580324,4618617,64,16384,9, TIMEOUT,16384,32,0.00015704623946673535,-1.1296128450343089e-13, TIMEOUT,766000,P05_UNCORRELATED,50,0.1
d9cd2d5d1a7b9a1af60f7538154de1317dc341ab84bd1969846aa3ca9bcb18c3,1525.452019385088,10.0,2056.96300600064,295442,0,906945,64,8192,8, SUCCESS_SIGMA2ZERO,8192,32,7.714519305578152e-05,-7.25551201198257e-14, CERTIFIED,292000,P05_UNCORRELATED,50,0.1
109d8ebafe8dc2cfa47240a148b69a8bcb23af3f2a7efa37f99ce7d5c97f0469,1785.3808284860645,10.0,2363.2541196508832,3886149,0,4840183,64,2048,6, SUCCESS_SIGMA2ZERO,2048,33,6.267182802284136e-05,1.7636234514995189e-15, CERTIFIED,154000,P05_UNCORRELATED,50,0.1
0b0c5f314839d164f0815d243ab9af796cee37f462344b4a50039c0e9d0e23e5,2050.164544284524,10.0,2200.927592961819,3690067,0,3690067,64,512,4, SUCCESS_SIGMA2ZERO,512,32,9.1422714970173e-05,5.407809419511217e-15, CERTIFIED,157000,P05_UNCORRELATED,50,0.1
d85f2d7dc4f595ee123230188dffbda13e94c4472aac9fd7934948918560a0f8,2281.227024915277,10.0,2662.042067892288,0,0,0,64,64,1, SUCCESS_SIGMA2ZERO,64,138,9.879973747699873e-05,-5.488977748523079e-16, CERTIFIED,306000,P05_UNCORRELATED,50,0.1
05040d9b1acea46156bf8a5d47d51caa36dacc99b8291682c2f2881b1b6d5792,230.46228554236768,10.0,844.4401048155211,24325367,22562539,29756651,64,16384,9, NCAP,16384,32,0.0002603505993023657,1.684382842365639e-07, TIMEOUT,1217000,P05_UNCORRELATED,50,0.2
b34d0a6e631f086df556dae856e7f712f0ed405e4dc340db0dd61453b2f73e8c,488.9862060562209,10.0,910.903226292767,63625055,14159494,107513447,64,16384,9, NCAP,16384,32,0.0005622923729984706,2.127666628211104e-05, TIMEOUT,1073000,P05_UNCORRELATED,50,0.2
c70b554afc94c9c989c29bd3f3dbf9308d730e7aee6dd40c3ae0d9ae71060af0,673.2803881476872,10.0,1207.066350618309,45758824,0,65768429,64,8192,8, SUCCESS_SIGMA2ZERO,8192,34,9.375482470338368e-05,-3.3041422666067413e-15, CERTIFIED,429000,P05_UNCORRELATED,50,0.2
2d53daad8f6c44173d3bb20a5c56f295f6f5fd11867eaadfc1582445a955e9b6,1006.8072113503724,10.0,1683.3613288252602,35644368,0,35644368,64,2048,6, SUCCESS_SIGMA2ZERO,2048,37,2.9256048227095293e-05,-3.145338747842084e-14, CERTIFIED,201000,P05_UNCORRELATED,50,0.2
632a1895153a39cd75faea70d86235c459305cc1bdd7453e9aaa8fb8f6b7d5e7,1119.6345765103188,10.0,1854.8524248236208,4715483,0,35195097,64,4096,7, SUCCESS_SIGMA2ZERO,4096,34,2.126124391636125e-05,6.010401638147551e-15, CERTIFIED,229000,P05_UNCORRELATED,50,0.2
a638a6766e65ce20f61909c980c673a59131a9c65ca269f7f9eb3414ed06adea,1338.503155357442,10.0,1865.436651304529,5961113,0,22214519,64,1024,5, SUCCESS_SIGMA2ZERO,1024,40,6.985034652831753e-05,4.212845545941864e-05, CERTIFIED,128000,P05_UNCORRELATED,50,0.2
c44e7f4b3cab1585343240ef2d70257c53e591700a5a5510b55dc937deab3db3,1525.452019385088,10.0,2032.1570682765484,832511,0,8501416,64,1024,5, SUCCESS_SIGMA2ZERO,1024,36,6.37954068680205e-05,6.3905465970302e-14, CERTIFIED,143000,P05_UNCORRELATED,50,0.2
f14d8c78c3e3cd3dff0238f1273a2b9796782b8538cfb60fa3499da7de6ea6d4,1785.3808284860645,10.0,2322.939572059434,5014500,0,25209866,64,2048,6, SUCCESS_SIGMA2ZERO,2048,34,9.84253775357104e-05,-2.1123292975537486e-14, CERTIFIED,198000,P05_UNCORRELATED,50,0.2
51c9a5371a357f0ff2693956c0b00ec98ee2d5d33923486afdaea82fad70019c,2050.164544284524,10.0,2175.4221912503854,15153796,0,21609252,64,2048,6, SUCCESS_SIGMA2ZERO,2048,69,7.807382824092617e-05,-2.7035842834955823e-14, CERTIFIED,291000,P05_UNCORRELATED,50,0.2
8568203d7fdeb0ae5e801f9d9cbffc5bcab74a04969653d20643f37281a0b559,2281.227024915277,10.0,2635.3437206325234,1298022,0,3882477,64,2048,6, SUCCESS_SIGMA2ZERO,2048,43,3.734236071181487e-05,-2.057361316833261e-14, CERTIFIED,208000,P05_UNCORRELATED,50,0.2
6edf823d7351bde6cd88310898b59f452c94f0d724d64b0cd258c755d80b733e,112.63131849856067,10.0,563.1457726378086,0,0,0,64,64,1, SUCCESS_SIGMA2ZERO,64,68,3.0269786938018886e-05,-5.437968122842835e-16, CERTIFIED,134000,P05_WEAKLY_CORRELATED,25,0.1
15edebe68551685432612f69872ca8c4ec1e0558a004c625d3db615c97f12be0,200.6377911389312,10.0,1217.1529415147927,0,0,0,64,64,1, SUCCESS_SIGMA2ZERO,64,300,9.15221403110536e-05,-5.453800545710179e-16, CERTIFIED,432000,P05_WEAKLY_CORRELATED,25,0.1
30fff6bc8037a6f813c984e07b5811ec09e775f5f37a348875a181d37dadb0ff,278.8633363153005,10.0,1323.8031154580008,0,0,0,64,64,1, SUCCESS_SIGMA2ZERO,64,55,8.747545066607741e-05,1.0846465730423666e-05, CERTIFIED,155000,P05_WEAKLY_CORRELATED,25,0.1
650b239d2ed63f3a1e628836b0e6c8626ade6ded6a387be1ee5865394faab3f4,469.97216703269294,10.0,1375.4377717888556,494092,0,960526,64,1024,5, SUCCESS_SIGMA2ZERO,1024,73,8.880641281993053e-05,1.1844282267165742e-14, CERTIFIED,251000,P05_WEAKLY_CORRELATED,25,0.1
4cbe655d7e40ba903bf7bdc00fdd10d1c47d588becef8249fff8e0a5c72feb81,515.9189618187869,10.0,1589.195723415104,0,0,0,64,64,1, SUCCESS_SIGMA2ZERO,64,177,4.8670900191531614e-05,2.5016031544884265e-17, CERTIFIED,363000,P05_WEAKLY_CORRELATED,25,0.1
2f3034523118557e83492b4d7d8fbb0ecbe8a4753e1af801694f5e1676265ec2,669.2975149694981,10.0,1805.7041748400568,456153,0,456153,64,128,2, SUCCESS_SIGMA2ZERO,128,37,8.737547617300963e-05,-2.9874774767512604e-15, CERTIFIED,136000,P05_WEAKLY_CORRELATED,25,0.1
c7dd2fd37e034caccf0bb5d042c56bb885f63a99471c503435726c3612e305a1,907.9861870330462,10.0,1865.167257092588,379784,2076387,2903163,64,16384,9, TIMEOUT,16384,32,0.0001936795114617088,-1.6582075666349317e-13, TIMEOUT,709000,P05_WEAKLY_CORRELATED,25,0.1
dd7e8dfa440d858290f5097d0506f8015d9c89931a83c05944f7c56faa0bcf35,1015.652441537617,10.0,2009.0002707120952,64658,0,472862,64,8192,8, SUCCESS_SIGMA2ZERO,8192,32,7.178319740168635e-05,1.570210961951006e-13, CERTIFIED,611000,P05_WEAKLY_CORRELATED,25,0.1
11b63efb78b026d9e7f96d2231c921a557937ee8d9a1bab9032d95b5d6815f9b,1078.0584145275466,10.0,2176.845315604092,0,0,0,64,64,1, SUCCESS_SIGMA2ZERO,64,72,6.287358879925174e-05,-5.692358475755304e-16, CERTIFIED,236000,P05_WEAKLY_CORRELATED,25,0.1
fe121844db3bb5e963e7b72ae4990f2689b8810f8c0aa0e581dd5c45ed7397e0,1105.9222745163063,10.0,2302.7387871161845,60134,0,183480,64,2048,6, SUCCESS_SIGMA2ZERO,2048,32,1.4568216575959632e-05,2.2614939818188215e-14, CERTIFIED,231000,P05_WEAKLY_CORRELATED,25,0.1
1774666aaaf07de0d4b5afdb689de921638248c12311f53de3aa2f61770c2a0e,112.63131849856067,10.0,545.9212810158949,32964844,0,32964844,64,128,2, SUCCESS_SIGMA2ZERO,128,94,4.048561511074508e-05,4.7343488259031803e-17, CERTIFIED,142000,P05_WEAKLY_CORRELATED,25,0.2
f688c7bbd100a3e1e10de0d70075f5b7ab7a81445aef8dedb699515066081856,200.6377911389312,10.0,1200.1634532729574,5129729,0,8017988,64,1024,5, SUCCESS_SIGMA2ZERO,1024,41,4.720639958496738e-05,-1.2178884281847861e-15, CERTIFIED,121000,P05_WEAKLY_CORRELATED,25,0.2
2d4c8f74c56086ff6a26a52eb401ff382b51e927eb38f8100ad3f6f80630189d,278.8633363153005,10.0,1313.6343948338836,2725074,0,4678749,64,256,3, SUCCESS_SIGMA2ZERO,256,34,7.603675170446793e-05,1.9755809250423392e-15, CERTIFIED,149000,P05_WEAKLY_CORRELATED,25,0.2
a39cc7058175b6c6e6bd5af23a9c83a125e8201283ee14abfa53a131ba57a8c8,469.97216703269294,10.0,1342.9078482474715,15792779,0,15792779,64,1024,5, SUCCESS_SIGMA2ZERO,1024,347,0.0003583112419144432,7.579253432660656e-06, TIMEOUT,601000,P05_WEAKLY_CORRELATED,25,0.2
954c360b4972ec3400b057f7ca11f7eaa6e48046933bdef8d8296d9e86e7a972,515.9189618187869,10.0,1553.4647460255558,0,0,0,64,64,1, SUCCESS_SIGMA2ZERO,64,222,6.55260375559331e-05,2.0793804458051054e-17, CERTIFIED,409000,P05_WEAKLY_CORRELATED,25,0.2
d2f1dc916fc762ef87b844652b0fe986561e50ed64e618e30d1ba52cfefefea4,669.2975149694981,10.0,1779.625936190917,17935879,0,17935879,64,128,2, SUCCESS_SIGMA2ZERO,128,47,7.272030350883107e-05,4.487765919671555e-16, CERTIFIED,114000,P05_WEAKLY_CORRELATED,25,0.2
e593016e709588b5ced18cd8a649005bbdbca217d5abe1cd53bc5ad35e12dfc7,907.9861870330462,10.0,1803.6560233448497,11742079,0,72427400,64,1024,5, SUCCESS_SIGMA2ZERO,1024,259,0.0009906481669572842,1.6411553956958188e-05, TIMEOUT,600000,P05_WEAKLY_CORRELATED,25,0.2
40940cc3dc5c847e6ff531d3c39a6fdb4ec6893cbb223fa631cbcec70bdd2ef8,1015.652441537617,10.0,1980.0626771519217,6533319,4362310,22593447,64,16384,9, NCAP,16384,32,0.0002696375730399056,5.387796380279092e-05, TIMEOUT,1012000,P05_WEAKLY_CORRELATED,25,0.2
6cce107a405b638a2817feac3e2616d4fc0b0eacd9db6c5e002fcfa3787ac330,1078.0584145275466,10.0,2127.8970359725945,53926602,0,75235911,64,256,3, SUCCESS_SIGMA2ZERO,256,72,8.231146602036831e-05,-1.7984075986297585e-15, CERTIFIED,211000,P05_WEAKLY_CORRELATED,25,0.2
243a89235d27790f044f0c29862ea09466fc2ba57b1457766c70ee4a90ccb7a9,1105.9222745163063,10.0,2286.889088348722,4213319,0,5739131,64,512,4, SUCCESS_SIGMA2ZERO,512,92,2.837098909925546e-06,1.95350358482252e-07, CERTIFIED,316000,P05_WEAKLY_CORRELATED,25,0.2
05a061189db435e271125771cab9bed1424f3a590ebf6b5cf9699234c70d681c,228.73978263130465,10.0,1194.6746904230804,8323178,0,9697085,64,256,3, SUCCESS_SIGMA2ZERO,256,40,9.74579416063369e-05,-6.359692051016306e-16, CERTIFIED,167000,P05_WEAKLY_CORRELATED,50,0.1
79a4ce9b0a8bae01f8b8af26d78fab2650c3e99059655222546bb7e9ac3312eb,406.38790560144446,10.0,2298.194394741789,737919,0,737919,64,512,4, SUCCESS_SIGMA2ZERO,512,34,9.234073340784444e-05,-2.8723762722234165e-15, CERTIFIED,244000,P05_WEAKLY_CORRELATED,50,0.1
7a393ca09aee2e608ac9dafb1ef1a47d774ebacb1925a1523dda03fca1b1a4ee,614.3128876307193,10.0,2512.356844737539,3050342,0,3050342,64,128,2, SUCCESS_SIGMA2ZERO,128,121,5.7822270998790414e-05,-1.5782823611333072e-15, CERTIFIED,541000,P05_WEAKLY_CORRELATED,50,0.1
d7f26ec43e8d54d0312f2ce80910d7967d8ef69177394967afc47c12749afe0d,1009.7007378229551,10.0,2839.181156307736,0,0,0,64,64,1, SUCCESS_SIGMA2ZERO,64,175,0.0006469067680139735,2.6468981683459923e-05, TIMEOUT,600000,P05_WEAKLY_CORRELATED,50,0.1
4e2abd93e285a3fce5ac41eba9fa75b65df069bd8c56985167a3394aabbed79d,1190.3954267643592,10.0,3104.4189546944044,1871666,2315613,2576814,64,8192,8, TIMEOUT,8192,32,0.00019133138390734893,8.267974488493765e-14, TIMEOUT,674000,P05_WEAKLY_CORRELATED,50,0.1
ae9bb61894340c5bdba251def88af2141a769378903e688ab7ecadadc1f72886,1214.7348905944316,10.0,3638.816483274394,9951948,0,13438482,64,256,3, SUCCESS_SIGMA2ZERO,256,100,9.150860443065646e-05,4.533517777616126e-06, CERTIFIED,556000,P05_WEAKLY_CORRELATED,50,0.1
eea63ae35df2ce2c44f9c8fb6fbe9cd6c535641a98c65958402bc55856105fa7,1459.004268430867,10.0,3953.1124385261783,261409,220891,682250,64,8192,8, NCAP,8192,32,2.5087281688262724e-05,1.0876684946804328e-05, CERTIFIED,823000,P05_WEAKLY_CORRELATED,50,0.1
ed4be04cdde454ad479212786071804878f1ea420473b9dfecf3dbf320670e22,1914.487249425419,10.0,3742.2834582580263,1404913,1607135,1742355,64,8192,8, NCAP,8192,32,3.918750607104601e-06,2.132302211466127e-05, CERTIFIED,657000,P05_WEAKLY_CORRELATED,50,0.1
92471947c720c74baa4063106f60b920e78900bc1a85b559e3edca6847cccd61,1890.1455097973376,10.0,4438.439280114118,0,0,0,64,64,1, SUCCESS_SIGMA2ZERO,64,102,0.0003164096917832079,3.530140538831002e-05, TIMEOUT,600000,P05_WEAKLY_CORRELATED,50,0.1
c62b9dcd842dac0ed08539bc9af25cc715f2d039b2a6265c22747f9811cf2593,2446.4976322205694,10.0,4608.396815096487,4722784,0,4722784,64,4096,7, SUCCESS_SIGMA2ZERO,4096,33,5.799912553247277e-05,-3.5114576142309066e-14, CERTIFIED,386000,P05_WEAKLY_CORRELATED,50,0.1
acbf179f5966daecf8d0a11314f0ee03103d8fa66f864d5de0155b5bac83f595,228.73978263130465,10.0,1169.2438947896592,4282853,31335495,36952653,64,8192,8, NCAP,8192,32,0.0005169550926891163,7.920962665115795e-05, TIMEOUT,820000,P05_WEAKLY_CORRELATED,50,0.2
1a5233a291f6e158aa413f7336d384ac280f279508d08da202185ac6d7376082,406.38790560144446,10.0,2276.458422496189,4156558,0,5807388,64,2048,6, SUCCESS_SIGMA2ZERO,2048,73,8.708976244762819e-05,7.05993548403189e-06, CERTIFIED,539000,P05_WEAKLY_CORRELATED,50,0.2
55dd205326f6a66b06ae5f6d3e21e5b61098f63ad9371ae36ce02634a9f55fa9,614.3128876307193,10.0,2455.800829180055,10152138,0,38539033,64,2048,6, SUCCESS_SIGMA2ZERO,2048,75,0.00030599892027198295,1.6623498311874237e-05, TIMEOUT,601000,P05_WEAKLY_CORRELATED,50,0.2
63887e37bf72f353a06bda9c46ec6696c129619cba45024b53e5c2b07280f24d,1009.7007378229551,10.0,2777.874482230481,749801,0,4601094,64,2048,6, SUCCESS_SIGMA2ZERO,2048,38,8.629086811640942e-05,-4.207553245595821e-14, CERTIFIED,486000,P05_WEAKLY_CORRELATED,50,0.2
f3b7f1ba1804f87a497a94a4c24f7907250b060ec0c022642fabd3469b525881,1190.3954267643592,10.0,3046.447825467465,4613596,0,4613596,64,2048,6, SUCCESS_SIGMA2ZERO,2048,39,6.752297370017956e-05,4.2428419095730407e-14, CERTIFIED,498000,P05_WEAKLY_CORRELATED,50,0.2
1625506f3d0b2178c1b55c1accf03e15c519b0a6109868aeb45f0fa43f124595,1214.7348905944316,10.0,3602.907379683092,511686,0,2419100,64,1024,5, SUCCESS_SIGMA2ZERO,1024,32,6.020885775593236e-05,-1.2778897731140026e-15, CERTIFIED,311000,P05_WEAKLY_CORRELATED,50,0.2
e1b9491502f1b3ad9adb7d81d3a5c201b938a1f18e53d3bc29f38b0299192050,1459.004268430867,10.0,3910.622888645048,6245074,0,6245074,64,2048,6, SUCCESS_SIGMA2ZERO,2048,57,6.634006243082627e-05,1.385041372472407e-06, CERTIFIED,500000,P05_WEAKLY_CORRELATED,50,0.2
5d700c0c898e18d7839597699bb65480c9d83a7ba975fe1d7fcacb925c03d1e4,1914.487249425419,10.0,3666.9392698317633,9430312,26616384,26616384,64,4096,7, NCAP,4096,32,0.00037904571107580143,2.4153411355181103e-05, TIMEOUT,650000,P05_WEAKLY_CORRELATED,50,0.2
d2bb9eda943dba6b96b82f43e31c3bc931696922a85e7eea39ded0a2fda101a9,1890.1455097973376,10.0,4372.797103697424,1626006,0,2522981,64,4096,7, SUCCESS_SIGMA2ZERO,4096,41,9.948217231805964e-05,1.5301040020931262e-05, CERTIFIED,568000,P05_WEAKLY_CORRELATED,50,0.2
5a919c34a77cc047e6c9a1c28f546ccb00024b0c6dda789cc4be2ba9bbcb2c34,2446.4976322205694,10.0,4536.656720024,8857140,2571882,8857140,64,8192,8, TIMEOUT,8192,32,0.0001831200659817368,-1.247462400759886e-13, TIMEOUT,852000,P05_WEAKLY_CORRELATED,50,0.2
c7c0e94d96f0bdde8ef48a0121f779d3984ee25050cb34f2a7946ac24887831e,112.63131849856067,10.0,161.92603047953108,38193279,69106302,78609641,64,8192,8, NCAP,8192,52,0.0010354178301558,0.00020224486704486963, TIMEOUT,604000,P05_STRONGLY_CORRELATED,25,0.1
3501a51ba19bb796d0eddb2784abe8e35615dec255dc3c9a9f37de25cf73a648,232.2169282654879,10.0,307.527211020424,37269799,20498515,37269799,64,8192,8, NCAP,8192,32,5.858731407302851e-05,0.00013625634607961187, CERTIFIED,793000,P05_STRONGLY_CORRELATED,25,0.1
2876c28049161f2ef2e90f245d24f7299ba9cbd6f602669cbbc6337883089744,300.9566867083967,10.0,425.0213956490184,2182477,8969805,11658287,64,8192,8, NCAP,8192,32,0.0003690436802218665,0.00023443749934343484, TIMEOUT,690000,P05_STRONGLY_CORRELATED,25,0.1
c170110f52cd761f0c4ef3288592ea826d084196bfed81c01188e8745bc0029e,520.5735598916084,10.0,633.3390590125919,18383233,16135103,19969001,64,8192,8, NCAP,8192,32,0.00029331522624295416,0.00015131718214582052, TIMEOUT,626000,P05_STRONGLY_CORRELATED,25,0.1
00c76cc7bcd3b2e60af91fd0e5702e1d6b5a5bb39f2099dac97ca88208edcba1,464.7722271921675,10.0,619.1377169943936,0,0,0,64,64,1, SUCCESS_SIGMA2ZERO,64,113,6.714954748477593e-05,2.471237591810445e-05, CERTIFIED,243000,P05_STRONGLY_CORRELATED,25,0.1
a0c7c6d0bb8f2ad1b0aaee4eece97815a9f1719f1157053fa01af16d33dd838d,661.4370441737321,10.0,809.2489222130743,14684441,15355934,23921780,64,8192,8, NCAP,8192,32,0.0005081801785638908,0.0003058863891933986, TIMEOUT,891000,P05_STRONGLY_CORRELATED,25,0.1
ce7bbab330cfd656474ffcca4020986edc70c519e1283f75268ab566aa18df9d,822.4512923072126,10.0,974.9749114377306,13175388,5462667,16380588,64,8192,8, NCAP,8192,36,0.0005608794119302316,0.0002708706686125362, TIMEOUT,622000,P05_STRONGLY_CORRELATED,25,0.1
5e482ad1351cb39f6639dae6cfeee750b59b1862ddf9fbf49af17464ef2e221f,1016.0004901594976,10.0,1173.6776319645078,16996860,5363001,17449293,64,8192,8, NCAP,8192,32,0.00042380713309036463,0.00016474426266012911, TIMEOUT,763000,P05_STRONGLY_CORRELATED,25,0.1
e2fdcecc5c51fbf369120ae26279c113fa7643a2c3d9febd64281c69629b74a5,928.6541312738166,10.0,1107.3303462107722,17012626,8347580,17012626,64,8192,8, NCAP,8192,33,0.000624888487059114,0.0002333571590476202, TIMEOUT,614000,P05_STRONGLY_CORRELATED,25,0.1
a253d599c63e6acca9fa23fce73efd6548af5538b73d09a911f0f15d848bf877,1015.8717017981576,10.0,1202.3054907085348,3999911,1309530,6485846,64,8192,8, NCAP,8192,35,0.0005436458512663769,0.0002400111710986448, TIMEOUT,611000,P05_STRONGLY_CORRELATED,25,0.1
14ba3523ce03b78d86d849077605983ad65a58c992372ba360380b9cac5f8777,112.63131849856067,10.0,146.1305809055182,77010312,127465514,180522595,64,4096,7, NCAP,4096,32,0.0020145424087836,0.0013189010640331, TIMEOUT,629000,P05_STRONGLY_CORRELATED,25,0.2
7c213683036a268813060bac431d5f375a02491cbc9f92d992bbf356b3340fb8,232.2169282654879,10.0,293.8464999290597,23656265,92922741,94358345,64,8192,8, NCAP,8192,32,0.0005317509186843543,0.0006042824941281503, TIMEOUT,819000,P05_STRONGLY_CORRELATED,25,0.2
a0c6418eca83fad8d5bb786b520d994fcf5b81ad60a76c12422c36a8551417c0,300.9566867083967,10.0,409.83602745373975,11376282,31813466,47411489,64,8192,8, NCAP,8192,32,0.0007929557052193951,0.0005316573322661193, TIMEOUT,849000,P05_STRONGLY_CORRELATED,25,0.2
e256d46eedace17a4a6120f6c334f525a4a57632da9249d51b4e47dd0d2af3d3,520.5735598916084,10.0,608.0376603895479,188354965,0,188354965,64,1024,5, SUCCESS_SIGMA2ZERO,1024,61,7.78498328120196e-05,7.120591631479688e-15, CERTIFIED,388000,P05_STRONGLY_CORRELATED,25,0.2
e5eaaae356f2cff02010505c688c02209a7a573f3fe281276b47375b61354392,464.7722271921675,10.0,596.9716532645247,55419915,0,108407246,64,256,3, SUCCESS_SIGMA2ZERO,256,113,1.4709045306820893e-05,3.3690897014837827e-05, CERTIFIED,555000,P05_STRONGLY_CORRELATED,25,0.2
d449d8ac8f9efa9ef69b66099e51f66243dd3e7d23156aa564bb771ff4127e75,661.4370441737321,10.0,779.4801702359557,31947828,54917005,64221574,64,4096,7, NCAP,4096,53,0.0007559929205617162,0.0006702791556371099, TIMEOUT,606000,P05_STRONGLY_CORRELATED,25,0.2
e65e7424cfbc8233d1c64bfdae5bb02e83d39bb11490d96b82754469ea3e5dc2,822.4512923072126,10.0,939.4875933585216,161537807,32463427,161537807,64,8192,8, NCAP,8192,32,0.0009389331423941514,0.0002517847912425513, TIMEOUT,760000,P05_STRONGLY_CORRELATED,25,0.2
ec96a4243eb52dfaf799ff0df4c002cca9962ffe97a0f654cec9acd1cb057d7e,1016.0004901594976,10.0,1134.1629483262952,21581505,16225102,77352353,64,8192,8, NCAP,8192,32,0.0006577071183706454,0.00011272206763969357, TIMEOUT,691000,P05_STRONGLY_CORRELATED,25,0.2
a523c854448043ffe6fb7441e15156d3013fa31c4a6e28c7d55ace4defdba29d,928.6541312738166,10.0,1069.3870774618429,41609474,20494447,49299351,64,8192,8, NCAP,8192,32,0.0006453001179038225,0.0002749979852453643, TIMEOUT,792000,P05_STRONGLY_CORRELATED,25,0.2
140290ba428930ce2ee4ec1b18ab3e26eb8bf4c122278ea0ffa34a35a06eae48,1015.8717017981576,10.0,1160.7684821776422,35666348,26866071,50824345,64,8192,8, NCAP,8192,32,0.001303370485997,0.0002976982729764376, TIMEOUT,766000,P05_STRONGLY_CORRELATED,25,0.2
9c1cb76e95de04b4d55b161d1a5403df8b746ee0353560cee81ff32616e63946,228.73978263130465,10.0,336.37485515876284,63397933,13574920,63397933,64,4096,7, NCAP,4096,32,0.0005722506122155916,0.0004517890453081021, TIMEOUT,843000,P05_STRONGLY_CORRELATED,50,0.1
e48bffe7d569e07763efb6e8f43bccb0c1fcbc00245de7f5584eb6afdb910c98,460.92457108473536,10.0,661.1010378081967,9136798,14383006,23913922,64,4096,7, NCAP,4096,32,0.0005185939676218172,0.0004187732466227195, TIMEOUT,719000,P05_STRONGLY_CORRELATED,50,0.1
10ce720cd2aa6965fa3fdb5dbad5ab6e7f7983b7f93d427fdb69dfb26f706083,609.5818584021666,10.0,865.5144129267986,5103395,0,10385626,64,512,4, SUCCESS_SIGMA2ZERO,512,38,7.193912851571409e-05,1.0081025161855916e-14, CERTIFIED,179000,P05_STRONGLY_CORRELATED,50,0.1
82dbbe49788baa2b40da5ed80f96f02c47a5c9ebc71321e1ddfc668ca3713c3b,977.9724121124416,10.0,1201.8449626013353,5774792,15771778,18273692,64,1024,5, NCAP,1024,32,0.0016293918041441,0.0022320615889492, TIMEOUT,1610000,P05_STRONGLY_CORRELATED,50,0.1
be822e86690e92814edcdf6daecd84097dd5cae212fa5120bfc7539db437e1c1,1023.8548127178656,10.0,1325.683232090429,15843601,4938385,15843601,64,4096,7, NCAP,4096,44,0.00041304082665143073,8.64319473416363e-05, TIMEOUT,614000,P05_STRONGLY_CORRELATED,50,0.1
866bd38778465455a272f7372fb4faccdf4a8ee14b6945c25d7cc5be0ab8b0d5,1346.5607762953744,10.0,1650.3470268502522,5750510,8680220,12473133,64,2048,6, NCAP,2048,32,0.0013256173985586,0.0011716432875916, TIMEOUT,957000,P05_STRONGLY_CORRELATED,50,0.1
5e48ad3f2d4a56c2bec06bfebfaac447beb1046c17d29167e3f928f1f87e02d2,1766.9762911901714,10.0,2087.275798307837,20599723,12346519,20599723,64,2048,6, NCAP,2048,32,0.001403702397627,0.0014375779934262, TIMEOUT,1241000,P05_STRONGLY_CORRELATED,50,0.1
99ea50d42906811696a1393b7d7f8fa5d413c4274750a0817eaa7de7036a7cb6,2013.6144227007449,10.0,2357.044389367086,18351242,8385505,18351242,64,2048,6, NCAP,2048,32,0.0017873804850214,0.0015635990943926, TIMEOUT,1594000,P05_STRONGLY_CORRELATED,50,0.1
d90f97b60d451e8c218296af971b4198074ca188c6b6e3e27b0ea7daf71b5476,2142.711768175847,10.0,2516.6437040213964,13778588,2819777,13778588,64,4096,7, NCAP,4096,32,0.0006111678335723009,0.000589579368578999, TIMEOUT,846000,P05_STRONGLY_CORRELATED,50,0.1
b0216ec663cd168bb5e3ab82c9277c9bc67ef988d4d96e7de7ec12311f2e4f00,2239.269153020637,10.0,2640.7009039364143,1754104,3734951,7617492,64,4096,7, NCAP,4096,42,0.0005014865045042291,0.0003758105071182592, TIMEOUT,610000,P05_STRONGLY_CORRELATED,50,0.1
4b831b60c229b3b1fcf1be2c8554d95cd2277351cc9285e5e3b3467befbe3314,228.73978263130465,10.0,324.80246288128416,211235044,79517193,211235044,64,1024,5, NCAP,1024,171,0.0025888014547624,0.0019492001930986, TIMEOUT,601000,P05_STRONGLY_CORRELATED,50,0.2
770c01915275b31305023b0d88a447ab24a328a110d33fb19ec126e5f38a0c49,460.92457108473536,10.0,642.7581311702738,20891954,36999199,46181580,64,1024,5, NCAP,1024,116,0.001865108687899,0.001626037624325, TIMEOUT,604000,P05_STRONGLY_CORRELATED,50,0.2
7d6c4b8a6d61575dba872118b5670b340fa86ae203ce549aea19100d8aa68941,609.5818584021666,10.0,832.0147702291853,64751558,13549860,64751558,64,1024,5, NCAP,1024,79,0.0024914112389622,0.0024194437383985, TIMEOUT,605000,P05_STRONGLY_CORRELATED,50,0.2
1752dfe947cb245f90c4fb6e558e1d3d322a289db31d1b0a536ccab6063b36fc,977.9724121124416,10.0,1164.595223334,339015002,74261016,339015002,64,1024,5, NCAP,1024,77,0.0043436581777198,0.0039902491550858, TIMEOUT,604000,P05_STRONGLY_CORRELATED,50,0.2
07aaefe9763df8493a3575d944b4085e8ec93c2213ae270f76af3304615bc2e2,1023.8548127178656,10.0,1282.3689466037745,104123746,22234538,104123746,64,1024,5, NCAP,1024,77,0.0032799893332585,0.0029952630280036, TIMEOUT,605000,P05_STRONGLY_CORRELATED,50,0.2
e3f16aae2bc25f64c623c563a5ad1c6bce65db69c23ca480409e3d93eb9b3df3,1346.5607762953744,10.0,1606.483408583747,64261300,31283250,64261300,64,1024,5, NCAP,1024,84,0.0019122287460373,0.0016564261682201, TIMEOUT,603000,P05_STRONGLY_CORRELATED,50,0.2
7993f9790eb044c7e6075dcc87aef7e9b13111a4b38b4523334afd2227136928,1766.9762911901714,10.0,2029.924337360403,90715914,13946301,90715914,64,1024,5, NCAP,1024,54,0.0020557524497102,0.001596311743603, TIMEOUT,606000,P05_STRONGLY_CORRELATED,50,0.2
c937b900a490e90de3855ebc3c5027d0784e6575be2be63a90d3091d437619ba,2013.6144227007449,10.0,2294.493068580602,60809827,29663718,84814724,64,1024,5, NCAP,1024,55,0.0022786104890705,0.0025674700353339, TIMEOUT,604000,P05_STRONGLY_CORRELATED,50,0.2
18db234ee7cb4b42c22dde89f184ab29e0ec6700b21e4548fe612de6159e583b,2142.711768175847,10.0,2453.83188511397,145514596,13783613,145514596,64,1024,5, NCAP,1024,70,0.0005867979612408992,0.0004040753713565537, TIMEOUT,602000,P05_STRONGLY_CORRELATED,50,0.2
fe9c6fbdd70c9712d5b7ca53a7bf20f00646392b43f922ec36e3dd734b6bff01,2239.269153020637,10.0,2564.197562845359,34911131,20850652,34911131,64,1024,5, NCAP,1024,71,0.0026381703191141,0.0023951237937225, TIMEOUT,605000,P05_STRONGLY_CORRELATED,50,0.2
fb774965dd79849ff9b7fd76901b05a2d810b9feb1ae8d9dbc4309d2ed47b3d2,135.3585912258334,10.0,99.64177625216637,151676722,358143005,358143005,64,8192,8, NCAP,8192,32,0.0018545918147905,0.0008156776636294028, TIMEOUT,944000,P05_INVERSE_STRONGLY_CORRELATED,25,0.1
e57b182390f9bb3749648f6728626c12b331059d9f124a7ebc4ee57c07efe574,277.6714737200333,10.0,221.30175741623427,345662472,166542595,345662472,64,8192,8, NCAP,8192,32,0.00162797698825,0.0012780810706206, TIMEOUT,640000,P05_INVERSE_STRONGLY_CORRELATED,25,0.1
4c2a55c6820347e9e2132ee7f0b5fa90c0dbc4a1e825fa79698d1a9e1b9e34d7,369.1385048902149,10.0,298.2027528450068,290128426,156316324,290128426,64,8192,8, NCAP,8192,32,0.0008689636691886837,0.00045378412375026887, TIMEOUT,674000,P05_INVERSE_STRONGLY_CORRELATED,25,0.1
f8d8778777a90900b5eba3804602c6079988ffc6274d8e58f8c8e8270cbe5a65,611.4826508006993,10.0,509.3755901778753,22517929,87527635,103938269,64,8192,8, NCAP,8192,33,0.0016256214543396,0.0016937423152698, TIMEOUT,600000,P05_INVERSE_STRONGLY_CORRELATED,25,0.1
6ebc992959758948b7258cd4fc8ba48c14637962502ccc42f9549822d57ae857,578.4085908285311,10.0,478.3082336339132,62622939,34217426,86783966,64,16384,9, NCAP,16384,32,0.000905235303984218,0.0001454401968015755, TIMEOUT,786000,P05_INVERSE_STRONGLY_CORRELATED,25,0.1
a723eae0ccb6d2f0cf1db7089f2edad027d65e2848fcdbff5dbec78e9fb58164,797.8006805373685,10.0,669.7306528491051,32263757,0,65854377,64,1024,5, SUCCESS_SIGMA2ZERO,1024,52,2.955345909793897e-05,-1.2788708657318632e-15, CERTIFIED,100000,P05_INVERSE_STRONGLY_CORRELATED,25,0.1
00ccd998d5164148d86d19d5d0820c051dc3bbcce9d3d4ebd9ed2e214f4754a1,981.5422013981216,10.0,819.7419031774682,16711595,11788837,16711595,64,8192,8, NCAP,8192,42,0.0007946724203657808,0.0004588137868878879, TIMEOUT,601000,P05_INVERSE_STRONGLY_CORRELATED,25,0.1
48af6a023b378caf72aca995021d4643cd2ed517e61a6bcab7c5a984066a6da4,1197.8186719776793,10.0,992.473994525318,8976408,7112176,20686269,64,4096,7, NCAP,4096,32,0.0014368726426051,0.0013391005469797, TIMEOUT,628000,P05_INVERSE_STRONGLY_CORRELATED,25,0.1
62e9d93c72d9ebc81a9cda450ae9153c64a1ab5857d586c2695d3b38f73fdfdb,1133.199585819271,10.0,930.2058512910354,3951019,6791296,7450125,64,8192,8, NCAP,8192,63,0.0006336927767574503,0.00043224326347673215, TIMEOUT,606000,P05_INVERSE_STRONGLY_CORRELATED,25,0.1
18a5578b9c4b2206fff60322dda73c40f3b6322394bcc14bfc1305bf88b9666d,1243.1444290708848,10.0,1008.2144902933456,2522392,777984,2522392,64,8192,8, NCAP,8192,38,-4.345786908196935e-06,5.239245390383185e-05, CERTIFIED,218000,P05_INVERSE_STRONGLY_CORRELATED,25,0.1
6d61b8294e6c1177974ba39dd7500d4ced2b3db235251a118555dd9d8de9828a,135.3585912258334,10.0,88.03725724180826,1010038267,0,1648572674,64,2048,6, SUCCESS_SIGMA2ZERO,2048,121,0.0019122802813117,4.880770941869704e-05, TIMEOUT,600000,P05_INVERSE_STRONGLY_CORRELATED,25,0.2
bd6c286ca3f98729414f6557200d4a6a953087fe13e959edc5e1783bec139dc3,277.6714737200333,10.0,198.49027190139265,639983156,761615300,761615300,64,8192,8, NCAP,8192,32,0.0037683625433162,0.0033475398019027, TIMEOUT,773000,P05_INVERSE_STRONGLY_CORRELATED,25,0.2
988d15c3bc56c0e963aa0b8906089b818931d5af2864e65e5717a9848cbb5c72,369.1385048902149,10.0,273.78721131426096,1074151260,384743246,1074151260,64,8192,8, NCAP,8192,32,0.0027836250286106,0.0027142451294843, TIMEOUT,634000,P05_INVERSE_STRONGLY_CORRELATED,25,0.2
c6d3aef3c60553db6f6742dfe025939b38166b228edaeffce58d3922ebfd1c86,611.4826508006993,10.0,470.47506143719846,413866690,180507130,413866690,64,4096,7, NCAP,4096,32,0.0066892895810444,0.005927656038427, TIMEOUT,673000,P05_INVERSE_STRONGLY_CORRELATED,25,0.2
cc171ac01280041cf62835ed67f8a57981202d420238a2ac2c33d7de1ca571d8,578.4085908285311,10.0,442.07724900424137,275985970,121243798,275985970,64,8192,8, NCAP,8192,42,0.0021981841692651,0.0020897061948269, TIMEOUT,600000,P05_INVERSE_STRONGLY_CORRELATED,25,0.2
00de3e52f5a2f871da8e5d8b453c97e829bac632187b821affef3862e5066cf8,797.8006805373685,10.0,624.6299998142163,458515480,124568289,458515480,64,8192,8, NCAP,8192,39,0.0023336756576049,0.0016659797347882, TIMEOUT,608000,P05_INVERSE_STRONGLY_CORRELATED,25,0.2
640ec33f208df66139c8e16f41c901452d04bf2548d4f0e766a3b8694359effa,981.5422013981216,10.0,774.5741553787675,212244426,0,212244426,64,8192,8, SUCCESS_SIGMA2ZERO,8192,33,0.0009270787217923549,7.388995323848154e-14, TIMEOUT,604000,P05_INVERSE_STRONGLY_CORRELATED,25,0.2
fa00d13bb8852fdb7eda06af5f8583baf61e162364f5e96e2ee8d367eec5acdd,1197.8186719776793,10.0,948.0679036704114,69604922,30822648,78446584,64,8192,8, NCAP,8192,32,0.0015398083143995,0.0013987010991036, TIMEOUT,680000,P05_INVERSE_STRONGLY_CORRELATED,25,0.2
d25bc8531c2d8f0c73692fbefd0f198902363f170e0b10bba62af91ebf763021,1133.199585819271,10.0,888.3040352648075,13178320,31031668,31031668,64,8192,8, NCAP,8192,45,0.0013649748511401,0.0008785816298860157, TIMEOUT,610000,P05_INVERSE_STRONGLY_CORRELATED,25,0.2
5619bf714bcf63d03d612c8bff1073e7c5e2155ccc7a15552155d08c02594762,1243.1444290708848,10.0,966.4599535803616,7297104,0,35589161,64,4096,7, SUCCESS_SIGMA2ZERO,4096,34,-0.00015390889439204357,5.767255470243998e-14, CERTIFIED,160000,P05_INVERSE_STRONGLY_CORRELATED,25,0.2
6ed33b771270948d663c5c920c36602384d7b2c7602e15212768064ca5cf22e3,274.1943280858501,10.0,218.1870337240564,411971622,349513060,411971622,64,4096,7, NCAP,4096,32,0.0036198936141504,0.0026220613891445, TIMEOUT,1046000,P05_INVERSE_STRONGLY_CORRELATED,50,0.1
4a12bf7aa908e72a7caf3d60f51b6225c45781a14a97b0684640123be5cc6120,551.8336619938262,10.0,460.5611653772764,53650583,108427909,205439158,64,4096,7, NCAP,4096,32,0.0028630902287287,0.0028095596286119, TIMEOUT,1151000,P05_INVERSE_STRONGLY_CORRELATED,50,0.1
232771fd92e81dbd7302d437b6b5a17a0d05c6cb14b5dd6389ddf62c658de016,745.945494765803,10.0,628.0350716935646,20219258,29094343,62699774,64,8192,8, NCAP,8192,32,0.0011752622138226,0.001137068184877, TIMEOUT,1035000,P05_INVERSE_STRONGLY_CORRELATED,50,0.1
46c3d3157ac224244006cb5d36fb0ff8ec3468d5fd5de55ee3efed3156ccb42a,1159.7905939306236,10.0,981.5165370620156,102019230,37984114,102019230,64,4096,7, NCAP,4096,32,0.0017780784832689,0.0017999101753908, TIMEOUT,1071000,P05_INVERSE_STRONGLY_CORRELATED,50,0.1
9733175477015e56d1d61d6cd43a110a5f68c8939b796c69e1df875701e2304b,1251.1275399905928,10.0,1060.1504494029484,33697238,9819127,33697238,64,8192,8, NCAP,8192,39,0.0005400923483607555,0.00027011146267182887, TIMEOUT,602000,P05_INVERSE_STRONGLY_CORRELATED,50,0.1
7006693db94b268958edd2909e70a58cf7c3c699c75d846d6be65e6e1c6fec34,1619.288049022647,10.0,1368.2207033990246,5198750,2641676,16544989,64,4096,7, NCAP,4096,32,0.00027554230676547347,1.2181854624732872e-05, TIMEOUT,757000,P05_INVERSE_STRONGLY_CORRELATED,50,0.1
16adef044ffab34008b313c78d688c4f377f30cef00ad3d410d4dabde8150ca8,2085.1581093719897,10.0,1785.1165327475526,19522800,13007218,19522800,64,4096,7, NCAP,4096,32,0.0015457110563131,0.0012440354615314, TIMEOUT,1072000,P05_INVERSE_STRONGLY_CORRELATED,50,0.1
c88e8cc7a7a07c527ffc65883a5a52d3139994383f1c05016a096b03766470d7,2377.250786337109,10.0,2041.481134065663,15383626,3894294,32715644,64,8192,8, NCAP,8192,38,0.0002957439670482177,0.0002474403146334523, TIMEOUT,604000,P05_INVERSE_STRONGLY_CORRELATED,50,0.1
e208c2057ec2a8a1831d29142c451ff0922c2450be87bcf1115fb04b827de911,2551.802677266756,10.0,2157.373859436328,6867459,0,6867459,64,8192,8, SUCCESS_SIGMA2ZERO,8192,60,0.00025690952231699054,-1.1569368377315766e-13, TIMEOUT,604000,P05_INVERSE_STRONGLY_CORRELATED,50,0.1
7ac18f68715313803cc286de2cca4cf9c1edb9141fe3f9630eb4d57c927c13bb,2693.814607566092,10.0,2239.9886951865547,1147766,737641,7499574,64,8192,8, NCAP,8192,32,4.813344613672e-05,0.0001055234329972772, CERTIFIED,420000,P05_INVERSE_STRONGLY_CORRELATED,50,0.1
8bf56ce5c9cca3ceb0fe1224717120d0ca641dc94e6d7edb88c91d8486560368,274.1943280858501,10.0,195.7265073085915,1102290796,1209619690,2147483647,64,2048,6, NCAP,2048,32,0.0101103786513708,0.0119636300023044, TIMEOUT,632000,P05_INVERSE_STRONGLY_CORRELATED,50,0.2
94beff2b8a24216aa851a88fc4b3ff76510fdb2e73ea77bacd56d594c1c11260,551.8336619938262,10.0,423.5180991809059,471249862,769606125,878179056,64,2048,6, NCAP,2048,32,0.0113417301886955,0.0114577271479659, TIMEOUT,1167000,P05_INVERSE_STRONGLY_CORRELATED,50,0.2
5d95e4efb5730ae0bff581896dd8635b1d65e6ae2defb77caf0e67f61cd37e26,745.945494765803,10.0,584.4549486930237,627081533,375740667,627081533,64,2048,6, NCAP,2048,32,0.0086707145253567,0.0082412277549001, TIMEOUT,670000,P05_INVERSE_STRONGLY_CORRELATED,50,0.2
bd1493e2223b3d3659eff7fa2d8c78e6aca364ad3af6e81082079d0976163ca5,1159.7905939306236,10.0,933.3768551060624,584528297,96969911,584528297,64,2048,6, NCAP,2048,32,0.0025009305368651,0.0023100869008005, TIMEOUT,1112000,P05_INVERSE_STRONGLY_CORRELATED,50,0.2
1525f1ac871bbb1cf7bcced5ae562e4f32685d893a51dd05fbc44c2a526684c2,1251.1275399905928,10.0,1003.560763360101,361852881,114028488,361852881,64,4096,7, NCAP,4096,32,0.0030662903880294,0.0029084939518738, TIMEOUT,655000,P05_INVERSE_STRONGLY_CORRELATED,50,0.2
b937018b5ff3edbab56d4068912ea088956dcc627826dbc15fafb5ab8a5cf3fe,1619.288049022647,10.0,1308.0065467906084,226486252,77706186,226486252,64,2048,6, NCAP,2048,43,0.0042787409483221,0.0037915022866886, TIMEOUT,610000,P05_INVERSE_STRONGLY_CORRELATED,50,0.2
4d0682020755a3ff478be3cd493fcaf8a7e0045fe79d03803f3e8f3eb35c5cc8,2085.1581093719897,10.0,1716.254562924975,55480946,42318504,80312257,64,4096,7, NCAP,4096,32,0.0029567466203105,0.002051404788425, TIMEOUT,664000,P05_INVERSE_STRONGLY_CORRELATED,50,0.2
afdee054e80dd5f4b46cc758d07c3fd9b519259777a7b1f7bf277eada46b2c31,2377.250786337109,10.0,1967.1330241774249,79861885,12589861,111094985,64,4096,7, NCAP,4096,71,0.0010029249055463,0.00065052303950069, TIMEOUT,609000,P05_INVERSE_STRONGLY_CORRELATED,50,0.2
1d6616fde842d5081f336766aab9b6ba7e2686e1cde3c6b0445454f68f879f53,2551.802677266756,10.0,2084.2084155682296,36784813,7044159,43368683,64,4096,7, NCAP,4096,77,0.0009182069974165044,0.000564887877530868, TIMEOUT,608000,P05_INVERSE_STRONGLY_CORRELATED,50,0.2
9883e191fc8d4d28c77aab7bd5073f20fd6ad6d1e400d3cbd966747da6b242f2,2693.814607566092,10.0,2173.627777373431,6183871,2158204,11421962,64,4096,7, NCAP,4096,49,3.724725745291886e-05,8.132294764063536e-05, CERTIFIED,355000,P05_INVERSE_STRONGLY_CORRELATED,50,0.2
40377ea5441dbf2b557719e33ccba1c6f135378741d0496928d22db44e36857c,112.63131849856067,10.0,161.95649643561634,86244929,71021964,86244929,64,2048,6, NCAP,2048,346,0.001264042105181,0.0007400588912771067, TIMEOUT,601000,P05_ALMOST_STRONGLY_CORRELATED,25,0.1
ceda63cd5eb28255c560bc28d7d56f3868a853f27c6d9b904f27dd1d90a3f97c,200.6377911389312,10.0,309.7589902941348,19551222,11720035,19551222,64,2048,6, NCAP,2048,32,9.86241010869664e-05,0.00011844141963257112, CERTIFIED,104000,P05_ALMOST_STRONGLY_CORRELATED,25,0.1
7e242410459029abd4171c2822bee1d7e18be977e4f6c2b058361324cdddb5c4,278.8633363153005,10.0,402.78187956417537,13610858,16485378,16485378,64,2048,6, NCAP,2048,240,0.0002603590893505625,0.0004312400831427981, TIMEOUT,602000,P05_ALMOST_STRONGLY_CORRELATED,25,0.1
cea74f0f1e5115f5410e636ed3ebb1a7aae63deef1fb1fc3a3df47801572fda7,469.97216703269294,10.0,586.0195793482678,10275433,15930098,15930098,64,2048,6, NCAP,2048,237,0.0004003504922938031,0.0003874785330751818, TIMEOUT,601000,P05_ALMOST_STRONGLY_CORRELATED,25,0.1
e8a958a60a428384ed1fc609f4898c18b202b09cb427070b9e0777c25cf8d786,515.9189618187869,10.0,660.6077464909015,10697032,0,10697032,64,256,3, SUCCESS_SIGMA2ZERO,256,82,8.2572142802931e-05,1.2573356572274437e-15, CERTIFIED,263000,P05_ALMOST_STRONGLY_CORRELATED,25,0.1
4ee4e88912cbc9b92c6768ada6cef0ac2d53b8726d176cd6efd587b3fa4b6dae,669.2975149694981,10.0,818.6038861946648,8090773,12610375,20360039,64,2048,6, NCAP,2048,38,1.9622876718007484e-05,0.00023122147595877585, CERTIFIED,169000,P05_ALMOST_STRONGLY_CORRELATED,25,0.1
4d0f9df10826585e61d09cbee347cd0be66574ab2ac06a7491ff686ed54cf584,907.9861870330462,10.0,1056.3419072391523,20936976,4563694,20936976,64,2048,6, NCAP,2048,199,0.0004392735069341706,0.0003525461926809429, TIMEOUT,603000,P05_ALMOST_STRONGLY_CORRELATED,25,0.1
feedb31f782b85e97880baca49b116ce1a4cf07c35d16c61512fb718ba77000c,1015.652441537617,10.0,1169.8534585941134,9596970,11332797,22380522,64,2048,6, NCAP,2048,129,0.0015425938050108,0.0013625337308846, TIMEOUT,603000,P05_ALMOST_STRONGLY_CORRELATED,25,0.1
1d581bc49163bf6e00e29ae3b4c903e1611d4356c46a81e10c07e455a73a581c,1078.0584145275466,10.0,1253.188569468282,7549923,4291938,7549923,64,2048,6, NCAP,2048,70,7.153211252188308e-05,0.00011733656499968902, CERTIFIED,292000,P05_ALMOST_STRONGLY_CORRELATED,25,0.1
2f59d7b9b7733b6c9ebbaac82d353325b638b507335850986f20acfb1701812b,1105.9222745163063,10.0,1289.2770219869174,5377889,5534847,8406679,64,2048,6, NCAP,2048,191,0.0004048155124158215,0.00029504332464174425, TIMEOUT,603000,P05_ALMOST_STRONGLY_CORRELATED,25,0.1
6c4260516a6a54182c7ed7f45b0d98ef39ada8d014c1d6b619fa6ba8e5866063,112.63131849856067,10.0,146.00014331966153,76794266,128344063,181096077,64,2048,6, NCAP,2048,152,0.0018856086101851,0.0010992191006602, TIMEOUT,600000,P05_ALMOST_STRONGLY_CORRELATED,25,0.2
a3f6d9442909cefe8b928bcd2eb29acd997fbd1f4cb0d9301d7a49bae45d2514,200.6377911389312,10.0,298.4722041348086,69030730,0,69030730,64,256,3, SUCCESS_SIGMA2ZERO,256,158,8.257922767911704e-05,2.3338320977209964e-06, CERTIFIED,481000,P05_ALMOST_STRONGLY_CORRELATED,25,0.2
eb6a5425b9df7f990e7521cf682e895a0052be2cff16efb65983389d1e1f62a3,278.8633363153005,10.0,388.40766672093326,65208416,30571443,73618841,64,2048,6, NCAP,2048,115,0.0010373319552546,0.0006360900267380763, TIMEOUT,600000,P05_ALMOST_STRONGLY_CORRELATED,25,0.2
206cab7cab7138ae54c0fa0db345e8aa38156f6c028b575014321ed4e8157f8a,469.97216703269294,10.0,554.5498603907032,96560079,136815619,182725813,64,2048,6, NCAP,2048,89,0.0011448837254173,0.00017348251400505532, TIMEOUT,600000,P05_ALMOST_STRONGLY_CORRELATED,25,0.2
838a6117629bbd70f030a3dc28b869b98af42581e45f5892b567b44cb1bd68f4,515.9189618187869,10.0,625.8900517597301,268552916,28256624,268552916,64,2048,6, NCAP,2048,98,0.001103786928962,0.0006442858261607862, TIMEOUT,600000,P05_ALMOST_STRONGLY_CORRELATED,25,0.2
7ba559998bdba5a9585310f1db7d7bf14f7ee5451ea6a28987a2e3934e79340c,669.2975149694981,10.0,786.8564634957727,76273911,39663893,76273911,64,2048,6, NCAP,2048,103,0.0008585143050223397,0.0003133875078103741, TIMEOUT,601000,P05_ALMOST_STRONGLY_CORRELATED,25,0.2
eba5fef110867af50b7e8dd2cda1baf85242af05070f79decdce1bc4e59c7452,907.9861870330462,10.0,1004.9626950933126,80096892,79503982,80096892,64,2048,6, NCAP,2048,62,0.0031723999232202,0.0027401662096524, TIMEOUT,603000,P05_ALMOST_STRONGLY_CORRELATED,25,0.2
d8fd5fe21e314b276175f1ee91acf7cdfaeb2ac8a7d03a93e3a1d352f6c82a08,1015.652441537617,10.0,1126.808860817288,42110369,52848632,116115261,64,2048,6, NCAP,2048,99,0.0027930496847294,0.0026307582459146, TIMEOUT,601000,P05_ALMOST_STRONGLY_CORRELATED,25,0.2
cf69e80464de30781f194d4e883d46746c2d1f1ac18ea3cbb73cecd17ecc64dd,1078.0584145275466,10.0,1200.1760337857047,17905347,20114563,74464110,64,2048,6, NCAP,2048,79,0.001393325696102,0.0007192568910076632, TIMEOUT,601000,P05_ALMOST_STRONGLY_CORRELATED,25,0.2
881b06776f91449e406a60899bdbe24618b816ce3dfcb1a7f08c27cd81a5810f,1105.9222745163063,10.0,1245.2319812459282,24164647,17915823,40542462,64,2048,6, NCAP,2048,105,0.0012256758821066,0.00094350789717048, TIMEOUT,601000,P05_ALMOST_STRONGLY_CORRELATED,25,0.2
705e40b9130226acd24e76a92b0f786161edabf2532f36a2039a73d6cef030d6,228.73978263130465,10.0,336.60376111498385,63294137,28373683,63294137,64,2048,6, NCAP,2048,71,0.0006215233579339508,0.0005282911005843276, TIMEOUT,600000,P05_ALMOST_STRONGLY_CORRELATED,50,0.1
343f0e5fd4f7e6d0a3a07f707ef59545ae6d231f0f26e553f4c498a41c2e18ab,406.38790560144446,10.0,619.0812242512127,3293357,4448039,13856182,64,2048,6, NCAP,2048,96,0.0006823051630138572,0.00032247306953096057, TIMEOUT,607000,P05_ALMOST_STRONGLY_CORRELATED,50,0.1
0f442ef4cb7cb9b0ed9e04b7c75bb5c7a715c67a12e26cf474e4a344b4b4ecba,614.3128876307193,10.0,839.3239609183831,17445447,16167935,30105419,64,2048,6, NCAP,2048,32,0.0012191648183414,0.0009873510476289872, TIMEOUT,1149000,P05_ALMOST_STRONGLY_CORRELATED,50,0.1
5cf6bb2645523cad7f8d2a3fb06d50b93219a371cfb839bc2cabd523f1c00d0a,1009.7007378229551,10.0,1251.6024360638858,19657812,37746917,37746917,64,2048,6, NCAP,2048,32,0.0009096672839068158,0.0005640981696325612, TIMEOUT,1309000,P05_ALMOST_STRONGLY_CORRELATED,50,0.1
216aa68f87471225eb39ecf9a8d7121aa36ad0319198d6e487ba25c82b1c3299,1190.3954267643592,10.0,1457.295309752354,6060242,14815427,16907728,64,1024,5, NCAP,1024,32,0.0023224296966744,0.0023592848648629, TIMEOUT,1395000,P05_ALMOST_STRONGLY_CORRELATED,50,0.1
9c9b6d21538c504802e5d3a30dc933709f76b4f36eb37545f8ad95dd44095c9a,1214.7348905944316,10.0,1541.9687969350468,4590262,9218424,15458424,64,2048,6, NCAP,2048,43,0.0011848764752305,0.0011019761965863, TIMEOUT,609000,P05_ALMOST_STRONGLY_CORRELATED,50,0.1
51f4f52716767e9c5450e836b1f93ab73c9e00df45b812aa8708e55621083492,1459.004268430867,10.0,1808.7378428088116,5463145,10282209,17042844,64,2048,6, NCAP,2048,71,0.0009715812747849284,0.0008496504559988772, TIMEOUT,607000,P05_ALMOST_STRONGLY_CORRELATED,50,0.1
974ccfb4e73358d294e18337f28fa4c28504a477a3f07f95861340edf2a277a2,1914.487249425419,10.0,2262.8944814645743,4202310,4943152,10101888,64,2048,6, NCAP,2048,47,0.0010584339099958,0.000884143951855174, TIMEOUT,600000,P05_ALMOST_STRONGLY_CORRELATED,50,0.1
60da4e0e91477ba5b3e2c14216eb469fdb17761738b33615f1fe2e14cf2feaf8,1890.1455097973376,10.0,2271.862484088216,2343607,6978106,9707358,64,2048,6, NCAP,2048,39,0.001015667390009,0.0007691767800515351, TIMEOUT,610000,P05_ALMOST_STRONGLY_CORRELATED,50,0.1
5bbb356d561a4b95404a1b324fe8df0a677cf006cba8d2672559317130981e34,2446.4976322205694,10.0,2839.891350516522,9354609,3068139,9354609,64,2048,6, NCAP,2048,53,3.080169594525127e-05,6.074814670184507e-05, CERTIFIED,406000,P05_ALMOST_STRONGLY_CORRELATED,50,0.1
db46a2552aa81a74bdfbbc9b9cb8866eb000d91740a4e77b9703a1bfb4f9dd4a,228.73978263130465,10.0,325.0786466173208,210989036,79403055,210989036,64,1024,5, NCAP,1024,140,0.0022295149039151,0.001990217590942, TIMEOUT,604000,P05_ALMOST_STRONGLY_CORRELATED,50,0.2
21d421f4937d1ca8c39e63d9783481e51e12bc90e04cfc96a31fae8782900220,406.38790560144446,10.0,602.7994694934615,33860772,0,41527117,64,512,4, SUCCESS_SIGMA2ZERO,512,52,-6.18787927121354e-05,-3.307263676818105e-15, CERTIFIED,311000,P05_ALMOST_STRONGLY_CORRELATED,50,0.2
d49431358dd44b1779d1827338ea647c28b9316967a1ecbeb44a223adff0b1a2,614.3128876307193,10.0,815.3668996013847,20654207,38101828,71726184,64,1024,5, NCAP,1024,83,0.0033257452790056,0.0031602932628167, TIMEOUT,605000,P05_ALMOST_STRONGLY_CORRELATED,50,0.2
ccb8a57194d572e02f6213c4cd19addffeb498cebcd0f061673adf6c7acfdf7c,1009.7007378229551,10.0,1212.93841689246,213833433,63474298,213833433,64,1024,5, NCAP,1024,72,0.0031666663234423,0.003249665349709, TIMEOUT,604000,P05_ALMOST_STRONGLY_CORRELATED,50,0.2
d7ea276af1c7b6e9cad816a473252d02bd05ca10ba1d3d4b03cd6ca9a09cbdd3,1190.3954267643592,10.0,1416.038564547756,134193487,55250437,134193487,64,1024,5, NCAP,1024,59,0.0040487014361316,0.0041092323995203, TIMEOUT,604000,P05_ALMOST_STRONGLY_CORRELATED,50,0.2
3d1d7cc03baec4db7e1db591a8230b97aa843ad52fca4bc617af6fedc9c3a937,1214.7348905944316,10.0,1502.052375254484,140154246,15542384,140154246,64,1024,5, NCAP,1024,73,0.0017261412417041,0.0017582970085495, TIMEOUT,604000,P05_ALMOST_STRONGLY_CORRELATED,50,0.2
8034288d4e23b2abbd5fa89be6af694c60a2974c320de2f0abc8e903ebf0f605,1459.004268430867,10.0,1760.7910171218189,41376878,19985180,65193014,64,1024,5, NCAP,1024,76,0.00093421576014977,0.000525037328690001, TIMEOUT,605000,P05_ALMOST_STRONGLY_CORRELATED,50,0.2
c730f58338e76ce4d7c4711192dbd29f59f94448551decb992a52453dada4d6f,1914.487249425419,10.0,2191.6218892070665,36381134,31970906,41128445,64,1024,5, NCAP,1024,33,0.0047968068314683,0.0047662649739826, TIMEOUT,605000,P05_ALMOST_STRONGLY_CORRELATED,50,0.2
b7de72a08a1b9c4279175306cfd0bfa430ef0872016c4833af539a1a3edc0f9e,1890.1455097973376,10.0,2215.514019570792,39390578,27051153,54011005,64,1024,5, NCAP,1024,66,0.0024033500733342,0.0020388370914869, TIMEOUT,604000,P05_ALMOST_STRONGLY_CORRELATED,50,0.2
af0c729b9267d0b7f06075dbb637bb5899e40594577790e232889f86d137ee12,2446.4976322205694,10.0,2757.4802369559884,36469532,9995902,36469532,64,1024,5, NCAP,1024,64,0.0030978680298686,0.0026533206812126, TIMEOUT,605000,P05_ALMOST_STRONGLY_CORRELATED,50,0.2
4eebdbbdda66b2bf6821d5548f9115ed8ccfbee2ba5a52b76fe9f6c8b517c1c5,112.63131849856067,10.0,103.94256976857794,104532511,111281600,121776250,64,1024,5, NCAP,1024,89,0.0005577267913283898,0.00023243973866912104, TIMEOUT,600000,P05_SUBSET_SUM,25,0.1
c6499988bffea60ec9a9b29539e6207ab2d123e765be36e1e65a2e7e4e8bb04c,232.2169282654879,10.0,217.4143006144586,54032639,40363516,79321706,64,1024,5, NCAP,1024,83,0.0017490366798966,0.0011564432246874, TIMEOUT,601000,P05_SUBSET_SUM,25,0.1
e214cfaec99ce2936f8fcda4f91b4424d300b8162ecafb61a48c4c2591fcdc8d,300.9566867083967,10.0,285.049554707841,9650378,965581,70807821,64,1024,5, NCAP,1024,76,0.0009814294807951648,0.0009136598526436226, TIMEOUT,601000,P05_SUBSET_SUM,25,0.1
1eb8f7730d1eda1c3242eca03c0df3fed6ba2c68167123b225a6fe80aba3b31e,520.5735598916084,10.0,493.20729042207887,58654951,30237643,63355646,64,1024,5, NCAP,1024,74,0.0015395893159768,0.0013719574129965, TIMEOUT,601000,P05_SUBSET_SUM,25,0.1
c3d77896b536ce2a965540b42d438fe22b03f9eca87accc55e84c1dba32d4532,464.7722271921675,10.0,440.341378658352,88069754,25917506,88069754,64,1024,5, NCAP,1024,82,0.0023549587326767,0.0023696643435094, TIMEOUT,601000,P05_SUBSET_SUM,25,0.1
cc7fa68f5ef36640b14209719d4f577c7292362a96c9400cd5543066f3c8e540,661.4370441737321,10.0,629.2731022251813,44111753,12096581,44111753,64,1024,5, NCAP,1024,78,0.0023320471311763,0.0021377195459819, TIMEOUT,601000,P05_SUBSET_SUM,25,0.1
7480e1222a5158b76ca5800324fe26ce94d012192b8ad7721bc9e71ce55e906e,822.4512923072126,10.0,785.0921940487291,59167000,14775303,59167000,64,1024,5, NCAP,1024,63,0.002139145419759,0.0020820262637903, TIMEOUT,602000,P05_SUBSET_SUM,25,0.1
f117c0cb4831b93e1699ef4a7cd8cfcd673f36e9babe5db18f43805b814e7044,1016.0004901594976,10.0,973.8859406659292,37805516,10675197,37805516,64,1024,5, NCAP,1024,75,0.0015021024509856,0.0013488504740299, TIMEOUT,601000,P05_SUBSET_SUM,25,0.1
129e705bfa6862746ce312ce2bf05615129a62dfb5d542818c40c530b55f42c9,928.6541312738166,10.0,887.4829456331103,36994597,15575842,36994597,64,1024,5, NCAP,1024,69,0.001632342928247,0.0015223803334581, TIMEOUT,601000,P05_SUBSET_SUM,25,0.1
8389649b938fac7aad20cd10e4582c893268983c27b0e9902ff48bdc69c40865,1015.8717017981576,10.0,972.5785643284204,6117811,7080284,8640926,64,1024,5, NCAP,1024,68,0.0012807290803759,0.0011606362717301, TIMEOUT,601000,P05_SUBSET_SUM,25,0.1
f19877decf88098a52ebdaeeb130725b2670ba51c57edb286284feefdabf043c,112.63131849856067,10.0,96.09812105980684,276472904,299741481,417056961,64,1024,5, NCAP,1024,121,0.0043210717874676,0.0029075611119016, TIMEOUT,603000,P05_SUBSET_SUM,25,0.2
966c24b2979eb089f611a371110b6f63fb2b1c7214d766d06b24127b17023868,232.2169282654879,10.0,203.88598246472583,408894871,73017817,408894871,64,1024,5, NCAP,1024,116,0.0029506780929754,0.0027996213586817, TIMEOUT,604000,P05_SUBSET_SUM,25,0.2
043b5d6e32b99318230c49bf0ef4a2785044203b3ae23579c10bc3c187a6696c,300.9566867083967,10.0,269.8754393245396,108428480,21255280,229570031,64,1024,5, NCAP,1024,110,0.0026130690241182,0.0023017605428976, TIMEOUT,604000,P05_SUBSET_SUM,25,0.2
463a7b436a42677ffa68650c3a57fa12c0f5b045e80f9a3917f9e7ec5f7dd1dd,520.5735598916084,10.0,467.4928353477991,282315876,126037304,282315876,64,1024,5, NCAP,1024,108,0.0033783654611977,0.0025268153209534, TIMEOUT,604000,P05_SUBSET_SUM,25,0.2
073a1b7cb7a7dfacfa5b4a2f067876e89f670abc0ab589db899d13020e12c8d7,464.7722271921675,10.0,419.8041418784738,428755734,72226861,428755734,64,1024,5, NCAP,1024,112,0.0012191026549933,0.0009931766087549012, TIMEOUT,604000,P05_SUBSET_SUM,25,0.2
ee9acfbcdd043fbf3800f2bde1e4be4bcbda5e3f087002d439fa3655f4df6c36,661.4370441737321,10.0,599.3953563642805,133818538,84401090,133818538,64,1024,5, NCAP,1024,108,0.0041988448679552,0.0038880310803586, TIMEOUT,604000,P05_SUBSET_SUM,25,0.2
344b067cf171bae59b68dca1576194ee00295fcec612f70ab74a35d0dcb71648,822.4512923072126,10.0,750.3831252761001,69256701,42170952,121687604,64,1024,5, NCAP,1024,103,0.0031964675082417,0.0032037916006781, TIMEOUT,604000,P05_SUBSET_SUM,25,0.2
3595e1ebed1ac444f571e5bcfaf88ab68df09c12aae58de083c5a16bc7b98d95,1016.0004901594976,10.0,934.2085373651496,65683035,52954244,90263494,64,1024,5, NCAP,1024,108,0.0028010860511838,0.0021811381236354, TIMEOUT,604000,P05_SUBSET_SUM,25,0.2
f6c8e7ca3ba6b0c0b4732c2f6fa49c1a8390047d3865a1346168a6bb4406dccb,928.6541312738166,10.0,849.4225309203317,235479580,38070331,235479580,64,1024,5, NCAP,1024,99,0.0025922008674718,0.0024251504638758, TIMEOUT,604000,P05_SUBSET_SUM,25,0.2
bbfe54f7ad8d5e6075f6f4c400e65702a82f4950668f634c95cee0848fdfdf65,1015.8717017981576,10.0,931.654604551748,12953124,16166410,45740700,64,1024,5, NCAP,1024,99,0.0026774125945284,0.0025750927640015, TIMEOUT,604000,P05_SUBSET_SUM,25,0.2
695306b6ba62075b27dc6bb34fcf28947d240c83cd2d18f4a70149f25ff803d1,228.73978263130465,10.0,216.4095657868192,63198976,56395972,72240457,64,1024,5, NCAP,1024,55,0.0020298510180718,0.0024928007443543, TIMEOUT,603000,P05_SUBSET_SUM,50,0.1
4dbb2cf6ac9b4665b30244ab916c462a388d4a6742785f9e706aced591287515,460.92457108473536,10.0,441.160885587872,186104934,43420208,186104934,64,1024,5, NCAP,1024,63,0.0018315888132929,0.0019771556089095, TIMEOUT,604000,P05_SUBSET_SUM,50,0.1
dbc38316e940bf613cc566299cc0e84babbe1b332883d4c66630575449c8ec41,609.5818584021666,10.0,585.4294559127097,78234233,11075024,78234233,64,1024,5, NCAP,1024,51,0.0016781303661062,0.0015382524320348, TIMEOUT,608000,P05_SUBSET_SUM,50,0.1
8adc12aba91f17c2a42ba158927f71645cd7f8c79163cab6c4ff5bf0164f3a82,977.9724121124416,10.0,939.7375157688952,119987323,44946675,119987323,64,512,4, NCAP,512,32,0.0067668637198195,0.0073167292696876, TIMEOUT,1200000,P05_SUBSET_SUM,50,0.1
fb82e335727a96e6059cf965d70cade4430157149ac803fafc7028ecab67898b,1023.8548127178656,10.0,987.272450565378,95551263,17276013,95551263,64,1024,5, NCAP,1024,32,0.0027010166548152,0.0026927186720565, TIMEOUT,859000,P05_SUBSET_SUM,50,0.1
5a6033dfbff78482bdb1bd0f4b43b5a899aa5cfd4a735bdc5ae7cf2e7b12f711,1346.5607762953744,10.0,1298.6003110089505,97169333,38118662,97169333,64,512,4, NCAP,512,32,0.0062115020993271,0.0067952101082682, TIMEOUT,720000,P05_SUBSET_SUM,50,0.1
ee6043c11f805a78232676a61a151326a59a56dff9ec0aabb76be39c94d31404,1766.9762911901714,10.0,1706.3678826165017,64705451,21543893,64705451,64,1024,5, NCAP,1024,32,0.0035633330382719,0.0034846362104575, TIMEOUT,1549000,P05_SUBSET_SUM,50,0.1
3f7bcf6087732d7e3cb9d22e940eb17ac35e30d54931be140eabcc158845e30d,2013.6144227007449,10.0,1946.9184861429635,28752013,20382547,28752013,64,1024,5, NCAP,1024,32,0.0030589339019449,0.0031111753321052, TIMEOUT,818000,P05_SUBSET_SUM,50,0.1
cc2fc93263529dbc825a509f56743ded2a802e97bd9c0df4b5a8af2fac10bf67,2142.711768175847,10.0,2075.828278276764,24374573,13541015,24374573,64,1024,5, NCAP,1024,55,0.0023937020263358,0.0021452959779493, TIMEOUT,605000,P05_SUBSET_SUM,50,0.1
c91ab628c2bd0a4ee2d4c64ecc254bcff13e05bcbd146e30f12be411ca1951ea,2239.269153020637,10.0,2170.536982494852,12028505,9024128,12028505,64,1024,5, NCAP,1024,86,0.0015569113742848,0.0011981097086098, TIMEOUT,604000,P05_SUBSET_SUM,50,0.1
8c92e893ad248e4e5489a85daff8d7822389aa5885e7c7fc6652e95c025aa168,228.73978263130465,10.0,204.92556041408363,638016276,199886425,638016276,64,1024,5, NCAP,1024,65,0.0037452192495433,0.0037942072995951, TIMEOUT,607000,P05_SUBSET_SUM,50,0.2
0abeec119f01a59648a5c49f6dfed102af09fc8c69de7235dfc873bc6a0b7aa9,460.92457108473536,10.0,422.7183319433446,603518401,137319966,603518401,64,1024,5, NCAP,1024,63,0.0035286538125198,0.0034420770758213, TIMEOUT,606000,P05_SUBSET_SUM,50,0.2
d4956d0a39126f199bb552af6bf8fc126264630d9380e2352ee83156bcc3eddc,609.5818584021666,10.0,561.6370312373089,353244853,29735301,353244853,64,1024,5, NCAP,1024,54,0.0047321818946288,0.0042631225029439, TIMEOUT,608000,P05_SUBSET_SUM,50,0.2
14a82cf664cb7dc0dc688db4e2423c60aea6e702a37432d48c47a66739db5a75,977.9724121124416,10.0,901.2448029564569,584427441,219217262,584427441,64,512,4, NCAP,512,32,0.0158007486671859,0.0152891853288193, TIMEOUT,1001000,P05_SUBSET_SUM,50,0.2
f857552a313ebb5301adf1f0149173a8c3f8a0f0559b244eb4cfa85c6bc420bb,1023.8548127178656,10.0,952.6133121832348,295707753,83664039,295707753,64,1024,5, NCAP,1024,32,0.0050246533016453,0.0053020095142578, TIMEOUT,741000,P05_SUBSET_SUM,50,0.2
7e8e2fd6b3cff61b574acc5c0efc565976c4405d25b446cc4bcfa42fda5666e7,1346.5607762953744,10.0,1254.2369895364295,374678210,122028205,374678210,64,512,4, NCAP,512,32,0.0111927911748856,0.0108131373548614, TIMEOUT,684000,P05_SUBSET_SUM,50,0.2
055291c12a36c79f1e85d02da2c6b1ca030ad460da749c02a24cc8111e513242,1766.9762911901714,10.0,1647.4151910006203,288695658,70905654,288695658,64,1024,5, NCAP,1024,32,0.0075932962202095,0.0073669369868643, TIMEOUT,1326000,P05_SUBSET_SUM,50,0.2
9a1b1fb9c8e27229ef6dd3809007727e73d8f9333d4668a2461728ea3bf40792,2013.6144227007449,10.0,1883.2969008251853,56039813,85265365,85265365,64,1024,5, NCAP,1024,32,0.0059885127690723,0.0073067206774508, TIMEOUT,777000,P05_SUBSET_SUM,50,0.2
49fbce9b8d680f16f63d0b578fed797cd36e00ca394584f44935223d75ac7947,2142.711768175847,10.0,2011.5736373897792,102176135,46183370,102176135,64,1024,5, NCAP,1024,50,0.0049885003798316,0.004455222377207, TIMEOUT,609000,P05_SUBSET_SUM,50,0.2
8d83195e850a0ce3480b3ae0970beb20602b9a98c289caf5c30191f60c3ed5c4,2239.269153020637,10.0,2103.581323705828,35088748,28960046,35268662,64,1024,5, NCAP,1024,82,0.0037173675925546,0.0033212875418747, TIMEOUT,607000,P05_SUBSET_SUM,50,0.2
5888d8d9eae309730ec02cf50c63e56d09d00acfb7bbea72c9ad5f3e061d79f3,238.4200597197812,10.0,184.75492758656216,165755205,0,165755205,64,128,2, SUCCESS_SIGMA2ZERO,128,314,6.471965872072502e-05,3.967797131663733e-16, CERTIFIED,131000,P05_UNCORRELATED_SIMILAR_WEIGHTS,25,0.1
73bf8f41aa561ca399f108e898b14eee22a010e7c384096a8f603aec4c5b0ac0,474.35276127206834,10.0,384.60993713428,16026646,0,19843715,64,256,3, SUCCESS_SIGMA2ZERO,256,184,9.528164219929708e-05,-1.2947549767078137e-15, CERTIFIED,140000,P05_UNCORRELATED_SIMILAR_WEIGHTS,25,0.1
5d24fcf9f718a7ded0235e71225da2b8389edf55b6e4aa2854a503867d9482ca,709.2974903532443,10.0,534.0291926479624,4889413,0,7859154,64,256,3, SUCCESS_SIGMA2ZERO,256,117,9.539345727158017e-05,1.812924218554061e-05, CERTIFIED,121000,P05_UNCORRELATED_SIMILAR_WEIGHTS,25,0.1
40bd56c72c99a84cb8c6ea0966b8ad669215aa77682e6e5e9eb74744f4eb23af,955.6445715092711,10.0,655.4941647800092,104460427,66119694,104460427,64,16384,9, NCAP,16384,32,0.0005863602244770298,0.000310692661133838, TIMEOUT,1405000,P05_UNCORRELATED_SIMILAR_WEIGHTS,25,0.1
2f9557c91d7dac715fdb10adfb931b24462f4e5d8c5b3ccf9bdce06b3b93a8e1,1187.3288207530454,10.0,735.2480479756498,7678459,0,24757890,64,2048,6, SUCCESS_SIGMA2ZERO,2048,38,-0.0001941969039154177,-3.063584048278271e-14, CERTIFIED,71000,P05_UNCORRELATED_SIMILAR_WEIGHTS,25,0.1
18b49533743bcd69b3a6344ceb093e3f3d02d9dc32a67057d76d41b6ec679d56,1429.8647627609223,10.0,870.1447236700832,5397029,2871577,5397029,64,16384,9, NCAP,16384,32,2.038774873148835e-05,6.671012643068535e-06, CERTIFIED,594000,P05_UNCORRELATED_SIMILAR_WEIGHTS,25,0.1
79317607ee558eaca142ab54ebd936d8fc2cfd30ca58eec6b317b52ebde0a5a5,1681.017888497369,10.0,1128.7307754064109,14458230,0,14458230,64,128,2, SUCCESS_SIGMA2ZERO,128,83,8.264924358917039e-05,-1.858711151114528e-15, CERTIFIED,133000,P05_UNCORRELATED_SIMILAR_WEIGHTS,25,0.1
76c739a15fed17c95c83c87d6fb5d6332708ac4514ab2b901f90cacd5fde54c6,1918.936426601596,10.0,1222.4448134772929,0,0,0,64,64,1, SUCCESS_SIGMA2ZERO,64,36,9.930290932843852e-05,1.5397065904542866e-15, CERTIFIED,61000,P05_UNCORRELATED_SIMILAR_WEIGHTS,25,0.1
c8024dadf19426d97f308934069891e0d2a1d888955b95bca4de6b2444b8dcdb,2152.283219098283,10.0,1190.4762039935729,29119094,0,33819765,64,512,4, SUCCESS_SIGMA2ZERO,512,32,3.936570141072375e-05,2.306032687478698e-15, CERTIFIED,85000,P05_UNCORRELATED_SIMILAR_WEIGHTS,25,0.1
8bf788e9c4f6abb1b458108ecb4f679a1aa60eec5464bc926b3c2e53000f96f8,2382.1409092716194,10.0,1207.8626653029664,42880780,0,68593834,64,1024,5, SUCCESS_SIGMA2ZERO,1024,82,-4.002641731589329e-05,1.890016420399928e-14, CERTIFIED,148000,P05_UNCORRELATED_SIMILAR_WEIGHTS,25,0.1
4dc210ecc8c778aac832af00fc7fe38cff76cfadd29baf31a7ad5f2267721bcf,238.4200597197812,10.0,168.78804451296992,901449937,0,1513349049,64,1024,5, SUCCESS_SIGMA2ZERO,1024,201,6.337257139767614e-05,2.488958177263764e-05, CERTIFIED,128000,P05_UNCORRELATED_SIMILAR_WEIGHTS,25,0.2
929c49ca52011c9b3e31f065b22ac7cd22467f527abed50ced381874af1dccde,474.35276127206834,10.0,366.96625299454473,208944607,231736314,311923581,64,16384,9, NCAP,16384,32,0.0010957209405459,0.0005615865772795372, TIMEOUT,620000,P05_UNCORRELATED_SIMILAR_WEIGHTS,25,0.2
7385093f186271501253daf367cf5ff16aedb771bb911932bb6950d01494f0a4,709.2974903532443,10.0,521.0883567680265,21566520,81477163,110727042,64,16384,9, NCAP,16384,33,-0.0001578793232085464,2.563920815589631e-06, CERTIFIED,422000,P05_UNCORRELATED_SIMILAR_WEIGHTS,25,0.2
ce517008db0876463d2998412f74a0bffa3ffe226359821e3557de6802b88ffa,955.6445715092711,10.0,640.9479493346516,20270559,0,63515684,64,2048,6, SUCCESS_SIGMA2ZERO,2048,36,7.3593894816088e-05,-7.869688485677405e-15, CERTIFIED,70000,P05_UNCORRELATED_SIMILAR_WEIGHTS,25,0.2
4620843c3c9aba02c04d518c056c7e5da9ebe6ae906ee46a9fd98f6c1172c490,1187.3288207530454,10.0,698.0339106101466,275382254,0,275382254,64,1024,5, SUCCESS_SIGMA2ZERO,1024,41,8.44794887873424e-05,-6.736037814844146e-15, CERTIFIED,77000,P05_UNCORRELATED_SIMILAR_WEIGHTS,25,0.2
131b99acd21e962619e0ecba0dd2c349b5f5d66cc33ba7e193038fd671c735d7,1429.8647627609223,10.0,820.0470993982664,128854754,0,266661532,64,2048,6, SUCCESS_SIGMA2ZERO,2048,38,-3.683363700194984e-05,-3.4562667116818656e-14, CERTIFIED,103000,P05_UNCORRELATED_SIMILAR_WEIGHTS,25,0.2
57187b9aa9b31597d00895d82f5f2d0346b502b0f98dc1774cf29c7f608a5ec0,1681.017888497369,10.0,1075.5896182414797,52122400,0,175349346,64,16384,9, SUCCESS_SIGMA2ZERO,16384,38,4.755412067479336e-05,3.3964284592079055e-13, CERTIFIED,609000,P05_UNCORRELATED_SIMILAR_WEIGHTS,25,0.2
ff64d0d754d2b48f5b204acca77b02f4ec5dc443e36670116fcfacd77c19a2d4,1918.936426601596,10.0,1199.7404152977897,41136420,0,80284786,64,4096,7, SUCCESS_SIGMA2ZERO,4096,43,-0.00020185152404532804,9.049688477480428e-07, CERTIFIED,123000,P05_UNCORRELATED_SIMILAR_WEIGHTS,25,0.2
3ff4218bba14ffaba92e8de6486b41b3071125bc5b131ee82eb7993ed48a7aa2,2152.283219098283,10.0,1172.788120797653,48657024,0,111740196,64,2048,6, SUCCESS_SIGMA2ZERO,2048,44,-0.00018028276381754213,-2.5702035747626373e-14, CERTIFIED,117000,P05_UNCORRELATED_SIMILAR_WEIGHTS,25,0.2
c1fb0b5e12d6566d795a349473ae76e36b9c15acc9055b6de79e960911863b09,2382.1409092716194,10.0,1187.2095192230422,18998583,0,18998583,64,16384,9, SUCCESS_SIGMA2ZERO,16384,52,9.063593470936112e-05,1.8878172658141088e-05, CERTIFIED,511000,P05_UNCORRELATED_SIMILAR_WEIGHTS,25,0.2
d12c04834449de6e645054a51e9039f1718e62c7b6b36376f67fe490deb41a87,477.191346271298,10.0,395.0600469698505,178272857,0,178272857,64,128,2, SUCCESS_SIGMA2ZERO,128,58,9.34043080486246e-05,1.8835281737013373e-15, CERTIFIED,94000,P05_UNCORRELATED_SIMILAR_WEIGHTS,50,0.1
b5825e458ce6329ebb43a8135f75c6d8ef9f493520849e16bcdbda40ef551a4a,949.221918839448,10.0,770.3624572393429,58289988,0,120855956,64,512,4, SUCCESS_SIGMA2ZERO,512,67,6.409719054149752e-05,4.979206113114621e-15, CERTIFIED,145000,P05_UNCORRELATED_SIMILAR_WEIGHTS,50,0.1
464db1441fa14761d8237e7f10f59e6180687f32ca3cc0e0ce01bb7ca8a54a2e,1424.3107599994298,10.0,1056.484083788267,8020205,0,13221921,64,1024,5, SUCCESS_SIGMA2ZERO,1024,32,-2.4580523522192437e-05,2.2683416636874253e-14, CERTIFIED,104000,P05_UNCORRELATED_SIMILAR_WEIGHTS,50,0.1
835cff3d1a45978ac1a86a00eeb52bf1a7326118e897b2e7889258a0fef9264b,1918.335244408196,10.0,1533.1724888449803,15475909,0,15475909,64,128,2, SUCCESS_SIGMA2ZERO,128,246,9.379053458280312e-05,7.184070912658071e-06, CERTIFIED,397000,P05_UNCORRELATED_SIMILAR_WEIGHTS,50,0.1
e7e67dcb621a686e1830aa60f3f90688ff32e9568d96aac432d11d13653ddf74,2390.673550912837,10.0,1657.9650053955347,2621628,0,2621628,64,128,2, SUCCESS_SIGMA2ZERO,128,224,9.849087985782294e-05,6.003617330769899e-05, CERTIFIED,406000,P05_UNCORRELATED_SIMILAR_WEIGHTS,50,0.1
726b5342b07fbf829e01cb76101621d8d30c348d0980f1493e6d349aa29e8cf7,2847.218400335525,10.0,1894.55836090404,770408,0,907717,64,4096,7, SUCCESS_SIGMA2ZERO,4096,34,3.0816075075095505e-05,-8.444620478077414e-14, CERTIFIED,304000,P05_UNCORRELATED_SIMILAR_WEIGHTS,50,0.1
9b0d4f56720d2d0c8cdf153e1eda15066c52eb059f6efde938af2febabb55b22,3325.97839258714,10.0,2077.342077472612,3388139,0,41429675,64,2048,6, SUCCESS_SIGMA2ZERO,2048,49,7.769183837815095e-05,1.2015978984692217e-13, CERTIFIED,241000,P05_UNCORRELATED_SIMILAR_WEIGHTS,50,0.1
b6ea1ec8cf1bfa6df00ab69571de203ce44ff216cf6abb70332076b15da0514a,3826.0730922284633,10.0,2142.8413314177023,2151820,0,2151820,64,128,2, SUCCESS_SIGMA2ZERO,128,222,9.304552530803404e-05,6.49593004845347e-06, CERTIFIED,479000,P05_UNCORRELATED_SIMILAR_WEIGHTS,50,0.1
238af410cbb9461a5c0641b1049731a04068cf6b05936342817c5e4ea517825b,4277.700648372551,10.0,2396.6253750844235,941724,0,22884588,64,1024,5, SUCCESS_SIGMA2ZERO,1024,32,4.77146260347828e-05,-1.7807989387077402e-14, CERTIFIED,201000,P05_UNCORRELATED_SIMILAR_WEIGHTS,50,0.1
f09cef8bace065eba89bf41bf9b1de64f6ff3cdbf82fc671eed1d16ab75800d4,4787.984150178386,10.0,2444.380582234706,8948761,0,16383133,64,1024,5, SUCCESS_SIGMA2ZERO,1024,32,5.8136215177206254e-05,4.346875099796436e-15, CERTIFIED,244000,P05_UNCORRELATED_SIMILAR_WEIGHTS,50,0.1
82b9e8aad1888ba118379c86331af074eb35fa8069a24735eb25657cfc42937b,477.191346271298,10.0,376.7475096921288,690898140,0,690898140,64,8192,8, SUCCESS_SIGMA2ZERO,8192,37,0.0009147652627697816,-1.0623248455201517e-13, TIMEOUT,609000,P05_UNCORRELATED_SIMILAR_WEIGHTS,50,0.2
f3e066788974929b80531e4982c957e57bceb68a114d98fa91e9ace8c07ed371,949.221918839448,10.0,724.227721691218,130321830,0,130321830,64,4096,7, SUCCESS_SIGMA2ZERO,4096,53,8.937223862893055e-05,8.387557452314599e-15, CERTIFIED,295000,P05_UNCORRELATED_SIMILAR_WEIGHTS,50,0.2
28d4d7279aac2d40fd3182f55b1c2e33f57ca74c96821c0100148dd409f202a4,1424.3107599994298,10.0,993.8189833028324,256258260,0,420461238,64,2048,6, SUCCESS_SIGMA2ZERO,2048,38,6.036272702381508e-06,7.0299358240103945e-15, CERTIFIED,193000,P05_UNCORRELATED_SIMILAR_WEIGHTS,50,0.2
16dadb30400cf7d8ee337dacbe6c6c07d664db7e353979702e9edbce4fce2ed4,1918.335244408196,10.0,1493.282023191382,9481323,32374913,40228083,64,16384,9, NCAP,16384,32,0.0006722304046167218,4.400981627016562e-05, TIMEOUT,1010000,P05_UNCORRELATED_SIMILAR_WEIGHTS,50,0.2
caf7fa917c9204800dd685e116a0d2fd5cb88bf242d23206135abde1ac5a0484,2390.673550912837,10.0,1601.8741866062865,14340889,0,20011561,64,2048,6, SUCCESS_SIGMA2ZERO,2048,177,1.2437347718084787e-05,-4.578956050004682e-14, CERTIFIED,395000,P05_UNCORRELATED_SIMILAR_WEIGHTS,50,0.2
d38197d73c95dbbfdb2fc4b6db008fc4dcf10f204900c26135f597b1fc3fabce,2847.218400335525,10.0,1842.495728457201,22840191,105011136,111844709,64,16384,9, TIMEOUT,16384,32,0.0003778712241506056,1.7032465006893274e-13, TIMEOUT,1185000,P05_UNCORRELATED_SIMILAR_WEIGHTS,50,0.2
cac65f719d1c4f0bf6b7499171c0de57f0e4a69a1cb58ab88b03c8d6a9ccc041,3325.97839258714,10.0,2038.0703024814168,11725971,0,82245251,64,4096,7, SUCCESS_SIGMA2ZERO,4096,49,-0.0001047879838842668,-5.1631019759834266e-14, CERTIFIED,283000,P05_UNCORRELATED_SIMILAR_WEIGHTS,50,0.2
c3eed73f04762f4ac57c13ee0aea906c57cff38ac289b1c90005604ca94f4166,3826.0730922284633,10.0,2096.88237821175,20120893,0,20120893,64,2048,6, SUCCESS_SIGMA2ZERO,2048,70,-2.015566414769852e-05,2.093096274607361e-05, CERTIFIED,273000,P05_UNCORRELATED_SIMILAR_WEIGHTS,50,0.2
28749d918ac6676b0b8f17b99a6a76390eade4dd7d93c18f6a8c46660f87b5c0,4277.700648372551,10.0,2372.201689327024,5733629,0,7563633,64,256,3, SUCCESS_SIGMA2ZERO,256,243,0.0003498348789721512,8.783941030900812e-05, TIMEOUT,601000,P05_UNCORRELATED_SIMILAR_WEIGHTS,50,0.2
37c83b898a64441d8d624989f59993fe69a5d4a756e56d87c34d638905cb48ef,4787.984150178386,10.0,2419.672273468546,755382,0,4830611,64,8192,8, SUCCESS_SIGMA2ZERO,8192,34,4.024657026909409e-05,-7.186782005083103e-14, CERTIFIED,339000,P05_UNCORRELATED_SIMILAR_WEIGHTS,50,0.2
1d21134306f895e3933ddc0ca8940889032b6c863b810201c33a31d4ee2c9b52,112.63131849856067,10.0,112.51669447030348,6926808,34697445,59163470,64,8192,8, NCAP,8192,32,0.0003571354110323324,3.20877159309346e-05, TIMEOUT,718000,P05_PROFIT_CEILING,25,0.1
999f9e0a7bacc95fc7b78fb5a6a202416b885e35b1c9b99b7b9db840e28e4fff,232.2169282654879,10.0,234.2038482137683,53104655,46329505,78794627,64,8192,8, NCAP,8192,32,0.0003722233975853745,2.6312747095122208e-05, TIMEOUT,682000,P05_PROFIT_CEILING,25,0.1
dda4727b01dcad7c0e29c14c4f61c0a8c23dfe4bc83b959c57b29932f2bd56d9,300.9566867083967,10.0,306.2113983625009,11337147,6112618,27979864,64,8192,8, NCAP,8192,32,-6.971983485914277e-05,3.946206652757532e-05, CERTIFIED,664000,P05_PROFIT_CEILING,25,0.1
604d99de50e98f6ade088726ea4964734c250eb8dfb2254da3d56422628d33f4,520.5735598916084,10.0,522.0783891529259,22897345,0,24728113,64,1024,5, SUCCESS_SIGMA2ZERO,1024,72,9.544295409243309e-06,3.2374164374032274e-05, CERTIFIED,219000,P05_PROFIT_CEILING,25,0.1
691ab0bae6eb62282d19b4954ec7154f1dee261160dd94b15b8fd356ac5d14e3,464.7722271921675,10.0,468.8694586855314,20226770,21906203,27338600,64,8192,8, NCAP,8192,32,0.0006327041683855013,0.00035930853642422657, TIMEOUT,600000,P05_PROFIT_CEILING,25,0.1
5079303ab032af1d60a235b825c7fcd858026637eb8a79587ce7c4b34f6c4064,661.4370441737321,10.0,661.1532624976985,8489152,12594783,34165550,64,8192,8, NCAP,8192,32,0.0004092454249215835,0.0002002643604550725, TIMEOUT,755000,P05_PROFIT_CEILING,25,0.1
9a13e449a4a5b76642cf9d1d5414eb41925b9ccb23162c84667cf34a68c0dc67,822.4512923072126,10.0,819.2290508526398,17200085,9002179,24630188,64,8192,8, NCAP,8192,32,0.0006261948394885643,0.00041216849181828936, TIMEOUT,600000,P05_PROFIT_CEILING,25,0.1
daba8a67ac45217024c5db4bbc85aba23a9a6c44462c76956049329129eeea3d,1016.0004901594976,10.0,1004.4108524099116,26029392,4650380,26029392,64,8192,8, NCAP,8192,32,0.00040942160961734975,8.436734232282059e-05, TIMEOUT,623000,P05_PROFIT_CEILING,25,0.1
836c7ea586eae18286bf980fbd15153784f729f94bbf34c645ce21b01361ec26,928.6541312738166,10.0,919.7775278168492,22079765,11776499,22079765,64,8192,8, NCAP,8192,34,8.104958279261942e-05,8.755660563134631e-06, CERTIFIED,553000,P05_PROFIT_CEILING,25,0.1
933fe2e8421ccb8488939b8ed8193604238a5e19b592dbc65902e6a0d0f4fa29,1015.8717017981576,10.0,1010.5521497789404,2754630,8892657,8892657,64,8192,8, NCAP,8192,38,0.0002266384880738163,0.00022163339266477664, TIMEOUT,606000,P05_PROFIT_CEILING,25,0.1
8055068ae21725d7c8ddc4e71da3b86cce4d756bebdcc63b9864f56d870f1b61,112.63131849856067,10.0,103.67688231351649,530850764,244276839,530850764,64,8192,8, NCAP,8192,32,0.0013561348020675,0.000509462967403436, TIMEOUT,1011000,P05_PROFIT_CEILING,25,0.2
0695b73cb1a24fa4b677f3716c5b6c7702f4cb056ae68e189263d44620c8e7bc,232.2169282654879,10.0,219.9386029303534,244294797,100201594,244294797,64,8192,8, TIMEOUT,8192,32,0.0007156073559594395,2.0100380853019763e-05, TIMEOUT,820000,P05_PROFIT_CEILING,25,0.2
5deabd9cf72aba0db4ec08dbc6afa157420387ec361085673b34554fc2084683,300.9566867083967,10.0,290.48847314225225,21445649,99093607,99093607,64,8192,8, TIMEOUT,8192,32,0.0006361515957315595,6.385677891270598e-17, TIMEOUT,661000,P05_PROFIT_CEILING,25,0.2
3c409cc68fda95fbf95f8a15d3fe646e8960d96465674d5fe32ba3f6b4eaca32,520.5735598916084,10.0,495.0236881387813,133709935,71872767,133709935,64,8192,8, TIMEOUT,8192,32,0.0007380723117639665,7.298440463541971e-16, TIMEOUT,860000,P05_PROFIT_CEILING,25,0.2
d5aa1d5e8354eb6d11591cbf6af732faf7f160d9f8b7768b87deafc8f36e239a,464.7722271921675,10.0,446.6762619905824,109433623,91187313,127120731,64,8192,8, TIMEOUT,8192,32,0.000526103553726918,2.5114402029859617e-16, TIMEOUT,873000,P05_PROFIT_CEILING,25,0.2
5be739db61540a334b058ee871a0c5555fcb4b6f5851e5ee33d8c21a2b05bb28,661.4370441737321,10.0,629.9609380566116,43160637,72140253,144555911,64,8192,8, NCAP,8192,32,0.0005569112507515212,0.00034655270682830576, TIMEOUT,909000,P05_PROFIT_CEILING,25,0.2
9d07702f330ad2f89205fc03568f1baa7ae903c14d9617873ba69521c9d4bcdb,822.4512923072126,10.0,782.4196796732808,104507273,42317058,108777312,64,8192,8, NCAP,8192,32,0.0012557300380237,0.00047142419853084207, TIMEOUT,713000,P05_PROFIT_CEILING,25,0.2
264bba22069e4ba4edbc519a5e944eec8e1f713e35c5c2a7f765bfd9a47bf359,1016.0004901594976,10.0,964.6040334817015,61095765,25165360,62708506,64,8192,8, TIMEOUT,8192,32,0.0006962689132219428,1.1236056549663622e-16, TIMEOUT,662000,P05_PROFIT_CEILING,25,0.2
39a5f0d9c0b6153368c7ca14fb1e195e1145c54f60b6885a3e8d8805bedd4424,928.6541312738166,10.0,879.8906988055555,57939526,30272530,57939526,64,8192,8, NCAP,8192,32,0.0008345488590598553,0.00040006458596132416, TIMEOUT,685000,P05_PROFIT_CEILING,25,0.2
c90d1dc5d79ac27ce6fba22d30c5eef1bbf69118c5d603521c8894286fea21ee,1015.8717017981576,10.0,969.8548969688624,22041764,52342792,52342792,64,8192,8, NCAP,8192,34,0.0008995269265067379,0.0004512763128937517, TIMEOUT,602000,P05_PROFIT_CEILING,25,0.2
f553b420d571396fe4f98a942b93833a096aa955cdc2a2572f8701a1167169fa,228.73978263130465,10.0,239.28775501345976,88150514,0,88150514,64,2048,6, SUCCESS_SIGMA2ZERO,2048,61,0.00046638592374688144,2.132039975200819e-16, TIMEOUT,603000,P05_PROFIT_CEILING,50,0.1
445ac742e91740ddfe05d8567b6b86188ed3aa7f92ad3059cee2b0e174cdf738,460.92457108473536,10.0,479.8187783594882,43451197,12146756,51942873,64,8192,8, NCAP,8192,32,0.0004550057040274266,0.0002562386121479042, TIMEOUT,1146000,P05_PROFIT_CEILING,50,0.1
878116ef56be80b7d154920dd2585e10fa30e70b81e92e4fd06bcf752c91352b,609.5818584021666,10.0,632.2565223180376,33067542,18994409,40921369,64,4096,7, NCAP,4096,32,0.0008343603044032301,0.0003445525626924964, TIMEOUT,837000,P05_PROFIT_CEILING,50,0.1
878612c8a6a5af0f67e2669d5c7b422c74e542d0faeb065ad84cc481bf74f1b7,977.9724121124416,10.0,991.5864814885912,45405131,7714756,45405131,64,4096,7, NCAP,4096,32,0.0006808507991883031,0.0002539330905667428, TIMEOUT,862000,P05_PROFIT_CEILING,50,0.1
f1485352bca47de98bac9de87d63bc7d218951ed159f7109fb652039144db6c2,1023.8548127178656,10.0,1043.1806220058852,31968133,12633749,31968133,64,4096,7, NCAP,4096,32,0.00034871011231664786,0.0003530903529505206, TIMEOUT,813000,P05_PROFIT_CEILING,50,0.1
29c59c3a2ad9bd6de4c1d4ca4d72efb59e335ade1a24479928781a4d673c87dc,1346.5607762953744,10.0,1358.9701838842404,66866258,3408165,66866258,64,4096,7, NCAP,4096,32,0.00025227577178732697,0.00029473843978309136, TIMEOUT,886000,P05_PROFIT_CEILING,50,0.1
16d53db6b1cd789df472af463f940bda86d94ba1da2997c7f34cbb8c69ef01b7,1766.9762911901714,10.0,1767.5307130426258,68332405,9998193,68332405,64,2048,6, NCAP,2048,32,0.0009327723404875118,0.0007403428836871779, TIMEOUT,663000,P05_PROFIT_CEILING,50,0.1
998f32809689e34068b5d0057e9dd3112cb0a0501a85d14bbd9034573995c3f4,2013.6144227007449,10.0,2008.88057474747,34837874,5259844,34837874,64,4096,7, NCAP,4096,32,0.0005226515600101986,0.00034262600831643777, TIMEOUT,1368000,P05_PROFIT_CEILING,50,0.1
2be29fa8d6d139eac3d8e257b8224bec52c121e4cc818db24fdf9a65ea8d9d13,2142.711768175847,10.0,2149.9429396592336,28374497,8080826,28374497,64,4096,7, NCAP,4096,32,0.0004934662550377021,0.00028871833791807865, TIMEOUT,626000,P05_PROFIT_CEILING,50,0.1
52acdf124600b936430d731fe1f7396edbf5f94140e0af9f175ef2e16e0716cd,2239.269153020637,10.0,2245.820694281663,5112216,3666239,10480747,64,4096,7, NCAP,4096,32,0.0004281040641327253,0.00020257869493332405, TIMEOUT,623000,P05_PROFIT_CEILING,50,0.1
58d52026edf4aa87f591cc188a0eedf8c1a0b0020316055f8601d891c3b29ef1,228.73978263130465,10.0,225.90324574242695,289185278,249506298,289185278,64,4096,7, NCAP,4096,32,0.000936649183553536,0.0014669817156574, TIMEOUT,1118000,P05_PROFIT_CEILING,50,0.2
333cf57d6d72a135428432f8f947a97013d668d7c98d08feffcd5d8df3e0f69c,460.92457108473536,10.0,460.04317665547023,68526183,67934048,221948703,64,4096,7, NCAP,4096,32,0.0012109601801035,0.0007982211075678425, TIMEOUT,965000,P05_PROFIT_CEILING,50,0.2
34beca9399b458b0932dc35f50d301df90a3fe5a39594ef01826d08ac61d5ffd,609.5818584021666,10.0,607.9315485578137,268874525,79009793,268874525,64,4096,7, NCAP,4096,32,0.0011439566902667,0.0007883758902122889, TIMEOUT,1221000,P05_PROFIT_CEILING,50,0.2
fa17a80524efdd352798e926dff201e8e6927a657cf3a31b15c80a9eb8ab6ee3,977.9724121124416,10.0,953.1981149113816,281857921,76829196,281857921,64,2048,6, NCAP,2048,32,0.0029959893202024,0.0024967131019157, TIMEOUT,1668000,P05_PROFIT_CEILING,50,0.2
fc47bf25bba48b47a55cf96ebeb64e4c89e0a57762330adfb677f7a1bc98a22b,1023.8548127178656,10.0,1006.7849179808312,240454212,20194078,240454212,64,4096,7, NCAP,4096,32,0.0010876340907495,0.0008292586591428602, TIMEOUT,1402000,P05_PROFIT_CEILING,50,0.2
6a63010a9be5b0739470bdb07561afac62bfb1a02591bf50e3766e61ec7d1b21,1346.5607762953744,10.0,1311.3565067482036,304858691,38234286,304858691,64,2048,6, NCAP,2048,32,0.0026626884255281,0.0023572834986877, TIMEOUT,1368000,P05_PROFIT_CEILING,50,0.2
667f5cc2e3ec345241ccf1644f36835ccab39125b2dead93b3705445b46fb03e,1766.9762911901714,10.0,1707.239784397485,131936162,50672519,131936162,64,1024,5, NCAP,1024,32,0.0040012347109966,0.0043116078436784, TIMEOUT,1061000,P05_PROFIT_CEILING,50,0.2
a7d41078fa288f86021d0c280b0425786a9bb01cd90ee193ba774872efc2484b,2013.6144227007449,10.0,1942.975857144876,128148780,52614802,128148780,64,2048,6, NCAP,2048,32,0.0027454413816775,0.0023213590955307, TIMEOUT,2067000,P05_PROFIT_CEILING,50,0.2
baf5e475236cb491f90b0723535993c8c9b0ea963ab6625d97cad3b0246cfc88,2142.711768175847,10.0,2084.9481347578694,115362785,27748937,115362785,64,4096,7, NCAP,4096,32,0.0010310991129507,0.0008782072933765101, TIMEOUT,1130000,P05_PROFIT_CEILING,50,0.2
3efec68949aac6c9c42b4ab9358e4d32752cccc5e0f51da998cc6c13ef1beef3,2239.269153020637,10.0,2177.853227334931,24613465,23120849,39111091,64,4096,7, NCAP,4096,32,0.0013415038415457,0.0009343289892279844, TIMEOUT,732000,P05_PROFIT_CEILING,50,0.2
a2245035ec3c8feea8cc7c4e6e89b246f1caae7e44d3ee688181f571e981dc52,112.63131849856067,10.0,320.9709757915822,9728633,18894995,20020941,64,2048,6, NCAP,2048,207,0.0004571835358957279,0.00026774053186765347, TIMEOUT,601000,P05_CIRCLE_INSTANCES,25,0.1
85b78982600aa809a6e46bb93422fd017ca69721e4c9dc362ab13c287b78061c,232.2169282654879,10.0,545.855966136852,15707170,0,15707170,64,128,2, SUCCESS_SIGMA2ZERO,128,42,8.595946955420934e-05,1.2634970238846237e-05, CERTIFIED,192000,P05_CIRCLE_INSTANCES,25,0.1
6a9067a332565a88f6fa28cccfe65de1a33f09bbdf12aa34de2ce00d576ffc12,300.9566867083967,10.0,795.4776037980074,17888791,16769245,17888791,64,2048,6, NCAP,2048,33,8.769066548899233e-05,9.107675912311984e-05, CERTIFIED,277000,P05_CIRCLE_INSTANCES,25,0.1
a5653883170194ce9408edcc87e1cb00f64e9c3a458409874640eba471b8a0f9,520.5735598916084,10.0,1005.6085639474804,229125,1998562,2056945,64,2048,6, NCAP,2048,61,6.434097351242745e-05,0.0001457618239499543, CERTIFIED,342000,P05_CIRCLE_INSTANCES,25,0.1
b4fc5acb7490b73c727eb7c7e30424d3db6966ea62246ef7a2204dbb7d4e6701,464.7722271921675,10.0,1061.1927818186298,0,0,0,64,64,1, SUCCESS_SIGMA2ZERO,64,99,9.37299309585746e-05,1.5368478625053036e-15, CERTIFIED,430000,P05_CIRCLE_INSTANCES,25,0.1
78be124511d1aac8d0acef094a5227820c4fe97c650f47ad80f2997970c860c2,661.4370441737321,10.0,1253.9732377200849,5268582,2979450,5268582,64,2048,6, NCAP,2048,127,0.00032608425037090324,0.00010738402547999383, TIMEOUT,602000,P05_CIRCLE_INSTANCES,25,0.1
1cc1c56f0755f399ffbb8235ba9d461d577d3ec75b9d1268c1c5415cb1d4ffdc,822.4512923072126,10.0,1443.7516314404163,6594669,2100188,6594669,64,2048,6, NCAP,2048,127,0.00026956220017825764,0.0001525767296599773, TIMEOUT,602000,P05_CIRCLE_INSTANCES,25,0.1
20f34d78fd6e42cb4cc50df753e1f796f05a71794a14e64096e77420a0edb6f6,1016.0004901594976,10.0,1703.220470026615,1345830,587703,1891372,64,2048,6, NCAP,2048,118,0.0002592150556931239,0.0001363727032221212, TIMEOUT,602000,P05_CIRCLE_INSTANCES,25,0.1
cad2f68a554b6925d0cfd3258b4a52ffd0e159f16bb3003e6b40f062017bf9a0,928.6541312738166,10.0,1624.3088934187967,5857595,1727629,5857595,64,2048,6, NCAP,2048,82,5.948152124563844e-05,9.637059260227724e-05, CERTIFIED,495000,P05_CIRCLE_INSTANCES,25,0.1
4a0d70833188465d71f4910ff8712fd624f3f4dde9cf9d18e250c3949053fc50,1015.8717017981576,10.0,1761.250775711021,4249628,2995696,4249628,64,2048,6, NCAP,2048,118,0.00043834586827466135,0.0002802304016813805, TIMEOUT,601000,P05_CIRCLE_INSTANCES,25,0.1
938101dd0d788c24169f8e97c482cc82eb2026f2e4414152b1fa39a7216f6035,112.63131849856067,10.0,303.7605369141017,73089358,124753339,134820232,64,2048,6, NCAP,2048,208,0.0013630771094288,0.0006622846983150033, TIMEOUT,602000,P05_CIRCLE_INSTANCES,25,0.2
1d5784462496901348c807d066bf3cebde0ae44286232244d41c1944f8a8604a,232.2169282654879,10.0,529.7961072524438,13269854,14333977,14333977,64,2048,6, NCAP,2048,42,7.877478913479728e-05,0.00019341599908752008, CERTIFIED,164000,P05_CIRCLE_INSTANCES,25,0.2
2d595ad36533a74033d915460ae6bb303e1edb998dbb61126459b7d4d5379080,300.9566867083967,10.0,759.8117738888261,6205301,3076120,66805082,64,2048,6, NCAP,2048,153,0.000974724156862173,0.0005576083958133283, TIMEOUT,603000,P05_CIRCLE_INSTANCES,25,0.2
010d83c15341bfdc422ff294ae0ef40073ca2f814dc08f40404964c09789c697,520.5735598916084,10.0,984.6830698868304,7160966,0,24567372,64,1024,5, SUCCESS_SIGMA2ZERO,1024,61,4.8071943308046985e-05,-5.591611852278709e-15, CERTIFIED,277000,P05_CIRCLE_INSTANCES,25,0.2
4313f3e9b079fbcc3d48d27c49d5ce56bcb4eaf7425aa2efde5d51969d97ed89,464.7722271921675,10.0,1039.152007053866,0,0,0,64,64,1, SUCCESS_SIGMA2ZERO,64,136,1.614121300317726e-05,4.362282769039725e-15, CERTIFIED,476000,P05_CIRCLE_INSTANCES,25,0.2
687f32d98e94fc885876cacf43bfaa700c8e9c8136bbf336960e3482af0785dc,661.4370441737321,10.0,1232.5526293713208,12843590,4814093,21624803,64,2048,6, NCAP,2048,124,0.0006771612586239712,0.0004574014070597203, TIMEOUT,603000,P05_CIRCLE_INSTANCES,25,0.2
45205de5c9b5da86ee7be8461f710fba1afc4dd79861668eca78198b70a53072,822.4512923072126,10.0,1416.023554546373,22076781,13393407,22076781,64,2048,6, NCAP,2048,129,0.0006849565535581418,0.00024749068783202, TIMEOUT,603000,P05_CIRCLE_INSTANCES,25,0.2
a56dc2d6d8ea5c7d252b06e362f4a796bf0544a746e743ff0963c21616425083,1016.0004901594976,10.0,1674.4091017872004,1912080,0,8875486,64,2048,6, SUCCESS_SIGMA2ZERO,2048,79,4.908154764771925e-05,1.7689904756211875e-05, CERTIFIED,450000,P05_CIRCLE_INSTANCES,25,0.2
8c7fa86603df0f94efd47da71ab857427a2026498af0e0377777e6319f265629,928.6541312738166,10.0,1599.88001205438,18692521,0,18692521,64,2048,6, SUCCESS_SIGMA2ZERO,2048,95,0.0003237481164019089,2.2409854827073107e-14, TIMEOUT,600000,P05_CIRCLE_INSTANCES,25,0.2
b75d5dc0efe181de84ae865bf57135394e7d20caee25bcb4258c8610bba1b97a,1015.8717017981576,10.0,1731.8661503016033,7794344,6471818,7794344,64,2048,6, NCAP,2048,113,0.0004594304501553,0.0003498177029215584, TIMEOUT,600000,P05_CIRCLE_INSTANCES,25,0.2
b5dad00f9df2c2e2c7777cf2bf72dc289520f561ad062d49b7c59efe201146eb,228.73978263130465,10.0,646.5841811937779,9528065,5356553,9528065,64,2048,6, NCAP,2048,74,0.00020965104283331832,5.091957124232959e-05, TIMEOUT,603000,P05_CIRCLE_INSTANCES,50,0.1
bd3d580b60f93e8b414552d5ced85ee15e045cc68da093856a2d446acdea4513,460.92457108473536,10.0,1224.0779583343317,2669521,3381539,4875965,64,2048,6, NCAP,2048,70,0.00016648022636977085,0.0002108444404865455, TIMEOUT,604000,P05_CIRCLE_INSTANCES,50,0.1
a2ef4c7c55062d2ffa6e34e2840b131dc54f779f03cc5472c6e840acb91c970f,609.5818584021666,10.0,1554.3841035426217,1645257,0,2333477,64,512,4, SUCCESS_SIGMA2ZERO,512,32,9.359504250520648e-05,-1.388330872549861e-15, CERTIFIED,371000,P05_CIRCLE_INSTANCES,50,0.1
419ba55ef97cf7aeb5ddc5f0ee213e34a150951edeab2edba48ee3ade574e608,977.9724121124416,10.0,1933.0392843321183,3858234,0,5062312,64,512,4, SUCCESS_SIGMA2ZERO,512,34,7.019424648370347e-05,1.0147519795534851e-13, CERTIFIED,436000,P05_CIRCLE_INSTANCES,50,0.1
0ea3300e37fd5cecee7059d79be1ec076592abb7194644ef5dc963a0073ee34c,1023.8548127178656,10.0,2214.500502069356,1476195,2211715,2444094,64,2048,6, NCAP,2048,76,0.00034181412055601853,0.0001044111100765366, TIMEOUT,601000,P05_CIRCLE_INSTANCES,50,0.1
6aaa40eec2ed544a0bae9aecd83b124372131f278074503e40a58f19e23d7c16,1346.5607762953744,10.0,2551.271367258179,7057353,17090270,23632805,64,2048,6, NCAP,2048,32,0.0003203038741615033,0.0001920981325061186, TIMEOUT,660000,P05_CIRCLE_INSTANCES,50,0.1
92f5a97219a439151136e24eebe54123e31685efc2530a4d5fc80618cb923088,1766.9762911901714,10.0,2962.1933132361805,4637434,2568961,5161508,64,1024,5, NCAP,1024,32,0.0003120318247049992,0.000406449058899622, TIMEOUT,691000,P05_CIRCLE_INSTANCES,50,0.1
2e2c928a216f0da401908e8e171e8b9a9b9a6aa6843b1cb4616f55e5c954f88a,2013.6144227007449,10.0,3290.388951781384,7048870,1848607,7048870,64,1024,5, NCAP,1024,32,2.6572363632454425e-05,0.00020899851864049083, CERTIFIED,893000,P05_CIRCLE_INSTANCES,50,0.1
73de8beca579b1ccc032c9988e670f05205652fde906f6e6f86c46a85805856b,2142.711768175847,10.0,3597.823623523547,2896639,531237,2896639,64,2048,6, NCAP,2048,46,6.444438405788206e-05,0.00012601259882179063, CERTIFIED,590000,P05_CIRCLE_INSTANCES,50,0.1
b61f4953b40047b671131cef2fe73d33d131c76596c2f5cb5f3e6d0d5bfc7544,2239.269153020637,10.0,3746.466974594848,1431624,549117,1431624,64,2048,6, NCAP,2048,45,7.642473727046091e-05,0.00010106354245440716, CERTIFIED,496000,P05_CIRCLE_INSTANCES,50,0.1
0016c375bd33d3812ba07d382f5b3be56b6cff98099298a1270dcc9c90c7533f,228.73978263130465,10.0,630.3219096976419,27489112,21385110,27489112,64,1024,5, NCAP,1024,267,0.0013716680113411,0.0010633547228652, TIMEOUT,601000,P05_CIRCLE_INSTANCES,50,0.2
975f3889c7bbcb570ae373b3e8bb97523a8fed85519b52d75f3a42b56d51bf92,460.92457108473536,10.0,1204.146837085247,5954947,10544115,13508344,64,1024,5, NCAP,1024,210,0.0009077731498912796,0.0008268451664187279, TIMEOUT,602000,P05_CIRCLE_INSTANCES,50,0.2
04e8e11766f75df2de88081b060d0d875f3fb396f2a4945c9f9bdfffbd33c667,609.5818584021666,10.0,1519.6037554678944,34196829,0,34196829,64,128,2, SUCCESS_SIGMA2ZERO,128,202,0.0007812162186931587,8.28717452088904e-16, TIMEOUT,600000,P05_CIRCLE_INSTANCES,50,0.2
925da45dd85623494dcbf667787857a00d963b9803ac88e53a63bb0f3ea7d512,977.9724121124416,10.0,1866.3639930352017,2663661,12162243,21855535,64,1024,5, NCAP,1024,126,0.00150315719182,0.0014121226888474, TIMEOUT,602000,P05_CIRCLE_INSTANCES,50,0.2
2b54289e17ecb9cd278276b33efceccbf98197057efb5c076bf84bcbe64de0fb,1023.8548127178656,10.0,2149.3973630116648,45993788,16302452,45993788,64,1024,5, NCAP,1024,145,0.0007867383791552936,0.00036053290791573407, TIMEOUT,602000,P05_CIRCLE_INSTANCES,50,0.2
4bd4338fc18cf2fe14c84f99ea93887b9035cda455d2243112257f961573f243,1346.5607762953744,10.0,2513.349652809702,18210727,8441139,18210727,64,1024,5, NCAP,1024,148,0.0007182739129663146,0.0006491028093926846, TIMEOUT,602000,P05_CIRCLE_INSTANCES,50,0.2
25cf329834dc2f407b10a92d4d9725cb969a4105628e43640b8cccba857b6d6a,1766.9762911901714,10.0,2919.007226521013,17957366,5915303,20181288,64,1024,5, NCAP,1024,142,0.000397335117318899,0.000643497151308992, TIMEOUT,602000,P05_CIRCLE_INSTANCES,50,0.2
c4a21d1d41113fb10fb699cdcbb15a955ab5f43098ecc45a811ffb61e543f962,2013.6144227007449,10.0,3245.411442583484,20418688,4361263,20418688,64,1024,5, NCAP,1024,138,0.0005207702505062661,0.0004724889104774631, TIMEOUT,600000,P05_CIRCLE_INSTANCES,50,0.2
789e2e3b0ba80b7fdae85e52905b41328914967056672226be186a682faff802,2142.711768175847,10.0,3551.472706556048,21650700,5127773,21650700,64,1024,5, NCAP,1024,42,9.612557886480306e-05,5.898628422322228e-05, CERTIFIED,230000,P05_CIRCLE_INSTANCES,50,0.2
2897f18389be1f845e5ada9f868dad3ab0baf9756ff288dd9118ee12b839d023,2239.269153020637,10.0,3665.728785610677,10566165,11642249,12701023,64,1024,5, NCAP,1024,119,0.000538950692697659,0.00035089862037059787, TIMEOUT,600000,P05_CIRCLE_INSTANCES,50,0.2
