instanceID,capacity,shortageCost,B&BoptimalKnapsack,B&BsolutionValue,B&BsolutionTimeMs,B&BexploredNodes,HEURoptimalKnapsack,HEURsolutionValue,HEURsolutionTimeMs,HEURoptGap,instance,n_items,coeff_of_var
cd05356994028bbcfb3cd85077528a810a4421dea141977681235c2206fdf753,116.10846413274392,10.0,[0.	1.	0.	0.	1.	0.	0.	1.	0.	0.	0.	0.	0.	0.	0.	1.	0.	1.	0.	0.	0.	0.	0.	1.	0.],356.90711942099455,14565.574951171877,21,[0.	1.	0.	0.	1.	0.	0.	1.	0.	0.	0.	0.	0.	0.	0.	1.	0.	1.	0.	0.	0.	0.	0.	1.	0.],356.90711942099455,1835.741455078125,0.0,P05_UNCORRELATED,25,0.1
f7217ac5ba7d75616b2bc37f0186f65ee3b27e21f8ce2f252b23012e8db311fa,260.2867799458042,10.0,[0.	1.	0.	0.	0.	0.	0.	0.	0.	1.	0.	0.	0.	1.	1.	0.	0.	1.	0.	1.	1.	1.	0.	1.	0.],506.9411230813321,8557.464111328125,11,[0.	1.	0.	0.	0.	0.	0.	0.	0.	1.	0.	0.	0.	1.	1.	0.	0.	1.	0.	1.	1.	1.	0.	1.	0.],506.9411230813321,1914.210205078125,0.0,P05_UNCORRELATED,25,0.1
b04fa84a74ce1b7da7f7a33d3e669d54879e3117ced5594de7cff9c954d0da94,330.7185220868661,10.0,[1.	1.	0.	1.	0.	1.	0.	0.	0.	0.	0.	1.	0.	0.	0.	0.	1.	1.	1.	1.	0.	0.	1.	0.	0.],575.2775481406279,18553.43994140625,41,[1.	1.	0.	1.	0.	1.	0.	0.	0.	0.	0.	1.	0.	0.	0.	0.	1.	0.	1.	1.	0.	0.	1.	0.	0.],573.8472532431954,1789.693115234375,0.2486269283505729,P05_UNCORRELATED,25,0.1
dc386dba03117d503f35dd52d60831090f07a4c07cb7c4ccf223f5481f96368a,508.0002450797488,10.0,[0.	0.	1.	0.	0.	1.	0.	0.	0.	0.	0.	1.	1.	0.	0.	1.	1.	1.	1.	0.	1.	1.	1.	0.	1.],810.8377133641253,14441.38525390625,23,[0.	0.	1.	0.	0.	1.	0.	0.	0.	0.	0.	1.	1.	0.	0.	1.	1.	1.	1.	0.	1.	1.	1.	0.	1.],810.8377133641253,2102.085205078125,0.0,P05_UNCORRELATED,25,0.1
0e9c71196a05a749fedf6ec7ce931e2240658ec5e11af5378e8d3377d94f972c,507.9358508990788,10.0,[0.	1.	0.	1.	0.	1.	1.	0.	0.	1.	1.	0.	1.	1.	1.	1.	1.	0.	1.	1.	1.	0.	0.	1.	0.],911.0967823080614,9015.32861328125,13,[0.	1.	0.	1.	0.	1.	1.	0.	0.	1.	1.	0.	1.	1.	1.	1.	1.	0.	1.	1.	1.	0.	0.	1.	0.],911.0967823080614,2306.7529296875,0.0,P05_UNCORRELATED,25,0.1
cf3241e529381952404c6a26a183fe909603e331b0ebad2bb8397f14cb3cda06,677.2632613258763,10.0,[1.	0.	1.	1.	0.	1.	0.	0.	0.	1.	1.	0.	1.	0.	1.	1.	1.	0.	1.	0.	1.	1.	1.	1.	1.],1024.1037729895802,7129.40869140625,13,[1.	0.	1.	1.	0.	1.	0.	0.	0.	1.	1.	0.	1.	0.	1.	1.	1.	0.	1.	0.	1.	1.	1.	1.	1.],1024.1037729895802,1446.523681640625,0.0,P05_UNCORRELATED,25,0.1
10e692be69e1e7b33f4b0aa9212b1943a286ad25ab1d6d104ca72c63268bca62,858.9901041571254,10.0,[1.	1.	0.	1.	1.	1.	1.	1.	0.	0.	1.	1.	1.	1.	0.	1.	1.	1.	0.	1.	0.	1.	0.	1.	1.],1198.20139965391,8775.38720703125,9,[1.	1.	0.	1.	1.	1.	1.	1.	0.	0.	1.	1.	1.	1.	0.	1.	1.	1.	0.	1.	0.	1.	0.	1.	1.],1198.20139965391,2843.279296875,0.0,P05_UNCORRELATED,25,0.1
f98d7f949749554f8fdbb95e88b6e4729d0e78aa5785a4b18569cd333ff9ca6a,997.9619811631276,10.0,[1.	1.	1.	0.	0.	1.	1.	1.	1.	1.	1.	1.	1.	0.	1.	1.	1.	1.	1.	0.	0.	1.	1.	1.	1.],1328.5799222856233,6234.206787109375,7,[1.	1.	1.	0.	0.	1.	1.	1.	1.	1.	1.	1.	1.	0.	1.	1.	1.	1.	1.	0.	0.	1.	1.	1.	1.],1328.5799222856233,1898.43017578125,0.0,P05_UNCORRELATED,25,0.1
8be4d492666231ae10b052b7dd31b4d00bc7cd1046a31a8fe18322b7f65ca1e1,1064.6533536483,10.0,[1.	1.	1.	1.	1.	1.	1.	0.	1.	1.	1.	1.	1.	1.	0.	1.	1.	1.	1.	1.	0.	1.	1.	1.	0.],1259.354112158382,12779.62060546875,15,[1.	1.	1.	1.	1.	1.	1.	0.	1.	1.	1.	1.	1.	1.	0.	1.	1.	1.	1.	1.	0.	1.	1.	1.	0.],1259.354112158382,2086.425048828125,0.0,P05_UNCORRELATED,25,0.1
f1137bd732bbd6002a981a1b4a4929908cecb1e35f73ed437981fd93a4600b9b,1133.3468785043312,10.0,[1.	1.	1.	1.	1.	1.	0.	1.	1.	1.	1.	1.	1.	1.	1.	1.	1.	1.	1.	1.	0.	0.	1.	1.	1.],1193.661727958463,12888.71484375,21,[1.	1.	1.	1.	1.	1.	0.	1.	1.	1.	1.	1.	1.	1.	1.	1.	1.	1.	1.	1.	0.	0.	1.	1.	1.],1193.661727958463,1966.78369140625,0.0,P05_UNCORRELATED,25,0.1
d7209ea6140aa2519d8e33b18ec7370bb1458bea470127d13ab17d03fc93cc1f,116.10846413274392,10.0,[0.	1.	0.	0.	1.	0.	0.	1.	0.	0.	0.	0.	0.	0.	0.	1.	0.	1.	0.	0.	0.	0.	0.	1.	0.],343.66505823585425,17843.998291015625,43,[0.	1.	0.	0.	1.	0.	0.	1.	0.	0.	0.	0.	0.	0.	0.	1.	0.	1.	0.	0.	0.	0.	0.	1.	0.],343.66505823585425,2149.09228515625,0.0,P05_UNCORRELATED,25,0.2
031e3a5b6ebd36b46b12e07347b4c850103ef706842a636e1538e5a5494dd623,260.2867799458042,10.0,[0.	1.	0.	0.	0.	0.	0.	0.	0.	1.	0.	0.	0.	1.	0.	0.	0.	1.	0.	1.	1.	1.	0.	1.	0.],492.7532387317912,9152.989990234377,13,[0.	1.	0.	0.	0.	0.	0.	0.	0.	1.	0.	0.	0.	1.	0.	0.	0.	1.	0.	1.	1.	1.	0.	1.	0.],492.7532387317912,2039.434326171875,0.0,P05_UNCORRELATED,25,0.2
b6d756c4cc538e4e34b620a75676f0ac36129976c433f3e06a3d9e5ddfd79061,330.7185220868661,10.0,[1.	1.	0.	1.	0.	1.	0.	0.	0.	0.	0.	1.	0.	0.	0.	0.	1.	0.	1.	1.	0.	0.	1.	0.	0.],551.5717459048769,20532.3583984375,41,[1.	1.	0.	1.	0.	1.	0.	0.	0.	0.	0.	1.	0.	0.	0.	0.	1.	0.	1.	1.	0.	0.	1.	0.	0.],551.5717459048769,1781.28955078125,0.0,P05_UNCORRELATED,25,0.2
419f68e9213eb413f4119c89a08a7d68767462bc2fc76930e07249d8787f5ad7,508.0002450797488,10.0,[0.	0.	1.	0.	0.	1.	0.	0.	0.	0.	0.	1.	1.	0.	0.	1.	1.	1.	1.	0.	1.	1.	1.	0.	1.],787.3677319762292,21886.46484375,35,[0.	0.	1.	0.	0.	1.	0.	0.	0.	0.	0.	1.	1.	0.	0.	1.	1.	1.	1.	0.	1.	1.	1.	0.	1.],787.3677319762292,2165.36083984375,0.0,P05_UNCORRELATED,25,0.2
5cf0cd08ab010a322797016ca01db80d6c8c0f9d89dd496ef5b0e5bad768f92e,507.9358508990788,10.0,[0.	1.	0.	1.	0.	1.	1.	0.	0.	1.	1.	0.	1.	1.	1.	1.	1.	0.	1.	1.	1.	0.	0.	1.	0.],892.708568271969,18950.7646484375,29,[0.	1.	0.	1.	0.	1.	1.	0.	0.	1.	1.	0.	1.	1.	1.	1.	1.	0.	1.	1.	1.	0.	0.	1.	0.],892.708568271969,1961.222900390625,0.0,P05_UNCORRELATED,25,0.2
def104442f6e849308cf23207980b83a0d78e1b91e07553d2b6cda4a7ca5913e,677.2632613258763,10.0,[0.	0.	1.	1.	0.	1.	0.	0.	0.	1.	1.	0.	1.	1.	1.	1.	1.	0.	1.	0.	1.	1.	1.	1.	1.],999.7146229684228,18174.380126953125,41,[1.	0.	1.	1.	0.	1.	0.	0.	0.	0.	1.	0.	1.	0.	1.	1.	1.	0.	1.	0.	1.	1.	1.	1.	1.],996.3155628972876,1491.0087890625,0.3400030361707078,P05_UNCORRELATED,25,0.2
0a2dcdf00882e5c3b82e3ab0d80f003186ce207171d82c0779636980b60aa7a3,858.9901041571254,10.0,[1.	0.	0.	1.	1.	1.	1.	1.	0.	0.	1.	1.	1.	1.	0.	1.	1.	1.	0.	1.	0.	1.	0.	1.	1.],1163.4636406335112,13335.200439453123,15,[1.	0.	0.	1.	1.	1.	1.	1.	0.	0.	1.	1.	1.	1.	0.	1.	1.	1.	0.	1.	0.	1.	0.	1.	1.],1163.4636406335112,2432.371337890625,0.0,P05_UNCORRELATED,25,0.2
a6c57404b7ebbedc4003ac2cfb3a960fee7f2a3f210072b362918461a9080b6a,997.9619811631276,10.0,[1.	1.	1.	0.	0.	1.	1.	1.	1.	1.	1.	1.	1.	0.	1.	1.	1.	1.	1.	0.	0.	1.	1.	1.	1.],1306.812735678234,16985.607666015625,23,[1.	1.	1.	0.	0.	1.	1.	1.	1.	1.	1.	1.	1.	0.	1.	1.	1.	1.	1.	0.	0.	1.	1.	1.	1.],1306.812735678234,2668.043212890625,0.0,P05_UNCORRELATED,25,0.2
71b9ed199c612ac0a9ad290943b7e539d46175fc74849608c5393b56faf69104,1064.6533536483,10.0,[1.	1.	1.	1.	1.	1.	1.	0.	1.	1.	0.	1.	1.	1.	0.	1.	1.	1.	1.	1.	0.	1.	1.	1.	0.],1238.1206499728594,14206.10791015625,17,[1.	1.	1.	1.	1.	1.	1.	0.	1.	1.	0.	1.	1.	1.	0.	1.	1.	1.	1.	1.	0.	1.	1.	1.	0.],1238.1206499728594,1961.5908203125,0.0,P05_UNCORRELATED,25,0.2
a3a35592dfe81993b11ff4d93952d6993a3d26ee384a9aca97377e9188544330,1133.3468785043312,10.0,[1.	1.	1.	1.	1.	1.	0.	1.	1.	1.	1.	1.	0.	1.	1.	1.	1.	1.	1.	1.	1.	0.	1.	1.	1.],1186.4801860813764,978.32373046875,1,[1.	1.	1.	1.	1.	1.	0.	1.	1.	1.	1.	1.	0.	1.	1.	1.	1.	1.	1.	1.	1.	0.	1.	1.	1.],1186.4801860813764,1929.246826171875,0.0,P05_UNCORRELATED,25,0.2
6edf823d7351bde6cd88310898b59f452c94f0d724d64b0cd258c755d80b733e,112.63131849856067,10.0,[0.	0.	0.	1.	0.	0.	0.	0.	1.	0.	0.	0.	1.	0.	0.	0.	0.	0.	1.	0.	0.	0.	1.	1.	0.],563.2515577632659,5656.37890625,5,[0.	0.	0.	1.	0.	0.	0.	0.	1.	0.	0.	0.	1.	0.	0.	0.	0.	0.	1.	0.	0.	0.	1.	1.	0.],563.2515577632659,2480.241943359375,0.0,P05_WEAKLY_CORRELATED,25,0.1
15edebe68551685432612f69872ca8c4ec1e0558a004c625d3db615c97f12be0,200.6377911389312,10.0,[1.	0.	1.	0.	1.	1.	1.	1.	0.	0.	0.	1.	0.	0.	1.	1.	1.	0.	0.	0.	0.	0.	0.	1.	1.],1217.345572110139,14142.759521484377,33,[0.	0.	1.	1.	1.	1.	1.	1.	0.	0.	0.	1.	0.	0.	1.	1.	1.	0.	0.	0.	0.	0.	0.	1.	1.],1209.8511504688818,1819.977294921875,0.6156363330969793,P05_WEAKLY_CORRELATED,25,0.1
30fff6bc8037a6f813c984e07b5811ec09e775f5f37a348875a181d37dadb0ff,278.8633363153005,10.0,[0.	0.	1.	1.	1.	1.	1.	1.	0.	0.	1.	0.	0.	1.	1.	1.	0.	1.	0.	0.	1.	0.	0.	1.	1.],1323.9156515516995,31243.538330078125,99,[0.	0.	1.	1.	1.	1.	1.	0.	0.	0.	1.	0.	0.	1.	1.	1.	0.	1.	0.	0.	1.	1.	0.	1.	1.],1320.4744139076197,1301.758544921875,0.2599287681240497,P05_WEAKLY_CORRELATED,25,0.1
650b239d2ed63f3a1e628836b0e6c8626ade6ded6a387be1ee5865394faab3f4,469.97216703269294,10.0,[1.	1.	0.	1.	1.	0.	1.	1.	1.	0.	1.	0.	1.	1.	1.	0.	0.	0.	1.	1.	1.	0.	0.	0.	0.],1375.7184625555874,17736.534912109375,29,[1.	1.	0.	1.	1.	0.	1.	1.	1.	0.	1.	0.	1.	1.	1.	0.	0.	0.	1.	1.	1.	0.	0.	0.	0.],1375.7184625555874,2339.1357421875,0.0,P05_WEAKLY_CORRELATED,25,0.1
4cbe655d7e40ba903bf7bdc00fdd10d1c47d588becef8249fff8e0a5c72feb81,515.9189618187869,10.0,[1.	1.	1.	1.	1.	0.	0.	1.	1.	1.	0.	1.	0.	0.	0.	1.	0.	1.	1.	1.	1.	1.	1.	0.	1.],1589.5423989772078,8180.095458984375,15,[1.	1.	1.	1.	1.	0.	0.	1.	1.	1.	0.	1.	0.	0.	0.	1.	0.	1.	1.	1.	1.	1.	1.	0.	1.],1589.5423989772078,1862.525146484375,0.0,P05_WEAKLY_CORRELATED,25,0.1
2f3034523118557e83492b4d7d8fbb0ecbe8a4753e1af801694f5e1676265ec2,669.2975149694981,10.0,[1.	1.	1.	0.	1.	1.	1.	1.	1.	1.	0.	1.	1.	1.	1.	1.	0.	1.	1.	1.	0.	0.	0.	1.	0.],1805.8982235727597,12025.44482421875,17,[1.	1.	1.	0.	1.	1.	1.	1.	1.	1.	0.	1.	1.	1.	1.	1.	0.	1.	1.	1.	0.	0.	0.	1.	0.],1805.8982235727597,2338.00048828125,0.0,P05_WEAKLY_CORRELATED,25,0.1
c7dd2fd37e034caccf0bb5d042c56bb885f63a99471c503435726c3612e305a1,907.9861870330462,10.0,[0.	1.	1.	0.	0.	1.	1.	1.	1.	1.	0.	1.	1.	1.	1.	0.	1.	1.	1.	1.	1.	1.	1.	0.	1.],1866.46172287586,16372.225830078123,23,[0.	1.	1.	0.	0.	1.	1.	1.	1.	1.	0.	1.	1.	1.	1.	0.	1.	1.	1.	1.	1.	1.	1.	0.	1.],1866.46172287586,1929.72216796875,0.0,P05_WEAKLY_CORRELATED,25,0.1
dd7e8dfa440d858290f5097d0506f8015d9c89931a83c05944f7c56faa0bcf35,1015.652441537617,10.0,[1.	0.	1.	1.	1.	1.	1.	1.	0.	0.	1.	1.	1.	1.	1.	0.	1.	1.	1.	1.	1.	0.	1.	1.	1.],2009.263876672096,232020.8447265625,781,[1.	0.	1.	1.	1.	1.	1.	1.	0.	0.	1.	1.	1.	1.	1.	0.	1.	1.	1.	1.	1.	0.	1.	1.	1.],2009.263876672096,1678.399169921875,0.0,P05_WEAKLY_CORRELATED,25,0.1
11b63efb78b026d9e7f96d2231c921a557937ee8d9a1bab9032d95b5d6815f9b,1078.0584145275466,10.0,[1.	1.	1.	0.	1.	1.	1.	1.	1.	0.	1.	1.	1.	1.	1.	0.	1.	1.	1.	1.	1.	1.	1.	1.	1.],2177.4214494216417,5922.060302734375,7,[1.	1.	1.	0.	1.	1.	1.	1.	1.	0.	1.	1.	1.	1.	1.	0.	1.	1.	1.	1.	1.	1.	1.	1.	1.],2177.4214494216417,2023.87158203125,0.0,P05_WEAKLY_CORRELATED,25,0.1
fe121844db3bb5e963e7b72ae4990f2689b8810f8c0aa0e581dd5c45ed7397e0,1105.9222745163063,10.0,[1.	1.	1.	0.	1.	0.	1.	1.	1.	1.	1.	1.	1.	1.	1.	1.	1.	1.	1.	1.	1.	1.	1.	1.	1.],2302.7868458818366,23028.931884765625,57,[1.	1.	1.	0.	1.	0.	1.	1.	1.	1.	1.	1.	1.	1.	1.	1.	1.	1.	1.	1.	1.	1.	1.	1.	1.],2302.7868458818366,1898.7275390625,0.0,P05_WEAKLY_CORRELATED,25,0.1
1774666aaaf07de0d4b5afdb689de921638248c12311f53de3aa2f61770c2a0e,112.63131849856067,10.0,[0.	0.	0.	1.	0.	0.	0.	0.	1.	0.	0.	0.	1.	0.	0.	0.	0.	0.	1.	0.	0.	0.	1.	1.	0.],546.1842794771593,54284.784912109375,141,[0.	0.	0.	1.	0.	0.	0.	0.	1.	0.	0.	0.	1.	0.	0.	0.	0.	0.	1.	0.	0.	0.	1.	1.	0.],546.1842794771593,2306.22998046875,0.0,P05_WEAKLY_CORRELATED,25,0.2
f688c7bbd100a3e1e10de0d70075f5b7ab7a81445aef8dedb699515066081856,200.6377911389312,10.0,[0.	0.	1.	1.	1.	1.	1.	1.	0.	0.	0.	1.	0.	0.	1.	1.	1.	0.	0.	0.	0.	0.	0.	1.	1.],1200.600576737953,5341.26318359375,9,[0.	0.	1.	1.	1.	1.	1.	1.	0.	0.	0.	1.	0.	0.	1.	1.	1.	0.	0.	0.	0.	0.	0.	1.	1.],1200.600576737953,1615.7978515625,0.0,P05_WEAKLY_CORRELATED,25,0.2
2d4c8f74c56086ff6a26a52eb401ff382b51e927eb38f8100ad3f6f80630189d,278.8633363153005,10.0,[0.	0.	1.	1.	1.	1.	1.	0.	0.	0.	1.	0.	0.	1.	1.	1.	0.	1.	0.	0.	1.	1.	0.	1.	1.],1314.150320729308,15572.651123046877,39,[0.	0.	1.	1.	1.	1.	1.	0.	0.	0.	1.	0.	0.	1.	1.	1.	0.	1.	0.	0.	1.	1.	0.	1.	1.],1314.150320729308,1411.676513671875,0.0,P05_WEAKLY_CORRELATED,25,0.2
a39cc7058175b6c6e6bd5af23a9c83a125e8201283ee14abfa53a131ba57a8c8,469.97216703269294,10.0,[1.	1.	0.	1.	1.	0.	1.	1.	1.	0.	1.	0.	1.	1.	1.	0.	0.	0.	1.	1.	1.	0.	0.	0.	0.],1344.630050665956,79939.37158203125,219,[1.	1.	0.	1.	1.	0.	1.	1.	1.	0.	1.	0.	1.	1.	1.	0.	0.	0.	1.	1.	1.	0.	0.	0.	0.],1344.630050665956,2149.099609375,0.0,P05_WEAKLY_CORRELATED,25,0.2
954c360b4972ec3400b057f7ca11f7eaa6e48046933bdef8d8296d9e86e7a972,515.9189618187869,10.0,[1.	1.	1.	1.	1.	0.	0.	1.	1.	1.	0.	1.	0.	0.	0.	1.	0.	1.	1.	1.	1.	1.	1.	0.	1.],1555.1765091603072,57099.43041992188,163,[1.	1.	1.	1.	1.	0.	0.	1.	1.	1.	0.	1.	0.	0.	0.	1.	0.	1.	1.	1.	1.	1.	1.	0.	1.],1555.1765091603072,1506.404052734375,0.0,P05_WEAKLY_CORRELATED,25,0.2
d2f1dc916fc762ef87b844652b0fe986561e50ed64e618e30d1ba52cfefefea4,669.2975149694981,10.0,[1.	1.	1.	0.	1.	1.	1.	1.	1.	1.	0.	1.	1.	1.	1.	1.	0.	1.	1.	1.	0.	0.	0.	1.	0.],1781.8680199101914,1151.516845703125,1,[1.	1.	1.	0.	1.	1.	1.	1.	1.	1.	0.	1.	1.	1.	1.	1.	0.	1.	1.	1.	0.	0.	0.	1.	0.],1781.8680199101914,1867.323486328125,0.0,P05_WEAKLY_CORRELATED,25,0.2
e593016e709588b5ced18cd8a649005bbdbca217d5abe1cd53bc5ad35e12dfc7,907.9861870330462,10.0,[0.	1.	1.	0.	0.	1.	1.	1.	1.	1.	1.	1.	1.	1.	1.	0.	1.	1.	1.	1.	1.	1.	1.	0.	0.],1808.2264551932344,165613.80737304688,475,[0.	1.	1.	0.	0.	1.	1.	1.	1.	1.	1.	1.	1.	1.	1.	0.	1.	1.	1.	1.	1.	1.	1.	0.	0.],1808.2264551932344,2070.39404296875,0.0,P05_WEAKLY_CORRELATED,25,0.2
40940cc3dc5c847e6ff531d3c39a6fdb4ec6893cbb223fa631cbcec70bdd2ef8,1015.652441537617,10.0,[1.	0.	1.	1.	1.	1.	1.	1.	0.	0.	1.	1.	1.	1.	1.	1.	1.	1.	0.	1.	1.	0.	1.	1.	1.],1982.0345633692496,31923.62841796875,59,[1.	0.	1.	1.	1.	1.	1.	1.	1.	0.	1.	1.	1.	1.	1.	0.	1.	1.	0.	1.	1.	0.	1.	1.	1.],1982.0305830562515,1961.9326171875,0.0002008195554218,P05_WEAKLY_CORRELATED,25,0.2
6cce107a405b638a2817feac3e2616d4fc0b0eacd9db6c5e002fcfa3787ac330,1078.0584145275466,10.0,[1.	1.	1.	0.	1.	1.	1.	1.	1.	0.	1.	1.	1.	1.	1.	0.	1.	1.	1.	1.	1.	1.	1.	1.	1.],2131.9278487288543,91789.02001953124,279,[1.	1.	1.	0.	1.	1.	1.	1.	1.	0.	1.	1.	1.	1.	1.	0.	1.	1.	1.	1.	1.	1.	1.	1.	1.],2131.9278487288543,1835.65673828125,0.0,P05_WEAKLY_CORRELATED,25,0.2
243a89235d27790f044f0c29862ea09466fc2ba57b1457766c70ee4a90ccb7a9,1105.9222745163063,10.0,[1.	1.	1.	0.	1.	0.	1.	1.	1.	1.	1.	1.	1.	1.	1.	1.	1.	1.	1.	1.	1.	1.	1.	1.	1.],2288.4877234589303,2516.851318359375,3,[1.	1.	1.	0.	1.	0.	1.	1.	1.	1.	1.	1.	1.	1.	1.	1.	1.	1.	1.	1.	1.	1.	1.	1.	1.],2288.4877234589303,1851.22607421875,0.0,P05_WEAKLY_CORRELATED,25,0.2
c7c0e94d96f0bdde8ef48a0121f779d3984ee25050cb34f2a7946ac24887831e,112.63131849856067,10.0,[1.	0.	0.	1.	0.	0.	0.	0.	1.	0.	0.	0.	1.	0.	0.	0.	0.	0.	1.	0.	0.	0.	0.	1.	0.],162.14894245250352,218268.52392578125,1183,[1.	0.	0.	1.	0.	0.	0.	0.	1.	0.	0.	0.	1.	0.	0.	0.	0.	0.	1.	0.	0.	0.	0.	1.	0.],162.14894245250352,2557.443115234375,0.0,P05_STRONGLY_CORRELATED,25,0.1
3501a51ba19bb796d0eddb2784abe8e35615dec255dc3c9a9f37de25cf73a648,232.2169282654879,10.0,[0.	1.	0.	0.	1.	0.	0.	1.	0.	0.	0.	0.	0.	1.	1.	0.	0.	1.	1.	1.	0.	0.	0.	1.	0.],307.70388394375794,266537.44921875,1405,[0.	0.	0.	0.	1.	0.	0.	1.	1.	0.	0.	0.	0.	1.	0.	1.	0.	1.	1.	0.	0.	0.	0.	1.	0.],291.39358661985017,2384.311767578125,5.300647204989121,P05_STRONGLY_CORRELATED,25,0.1
2876c28049161f2ef2e90f245d24f7299ba9cbd6f602669cbbc6337883089744,300.9566867083967,10.0,[1.	1.	1.	1.	0.	1.	1.	1.	0.	0.	0.	1.	0.	0.	1.	1.	1.	0.	0.	0.	1.	0.	0.	1.	1.],425.37043708357714,313772.62841796875,1147,[1.	1.	1.	1.	1.	1.	1.	1.	0.	0.	0.	1.	0.	0.	1.	1.	1.	0.	0.	0.	1.	0.	0.	1.	1.],417.44443751386734,3092.025390625,1.8633169770922504,P05_STRONGLY_CORRELATED,25,0.1
c170110f52cd761f0c4ef3288592ea826d084196bfed81c01188e8745bc0029e,520.5735598916084,10.0,[0.	1.	0.	1.	0.	0.	0.	1.	0.	1.	0.	0.	1.	1.	1.	1.	0.	1.	0.	1.	1.	1.	0.	1.	1.],633.8472113501772,234295.25415039065,825,[0.	1.	0.	1.	0.	0.	0.	1.	0.	1.	0.	0.	1.	1.	1.	1.	1.	1.	0.	1.	1.	1.	0.	1.	0.],625.3744506575968,2944.664794921875,1.3367197237536712,P05_STRONGLY_CORRELATED,25,0.1
00c76cc7bcd3b2e60af91fd0e5702e1d6b5a5bb39f2099dac97ca88208edcba1,464.7722271921675,10.0,[0.	0.	1.	1.	1.	1.	1.	1.	1.	1.	1.	0.	0.	1.	1.	1.	1.	1.	0.	0.	1.	1.	0.	1.	1.],619.3098997642479,14160.834228515623,15,[0.	0.	1.	1.	1.	1.	1.	1.	1.	1.	1.	0.	0.	1.	1.	1.	1.	1.	0.	0.	1.	1.	0.	1.	1.],619.3098997642479,2760.24169921875,0.0,P05_STRONGLY_CORRELATED,25,0.1
a0c7c6d0bb8f2ad1b0aaee4eece97815a9f1719f1157053fa01af16d33dd838d,661.4370441737321,10.0,[1.	1.	1.	1.	1.	1.	0.	0.	1.	1.	0.	1.	0.	0.	1.	1.	1.	1.	1.	1.	1.	0.	1.	0.	1.],810.1249710214522,243222.98559570312,523,[0.	1.	1.	1.	1.	1.	0.	0.	0.	1.	0.	1.	1.	1.	1.	1.	1.	1.	1.	1.	1.	0.	1.	0.	1.],806.3779058098472,2415.77978515625,0.4625292819798499,P05_STRONGLY_CORRELATED,25,0.1
ce7bbab330cfd656474ffcca4020986edc70c519e1283f75268ab566aa18df9d,822.4512923072126,10.0,[1.	1.	1.	1.	1.	0.	1.	1.	1.	0.	1.	0.	1.	1.	1.	0.	1.	0.	1.	1.	1.	1.	0.	1.	1.],976.1568713575303,114352.06323242188,181,[1.	1.	1.	1.	1.	0.	1.	1.	1.	1.	1.	1.	1.	1.	1.	0.	0.	0.	1.	1.	1.	1.	0.	1.	0.],975.7467844674028,2479.67138671875,0.0420103471235488,P05_STRONGLY_CORRELATED,25,0.1
5e482ad1351cb39f6639dae6cfeee750b59b1862ddf9fbf49af17464ef2e221f,1016.0004901594976,10.0,[1.	0.	1.	1.	1.	1.	0.	0.	1.	0.	1.	1.	1.	1.	1.	1.	1.	1.	1.	0.	1.	1.	1.	1.	1.],1174.9050072450943,128222.09838867188,277,[1.	1.	1.	0.	1.	1.	0.	1.	0.	0.	1.	1.	1.	1.	1.	1.	1.	1.	1.	0.	1.	1.	1.	1.	1.],1173.9732350630577,2762.15869140625,0.0793061716726934,P05_STRONGLY_CORRELATED,25,0.1
e2fdcecc5c51fbf369120ae26279c113fa7643a2c3d9febd64281c69629b74a5,928.6541312738166,10.0,[1.	1.	1.	1.	1.	1.	1.	1.	1.	1.	0.	1.	1.	0.	1.	0.	1.	1.	1.	1.	1.	1.	1.	1.	1.],1108.7786230867848,59959.01196289063,97,[1.	1.	1.	1.	1.	1.	1.	1.	1.	1.	1.	1.	0.	1.	0.	1.	1.	1.	1.	1.	1.	1.	1.	0.	1.],1107.1242292504007,2447.02880859375,0.1492086699668088,P05_STRONGLY_CORRELATED,25,0.1
a253d599c63e6acca9fa23fce73efd6548af5538b73d09a911f0f15d848bf877,1015.8717017981576,10.0,[1.	0.	1.	1.	1.	1.	1.	1.	1.	1.	1.	1.	1.	1.	1.	1.	1.	1.	1.	1.	1.	1.	1.	1.	0.],1203.951124384299,47233.55932617188,101,[0.	1.	1.	1.	1.	1.	1.	1.	1.	1.	1.	1.	1.	1.	1.	1.	1.	1.	1.	1.	1.	0.	1.	1.	1.],1196.3591720042114,2793.8330078125,0.6305864271666454,P05_STRONGLY_CORRELATED,25,0.1
14ba3523ce03b78d86d849077605983ad65a58c992372ba360380b9cac5f8777,112.63131849856067,10.0,[1.	0.	0.	1.	0.	0.	0.	0.	0.	0.	0.	0.	1.	0.	0.	0.	0.	0.	1.	0.	0.	0.	0.	1.	0.],146.31171833828566,175363.244140625,501,[1.	0.	0.	1.	0.	0.	0.	0.	1.	0.	0.	0.	1.	0.	0.	0.	0.	0.	1.	0.	0.	0.	0.	1.	0.],145.15308722186666,2697.949462890625,0.7918922213326374,P05_STRONGLY_CORRELATED,25,0.2
7c213683036a268813060bac431d5f375a02491cbc9f92d992bbf356b3340fb8,232.2169282654879,10.0,[0.	1.	0.	0.	1.	0.	0.	1.	0.	0.	0.	0.	0.	1.	1.	1.	0.	1.	0.	1.	0.	0.	0.	1.	0.],294.2335369693455,90144.3134765625,191,[0.	1.	0.	0.	1.	0.	0.	1.	0.	0.	0.	0.	0.	1.	0.	1.	0.	1.	1.	1.	0.	0.	0.	1.	0.],288.5873078920426,2730.499755859375,1.91896176603796,P05_STRONGLY_CORRELATED,25,0.2
a0c6418eca83fad8d5bb786b520d994fcf5b81ad60a76c12422c36a8551417c0,300.9566867083967,10.0,[1.	0.	1.	1.	1.	1.	1.	1.	0.	0.	0.	1.	0.	0.	1.	1.	1.	0.	0.	0.	1.	0.	1.	0.	1.],410.4320461896035,301150.2326660156,983,[1.	0.	1.	1.	1.	1.	1.	1.	0.	0.	0.	1.	0.	0.	1.	1.	1.	0.	0.	0.	1.	0.	0.	1.	1.],395.15155366307374,2651.566650390625,3.7230261789720926,P05_STRONGLY_CORRELATED,25,0.2
e256d46eedace17a4a6120f6c334f525a4a57632da9249d51b4e47dd0d2af3d3,520.5735598916084,10.0,[0.	1.	0.	1.	0.	0.	0.	1.	0.	1.	0.	0.	1.	1.	1.	1.	1.	1.	0.	1.	1.	1.	0.	1.	0.],609.1113314657346,1235.3701171875,1,[0.	1.	0.	1.	0.	0.	0.	1.	0.	1.	0.	0.	1.	1.	1.	1.	1.	1.	0.	1.	1.	1.	0.	1.	0.],609.1113314657346,2589.08544921875,0.0,P05_STRONGLY_CORRELATED,25,0.2
e5eaaae356f2cff02010505c688c02209a7a573f3fe281276b47375b61354392,464.7722271921675,10.0,[0.	0.	1.	1.	1.	1.	1.	1.	1.	1.	1.	0.	0.	1.	1.	1.	1.	1.	0.	0.	1.	1.	0.	1.	1.],598.269080363137,234188.64819335935,495,[0.	0.	1.	1.	1.	1.	1.	1.	1.	1.	1.	0.	0.	1.	1.	1.	1.	1.	0.	0.	1.	1.	0.	1.	1.],598.269080363137,2526.320556640625,0.0,P05_STRONGLY_CORRELATED,25,0.2
d449d8ac8f9efa9ef69b66099e51f66243dd3e7d23156aa564bb771ff4127e75,661.4370441737321,10.0,[0.	1.	1.	1.	1.	1.	0.	0.	0.	1.	1.	1.	0.	1.	1.	1.	1.	1.	1.	1.	1.	0.	1.	0.	1.],780.9436019155827,37473.763427734375,47,[0.	1.	1.	1.	1.	1.	0.	0.	1.	1.	0.	1.	0.	1.	1.	1.	1.	1.	1.	1.	1.	0.	1.	0.	1.],778.1577716005396,2823.79443359375,0.3567261846066349,P05_STRONGLY_CORRELATED,25,0.2
e65e7424cfbc8233d1c64bfdae5bb02e83d39bb11490d96b82754469ea3e5dc2,822.4512923072126,10.0,[1.	1.	1.	1.	1.	0.	1.	1.	1.	0.	1.	1.	1.	1.	1.	0.	1.	0.	1.	1.	1.	1.	0.	1.	0.],942.1690022045346,1342.823486328125,1,[1.	1.	1.	1.	1.	0.	1.	1.	1.	0.	1.	1.	1.	1.	1.	0.	1.	0.	1.	1.	1.	1.	0.	1.	0.],942.1690022045346,2822.996337890625,0.0,P05_STRONGLY_CORRELATED,25,0.2
ec96a4243eb52dfaf799ff0df4c002cca9962ffe97a0f654cec9acd1cb057d7e,1016.0004901594976,10.0,[1.	0.	1.	0.	1.	1.	1.	1.	0.	0.	1.	1.	1.	1.	1.	1.	1.	1.	1.	0.	1.	1.	1.	1.	1.],1136.9379121842476,230680.3857421875,1199,[1.	0.	1.	0.	1.	1.	0.	1.	1.	0.	1.	1.	1.	1.	1.	1.	1.	1.	1.	0.	1.	1.	1.	1.	1.],1136.9195154330796,2493.6982421875,0.0016180963771927,P05_STRONGLY_CORRELATED,25,0.2
a523c854448043ffe6fb7441e15156d3013fa31c4a6e28c7d55ace4defdba29d,928.6541312738166,10.0,[1.	1.	1.	1.	1.	1.	1.	1.	1.	1.	0.	1.	0.	0.	1.	1.	1.	1.	1.	1.	1.	1.	1.	1.	1.],1071.7731290083282,9054.181396484377,9,[1.	1.	1.	1.	1.	1.	1.	1.	1.	1.	0.	1.	1.	0.	1.	1.	1.	1.	1.	1.	1.	1.	1.	0.	1.],1071.081045487064,2274.996826171875,0.0645736959186899,P05_STRONGLY_CORRELATED,25,0.2
140290ba428930ce2ee4ec1b18ab3e26eb8bf4c122278ea0ffa34a35a06eae48,1015.8717017981576,10.0,[1.	1.	1.	1.	1.	1.	1.	1.	1.	1.	1.	1.	1.	1.	1.	1.	1.	1.	1.	1.	1.	0.	1.	1.	0.],1164.2460914739825,16738.4423828125,17,[1.	1.	1.	1.	0.	1.	1.	1.	1.	1.	1.	1.	1.	1.	0.	1.	1.	1.	1.	1.	1.	1.	1.	1.	1.],1160.4171648648005,2824.056396484375,0.3288760544031215,P05_STRONGLY_CORRELATED,25,0.2
fb774965dd79849ff9b7fd76901b05a2d810b9feb1ae8d9dbc4309d2ed47b3d2,135.3585912258334,10.0,[0.	0.	1.	0.	0.	0.	0.	0.	0.	0.	0.	0.	0.	1.	0.	0.	0.	0.	0.	0.	0.	0.	0.	0.	0.],99.68407914939093,95196.98803710938,659,[0.	0.	0.	0.	0.	0.	0.	0.	0.	0.	0.	0.	0.	0.	0.	0.	0.	0.	0.	0.	0.	0.	0.	0.	1.],94.416377360466,2645.94580078125,5.28439629866121,P05_INVERSE_STRONGLY_CORRELATED,25,0.1
e57b182390f9bb3749648f6728626c12b331059d9f124a7ebc4ee57c07efe574,277.6714737200333,10.0,[0.	0.	0.	0.	0.	0.	1.	0.	0.	0.	0.	0.	0.	0.	0.	0.	0.	0.	0.	0.	0.	1.	1.	0.	0.],221.45059848006352,134947.02221679688,307,[0.	0.	0.	0.	0.	0.	1.	0.	0.	0.	1.	0.	0.	0.	0.	0.	0.	0.	0.	0.	1.	0.	0.	0.	0.],221.19243601389692,2525.4140625,0.1165779040284728,P05_INVERSE_STRONGLY_CORRELATED,25,0.1
4c2a55c6820347e9e2132ee7f0b5fa90c0dbc4a1e825fa79698d1a9e1b9e34d7,369.1385048902149,10.0,[0.	0.	0.	0.	0.	0.	0.	0.	1.	0.	0.	0.	0.	1.	0.	0.	0.	1.	0.	0.	0.	1.	0.	0.	0.],298.4654773766069,228728.40576171875,633,[0.	0.	0.	0.	0.	0.	0.	0.	0.	1.	0.	0.	1.	0.	0.	0.	0.	1.	0.	0.	0.	1.	0.	0.	0.],296.65874507375173,2540.98828125,0.6053404630698374,P05_INVERSE_STRONGLY_CORRELATED,25,0.1
f8d8778777a90900b5eba3804602c6079988ffc6274d8e58f8c8e8270cbe5a65,611.4826508006993,10.0,[0.	0.	1.	0.	1.	1.	1.	0.	0.	0.	0.	1.	0.	0.	0.	0.	0.	0.	1.	0.	0.	0.	0.	0.	0.],509.7648448861376,469333.5876464844,1211,[0.	0.	1.	0.	1.	1.	1.	0.	0.	0.	0.	0.	0.	0.	0.	0.	0.	0.	1.	0.	0.	0.	1.	0.	0.],508.8559824495707,2918.277587890625,0.1782905286004761,P05_INVERSE_STRONGLY_CORRELATED,25,0.1
6ebc992959758948b7258cd4fc8ba48c14637962502ccc42f9549822d57ae857,578.4085908285311,10.0,[1.	1.	0.	0.	0.	0.	0.	0.	0.	0.	0.	0.	1.	0.	0.	0.	0.	0.	1.	1.	0.	0.	1.	0.	0.],477.8358073810514,74213.78759765625,137,[1.	1.	0.	0.	0.	0.	0.	0.	0.	0.	0.	1.	0.	0.	0.	0.	0.	0.	1.	1.	0.	0.	1.	0.	0.],478.7482406903804,2666.815673828125,-0.190951221158971,P05_INVERSE_STRONGLY_CORRELATED,25,0.1
a723eae0ccb6d2f0cf1db7089f2edad027d65e2848fcdbff5dbec78e9fb58164,797.8006805373685,10.0,[1.	1.	0.	0.	0.	0.	1.	1.	0.	0.	1.	0.	0.	0.	1.	0.	0.	0.	1.	0.	0.	1.	0.	1.	0.],662.2017271674414,600180.3020019531,2693,[1.	0.	0.	0.	0.	0.	1.	1.	1.	0.	1.	0.	1.	0.	0.	0.	0.	0.	0.	0.	0.	1.	0.	1.	0.],670.1308530286007,2915.066162109375,-1.1973882785047978,P05_INVERSE_STRONGLY_CORRELATED,25,0.1
00ccd998d5164148d86d19d5d0820c051dc3bbcce9d3d4ebd9ed2e214f4754a1,981.5422013981216,10.0,[0.	0.	1.	0.	0.	1.	0.	0.	0.	1.	0.	1.	0.	0.	0.	1.	1.	1.	1.	0.	0.	0.	1.	1.	1.],820.8806510359233,120652.78955078124,257,[0.	0.	1.	1.	0.	1.	0.	0.	0.	1.	0.	0.	0.	0.	0.	1.	1.	1.	0.	0.	0.	1.	1.	1.	1.],817.0394803473964,2447.422119140625,0.4679329064072143,P05_INVERSE_STRONGLY_CORRELATED,25,0.1
48af6a023b378caf72aca995021d4643cd2ed517e61a6bcab7c5a984066a6da4,1197.8186719776793,10.0,[1.	1.	1.	1.	0.	0.	1.	1.	0.	1.	1.	1.	1.	0.	1.	1.	0.	1.	0.	1.	0.	0.	0.	1.	0.],994.117828968331,600065.2365722656,3674,[1.	0.	1.	1.	1.	0.	1.	1.	1.	0.	1.	1.	1.	0.	1.	1.	0.	0.	0.	1.	0.	1.	1.	1.	0.],983.9127517292674,2813.213134765625,1.026546043304963,P05_INVERSE_STRONGLY_CORRELATED,25,0.1
62e9d93c72d9ebc81a9cda450ae9153c64a1ab5857d586c2695d3b38f73fdfdb,1133.199585819271,10.0,[0.	0.	1.	1.	0.	1.	1.	0.	0.	1.	1.	0.	1.	1.	1.	1.	1.	0.	1.	0.	1.	0.	1.	1.	0.],931.6501132076372,228540.32373046875,783,[0.	0.	1.	0.	1.	1.	1.	0.	0.	1.	1.	0.	1.	1.	1.	1.	1.	0.	1.	0.	1.	0.	0.	1.	0.],929.9839046741683,2542.26416015625,0.1788448806958419,P05_INVERSE_STRONGLY_CORRELATED,25,0.1
18a5578b9c4b2206fff60322dda73c40f3b6322394bcc14bfc1305bf88b9666d,1243.1444290708848,10.0,[1.	1.	1.	0.	1.	1.	0.	1.	1.	1.	0.	1.	0.	1.	1.	1.	1.	1.	0.	0.	1.	1.	1.	0.	1.],1009.0804579287792,13561.915771484377,13,[1.	1.	1.	0.	1.	1.	0.	1.	1.	1.	0.	1.	0.	1.	1.	1.	1.	1.	0.	0.	1.	1.	1.	0.	1.],1009.0804579287792,2840.14453125,-1.1266379883618758e-14,P05_INVERSE_STRONGLY_CORRELATED,25,0.1
6d61b8294e6c1177974ba39dd7500d4ced2b3db235251a118555dd9d8de9828a,135.3585912258334,10.0,[0.	0.	0.	0.	0.	0.	0.	0.	0.	0.	0.	0.	0.	0.	0.	0.	0.	0.	0.	0.	0.	0.	0.	0.	1.],88.03771971468134,81366.2646484375,567,[0.	0.	0.	0.	0.	0.	0.	0.	0.	0.	0.	0.	0.	0.	0.	0.	0.	0.	0.	0.	0.	0.	0.	0.	1.],88.03771971468134,2567.40966796875,0.0,P05_INVERSE_STRONGLY_CORRELATED,25,0.2
bd6c286ca3f98729414f6557200d4a6a953087fe13e959edc5e1783bec139dc3,277.6714737200333,10.0,[0.	0.	0.	0.	0.	0.	0.	0.	0.	0.	1.	0.	0.	0.	0.	0.	1.	0.	0.	0.	0.	1.	0.	0.	0.],198.75447250586052,177749.4365234375,527,[0.	0.	0.	0.	0.	0.	0.	0.	0.	0.	1.	0.	0.	0.	0.	0.	1.	0.	0.	0.	0.	1.	0.	0.	0.],198.75447250586052,2419.31494140625,0.0,P05_INVERSE_STRONGLY_CORRELATED,25,0.2
988d15c3bc56c0e963aa0b8906089b818931d5af2864e65e5717a9848cbb5c72,369.1385048902149,10.0,[0.	0.	0.	0.	0.	0.	0.	0.	1.	0.	1.	0.	0.	0.	0.	0.	0.	0.	1.	0.	0.	0.	0.	0.	0.],274.26201385088666,31963.329345703125,43,[0.	0.	0.	0.	0.	0.	0.	0.	0.	0.	1.	0.	0.	0.	0.	0.	0.	0.	1.	1.	0.	0.	0.	0.	0.],274.1321665669266,2511.367431640625,0.0473442465242849,P05_INVERSE_STRONGLY_CORRELATED,25,0.2
c6d3aef3c60553db6f6742dfe025939b38166b228edaeffce58d3922ebfd1c86,611.4826508006993,10.0,[1.	0.	1.	0.	1.	1.	1.	0.	0.	0.	0.	0.	0.	0.	0.	0.	0.	0.	0.	0.	0.	0.	0.	0.	1.],471.8913244016336,600008.8645019531,2274,[0.	0.	1.	0.	1.	1.	1.	0.	1.	0.	0.	0.	0.	0.	0.	0.	0.	0.	1.	0.	0.	0.	0.	0.	0.],471.6451984354205,2660.760986328125,0.0521573407871201,P05_INVERSE_STRONGLY_CORRELATED,25,0.2
cc171ac01280041cf62835ed67f8a57981202d420238a2ac2c33d7de1ca571d8,578.4085908285311,10.0,[1.	1.	0.	0.	0.	0.	0.	0.	1.	0.	0.	1.	0.	0.	0.	0.	0.	0.	0.	1.	0.	0.	1.	0.	0.],442.7552919189859,158475.99462890625,375,[0.	1.	0.	0.	0.	0.	0.	1.	0.	0.	0.	1.	0.	0.	0.	0.	0.	0.	1.	1.	0.	0.	1.	0.	0.],439.124177228542,2604.314453125,0.8201177392382936,P05_INVERSE_STRONGLY_CORRELATED,25,0.2
00de3e52f5a2f871da8e5d8b453c97e829bac632187b821affef3862e5066cf8,797.8006805373685,10.0,[1.	0.	0.	0.	0.	0.	1.	0.	1.	0.	1.	0.	1.	0.	1.	0.	0.	0.	0.	0.	0.	1.	0.	1.	0.],626.2332868336395,212353.8310546875,489,[1.	0.	0.	0.	0.	0.	1.	1.	1.	0.	1.	0.	0.	0.	1.	0.	0.	0.	0.	0.	0.	1.	0.	1.	0.],626.216694443205,2574.55810546875,0.0026495542129866,P05_INVERSE_STRONGLY_CORRELATED,25,0.2
640ec33f208df66139c8e16f41c901452d04bf2548d4f0e766a3b8694359effa,981.5422013981216,10.0,[0.	0.	1.	0.	0.	1.	0.	0.	0.	1.	0.	0.	1.	0.	0.	0.	1.	1.	1.	0.	0.	1.	1.	1.	1.],774.0322605869727,600170.1440429688,3032,[0.	0.	1.	0.	0.	1.	0.	0.	0.	1.	0.	0.	0.	0.	0.	1.	1.	1.	0.	0.	0.	1.	1.	1.	1.],775.9507822126037,2703.246337890625,-0.2478606801447948,P05_INVERSE_STRONGLY_CORRELATED,25,0.2
fa00d13bb8852fdb7eda06af5f8583baf61e162364f5e96e2ee8d367eec5acdd,1197.8186719776793,10.0,[1.	1.	0.	1.	0.	0.	1.	1.	1.	1.	1.	0.	0.	0.	1.	1.	0.	0.	0.	1.	0.	1.	1.	1.	0.],950.8589480838676,322529.44873046875,987,[1.	1.	1.	1.	0.	0.	1.	1.	1.	1.	1.	1.	1.	0.	1.	0.	0.	0.	0.	1.	0.	0.	0.	1.	0.],950.5420290747036,2651.76708984375,0.033329760402695,P05_INVERSE_STRONGLY_CORRELATED,25,0.2
d25bc8531c2d8f0c73692fbefd0f198902363f170e0b10bba62af91ebf763021,1133.199585819271,10.0,[0.	0.	0.	1.	1.	1.	1.	0.	0.	1.	1.	0.	1.	1.	1.	1.	1.	0.	1.	0.	0.	0.	0.	1.	1.],890.9059067704546,133224.3359375,361,[0.	0.	1.	0.	1.	1.	1.	0.	0.	1.	1.	0.	1.	1.	1.	1.	1.	0.	1.	0.	1.	0.	0.	1.	0.],886.8291037266991,2463.784912109375,0.4576019771306661,P05_INVERSE_STRONGLY_CORRELATED,25,0.2
5619bf714bcf63d03d612c8bff1073e7c5e2155ccc7a15552155d08c02594762,1243.1444290708848,10.0,[1.	1.	1.	0.	1.	1.	0.	1.	1.	1.	0.	1.	0.	1.	1.	1.	1.	1.	0.	0.	0.	1.	1.	0.	1.],969.3853142755696,27292.44140625,45,[1.	1.	1.	0.	1.	1.	0.	1.	1.	1.	0.	1.	0.	1.	1.	1.	1.	1.	0.	0.	0.	1.	1.	0.	1.],969.3853142755696,3326.096435546875,0.0,P05_INVERSE_STRONGLY_CORRELATED,25,0.2
40377ea5441dbf2b557719e33ccba1c6f135378741d0496928d22db44e36857c,112.63131849856067,10.0,[0.	0.	0.	1.	0.	0.	0.	0.	1.	0.	0.	0.	1.	0.	0.	0.	0.	0.	1.	0.	0.	0.	1.	1.	0.],162.1357955902356,229789.10913085935,1201,[0.	0.	0.	1.	0.	0.	0.	0.	1.	0.	0.	0.	1.	0.	0.	0.	0.	0.	1.	0.	0.	0.	1.	1.	0.],162.1357955902356,2791.412353515625,0.0,P05_ALMOST_STRONGLY_CORRELATED,25,0.1
ceda63cd5eb28255c560bc28d7d56f3868a853f27c6d9b904f27dd1d90a3f97c,200.6377911389312,10.0,[0.	0.	1.	0.	1.	1.	1.	1.	0.	0.	0.	1.	0.	0.	1.	1.	1.	0.	0.	0.	1.	0.	0.	1.	1.],309.9041684345534,41916.386474609375,61,[0.	0.	1.	1.	1.	1.	1.	1.	0.	0.	0.	1.	0.	0.	1.	1.	1.	0.	0.	0.	0.	0.	0.	1.	1.],308.1452950052926,2558.602294921875,0.5675539758453579,P05_ALMOST_STRONGLY_CORRELATED,25,0.1
7e242410459029abd4171c2822bee1d7e18be977e4f6c2b058361324cdddb5c4,278.8633363153005,10.0,[0.	0.	1.	1.	1.	1.	1.	0.	0.	1.	1.	0.	0.	0.	1.	1.	0.	1.	0.	0.	1.	1.	0.	1.	1.],402.9449821626904,194216.62475585935,399,[0.	0.	1.	1.	1.	1.	1.	0.	0.	1.	1.	0.	0.	1.	1.	1.	0.	1.	0.	0.	1.	0.	0.	1.	1.],391.4766078761021,2604.637451171875,2.846139000176929,P05_ALMOST_STRONGLY_CORRELATED,25,0.1
cea74f0f1e5115f5410e636ed3ebb1a7aae63deef1fb1fc3a3df47801572fda7,469.97216703269294,10.0,[1.	1.	0.	1.	1.	0.	1.	1.	1.	0.	1.	1.	0.	1.	1.	0.	0.	0.	1.	1.	1.	0.	0.	0.	0.],586.4825183947771,61641.451171875,97,[1.	1.	0.	1.	1.	0.	1.	1.	1.	0.	1.	0.	1.	1.	1.	0.	0.	0.	1.	1.	1.	0.	0.	0.	0.],586.088095439489,2448.467041015625,0.0672522953229046,P05_ALMOST_STRONGLY_CORRELATED,25,0.1
e8a958a60a428384ed1fc609f4898c18b202b09cb427070b9e0777c25cf8d786,515.9189618187869,10.0,[1.	1.	1.	1.	1.	0.	0.	1.	1.	1.	0.	1.	0.	0.	0.	1.	0.	1.	1.	1.	1.	1.	1.	0.	1.],660.9419879330336,14332.650390625,17,[1.	1.	1.	1.	1.	0.	0.	1.	1.	1.	0.	1.	0.	0.	0.	1.	0.	1.	1.	1.	1.	1.	1.	0.	1.],660.9419879330336,2620.459716796875,0.0,P05_ALMOST_STRONGLY_CORRELATED,25,0.1
4ee4e88912cbc9b92c6768ada6cef0ac2d53b8726d176cd6efd587b3fa4b6dae,669.2975149694981,10.0,[1.	1.	1.	1.	1.	1.	1.	1.	1.	1.	0.	1.	1.	1.	0.	1.	0.	1.	1.	1.	0.	0.	0.	1.	0.],818.9011381692995,149344.37182617188,369,[1.	1.	1.	0.	1.	1.	1.	1.	1.	1.	0.	1.	1.	1.	1.	1.	0.	1.	1.	1.	0.	0.	0.	1.	0.],813.135012176621,2809.14208984375,0.7041296835377538,P05_ALMOST_STRONGLY_CORRELATED,25,0.1
4d0f9df10826585e61d09cbee347cd0be66574ab2ac06a7491ff686ed54cf584,907.9861870330462,10.0,[0.	1.	1.	0.	0.	0.	1.	1.	1.	1.	1.	1.	1.	1.	1.	0.	1.	1.	1.	1.	1.	1.	1.	0.	1.],1057.3862037002605,23532.718017578125,27,[0.	1.	1.	0.	0.	1.	1.	1.	1.	1.	1.	1.	1.	1.	1.	0.	1.	1.	1.	1.	1.	1.	1.	0.	0.],1057.3542469339989,2934.693603515625,0.0030222416511365,P05_ALMOST_STRONGLY_CORRELATED,25,0.1
feedb31f782b85e97880baca49b116ce1a4cf07c35d16c61512fb718ba77000c,1015.652441537617,10.0,[1.	0.	1.	1.	1.	0.	1.	1.	0.	0.	1.	1.	1.	1.	1.	1.	1.	1.	0.	1.	1.	1.	1.	1.	1.],1171.285166118116,600309.4428710938,1837,[1.	0.	1.	1.	1.	1.	1.	1.	0.	1.	1.	0.	1.	1.	1.	0.	1.	1.	1.	1.	1.	1.	1.	1.	0.],1167.7901129036802,2436.533203125,0.2983947304667995,P05_ALMOST_STRONGLY_CORRELATED,25,0.1
1d581bc49163bf6e00e29ae3b4c903e1611d4356c46a81e10c07e455a73a581c,1078.0584145275466,10.0,[1.	1.	0.	0.	1.	1.	1.	1.	1.	1.	1.	1.	1.	1.	1.	0.	1.	1.	1.	1.	1.	1.	1.	1.	1.],1254.4799137390844,131342.0146484375,445,[1.	1.	0.	0.	1.	1.	1.	1.	1.	0.	1.	1.	1.	1.	1.	1.	1.	1.	1.	1.	1.	1.	1.	1.	1.],1250.826521628792,2480.015625,0.2912276290979477,P05_ALMOST_STRONGLY_CORRELATED,25,0.1
2f59d7b9b7733b6c9ebbaac82d353325b638b507335850986f20acfb1701812b,1105.9222745163063,10.0,[1.	1.	1.	0.	1.	1.	1.	1.	1.	1.	1.	1.	1.	1.	1.	1.	1.	1.	1.	1.	1.	1.	1.	0.	1.],1290.7330627466197,51998.15698242188,85,[1.	1.	1.	1.	1.	1.	1.	1.	1.	1.	1.	1.	1.	1.	1.	1.	1.	1.	0.	0.	1.	1.	1.	1.	1.],1290.097617251025,2526.4951171875,0.0492313642483341,P05_ALMOST_STRONGLY_CORRELATED,25,0.1
6c4260516a6a54182c7ed7f45b0d98ef39ada8d014c1d6b619fa6ba8e5866063,112.63131849856067,10.0,[0.	0.	0.	1.	0.	0.	0.	0.	0.	0.	0.	0.	1.	0.	0.	0.	0.	0.	1.	0.	0.	0.	1.	1.	0.],146.18908713548052,191775.66552734372,567,[0.	0.	0.	1.	0.	0.	0.	0.	1.	0.	0.	0.	1.	0.	0.	0.	0.	0.	1.	0.	0.	0.	1.	1.	0.],145.06851730412907,2730.01416015625,0.7665208486547014,P05_ALMOST_STRONGLY_CORRELATED,25,0.2
a3f6d9442909cefe8b928bcd2eb29acd997fbd1f4cb0d9301d7a49bae45d2514,200.6377911389312,10.0,[0.	0.	1.	1.	1.	1.	1.	1.	0.	0.	0.	1.	0.	0.	1.	1.	1.	0.	0.	0.	0.	0.	0.	1.	1.],298.89472127436375,197864.73681640625,473,[0.	0.	1.	1.	1.	1.	1.	1.	0.	0.	0.	1.	0.	0.	1.	1.	1.	0.	0.	0.	0.	0.	0.	1.	1.],298.89472127436375,2950.279541015625,0.0,P05_ALMOST_STRONGLY_CORRELATED,25,0.2
eb6a5425b9df7f990e7521cf682e895a0052be2cff16efb65983389d1e1f62a3,278.8633363153005,10.0,[0.	0.	1.	1.	1.	1.	1.	0.	0.	0.	1.	0.	0.	1.	1.	1.	0.	1.	0.	0.	1.	1.	0.	1.	1.],388.9223856070258,46381.802978515625,59,[0.	0.	1.	1.	1.	1.	1.	0.	0.	1.	1.	0.	0.	1.	1.	1.	0.	1.	0.	0.	1.	0.	0.	1.	1.],387.9949047312942,2823.2021484375,0.238474541465142,P05_ALMOST_STRONGLY_CORRELATED,25,0.2
206cab7cab7138ae54c0fa0db345e8aa38156f6c028b575014321ed4e8157f8a,469.97216703269294,10.0,[1.	1.	0.	1.	1.	0.	0.	1.	1.	0.	1.	0.	1.	1.	1.	0.	0.	0.	1.	1.	1.	0.	0.	0.	0.],553.0032848083221,600101.494140625,2231,[1.	1.	0.	0.	1.	0.	1.	1.	1.	0.	1.	1.	1.	1.	1.	0.	0.	0.	1.	1.	1.	0.	0.	0.	0.],556.3070776748599,2780.009033203125,-0.5974273494022679,P05_ALMOST_STRONGLY_CORRELATED,25,0.2
838a6117629bbd70f030a3dc28b869b98af42581e45f5892b567b44cb1bd68f4,515.9189618187869,10.0,[1.	1.	1.	1.	1.	0.	0.	1.	1.	1.	0.	1.	0.	0.	0.	1.	0.	1.	1.	0.	1.	1.	1.	0.	1.],627.0076451984685,312344.6853027344,891,[1.	1.	1.	1.	1.	0.	0.	1.	1.	1.	0.	1.	0.	0.	0.	1.	0.	1.	1.	1.	1.	1.	1.	0.	1.],626.5760981161332,2187.5771484375,0.0688264466374615,P05_ALMOST_STRONGLY_CORRELATED,25,0.2
7ba559998bdba5a9585310f1db7d7bf14f7ee5451ea6a28987a2e3934e79340c,669.2975149694981,10.0,[1.	1.	1.	0.	1.	1.	1.	1.	1.	1.	0.	1.	1.	1.	1.	1.	0.	1.	1.	1.	0.	0.	0.	1.	0.],789.1048085140532,301286.64111328125,865,[1.	1.	1.	0.	1.	1.	1.	1.	1.	1.	0.	1.	1.	1.	1.	1.	0.	1.	1.	1.	0.	0.	0.	1.	0.],789.1048085140532,2840.100341796875,0.0,P05_ALMOST_STRONGLY_CORRELATED,25,0.2
eba5fef110867af50b7e8dd2cda1baf85242af05070f79decdce1bc4e59c7452,907.9861870330462,10.0,[1.	1.	0.	0.	0.	0.	1.	1.	1.	1.	0.	1.	1.	1.	1.	0.	1.	1.	1.	1.	1.	1.	1.	0.	1.],1006.953342736484,600272.1032714844,2121,[0.	1.	1.	0.	1.	0.	1.	1.	1.	1.	0.	0.	1.	1.	1.	0.	1.	1.	1.	1.	1.	1.	1.	1.	0.],1004.5469314743304,2601.078857421875,0.2389794203983748,P05_ALMOST_STRONGLY_CORRELATED,25,0.2
d8fd5fe21e314b276175f1ee91acf7cdfaeb2ac8a7d03a93e3a1d352f6c82a08,1015.652441537617,10.0,[1.	0.	1.	1.	1.	1.	0.	1.	1.	0.	1.	1.	1.	1.	1.	0.	1.	1.	1.	1.	1.	0.	1.	1.	1.],1129.0559171750865,214333.4865722656,369,[1.	0.	1.	1.	1.	1.	0.	1.	1.	0.	1.	1.	1.	1.	1.	0.	1.	1.	1.	1.	1.	0.	1.	1.	1.],1129.0559171750865,2636.758544921875,0.0,P05_ALMOST_STRONGLY_CORRELATED,25,0.2
cf69e80464de30781f194d4e883d46746c2d1f1ac18ea3cbb73cecd17ecc64dd,1078.0584145275466,10.0,[1.	1.	1.	0.	1.	1.	1.	1.	0.	0.	1.	1.	1.	1.	1.	0.	1.	1.	1.	1.	1.	1.	1.	1.	1.],1202.3823773071936,317573.3757324219,887,[1.	1.	1.	0.	1.	1.	1.	1.	1.	0.	1.	1.	1.	1.	1.	0.	1.	1.	1.	1.	1.	1.	1.	1.	1.],1204.901792762625,2593.036376953125,-0.2095352945103769,P05_ALMOST_STRONGLY_CORRELATED,25,0.2
881b06776f91449e406a60899bdbe24618b816ce3dfcb1a7f08c27cd81a5810f,1105.9222745163063,10.0,[1.	1.	1.	1.	1.	0.	1.	1.	1.	1.	0.	1.	1.	1.	1.	1.	1.	1.	1.	1.	1.	1.	1.	1.	1.],1247.8031498944413,15085.666015625,15,[1.	1.	1.	0.	1.	0.	1.	1.	1.	1.	1.	1.	1.	1.	1.	1.	1.	1.	1.	1.	1.	1.	1.	1.	1.],1247.2112027286742,2509.931884765625,0.047439146616772,P05_ALMOST_STRONGLY_CORRELATED,25,0.2
4eebdbbdda66b2bf6821d5548f9115ed8ccfbee2ba5a52b76fe9f6c8b517c1c5,112.63131849856067,10.0,[0.	0.	0.	1.	0.	0.	0.	0.	1.	0.	0.	0.	1.	0.	0.	0.	0.	0.	1.	0.	0.	0.	1.	1.	0.],102.05364997385,1226.733154296875,67,[0.	0.	0.	0.	0.	0.	0.	0.	0.	0.	0.	0.	0.	0.	0.	0.	0.	0.	0.	0.	0.	0.	0.	0.	1.],93.4801960182319,78.0185546875,8.400928293907137,P05_SUBSET_SUM,25,0.1
c6499988bffea60ec9a9b29539e6207ab2d123e765be36e1e65a2e7e4e8bb04c,232.2169282654879,10.0,[0.	0.	0.	0.	1.	0.	0.	0.	1.	1.	0.	0.	0.	0.	0.	1.	0.	1.	0.	0.	0.	0.	0.	0.	0.],209.1604973685928,1487.122802734375,85,[0.	0.	0.	0.	0.	1.	0.	0.	1.	0.	0.	0.	0.	0.	0.	0.	0.	0.	0.	0.	0.	0.	0.	0.	0.],185.12745387862816,72.0166015625,11.490240170739522,P05_SUBSET_SUM,25,0.1
e214cfaec99ce2936f8fcda4f91b4424d300b8162ecafb61a48c4c2591fcdc8d,300.9566867083967,10.0,[0.	0.	0.	0.	1.	0.	0.	1.	0.	0.	1.	1.	0.	0.	0.	1.	1.	0.	1.	0.	0.	0.	0.	1.	0.],275.48639213822634,1903.9013671875,123,[0.	0.	0.	0.	0.	0.	0.	0.	0.	0.	1.	0.	0.	0.	0.	0.	0.	0.	1.	1.	0.	0.	0.	0.	0.],263.2619749315334,47.273681640625,4.437394207318695,P05_SUBSET_SUM,25,0.1
1eb8f7730d1eda1c3242eca03c0df3fed6ba2c68167123b225a6fe80aba3b31e,520.5735598916084,10.0,[1.	1.	1.	1.	0.	0.	0.	0.	0.	0.	1.	1.	0.	0.	1.	0.	0.	1.	0.	1.	1.	0.	0.	0.	0.],485.776841825006,2296.9111328125,231,[1.	0.	1.	0.	0.	0.	0.	0.	0.	0.	1.	1.	0.	0.	0.	0.	0.	0.	0.	0.	0.	0.	1.	0.	0.],474.5756750263943,78.355224609375,2.305825604310462,P05_SUBSET_SUM,25,0.1
c3d77896b536ce2a965540b42d438fe22b03f9eca87accc55e84c1dba32d4532,464.7722271921675,10.0,[1.	0.	1.	1.	1.	0.	0.	0.	0.	0.	0.	1.	1.	0.	1.	1.	0.	1.	0.	1.	1.	0.	0.	1.	1.],432.9962094254613,1903.734619140625,115,[1.	0.	0.	0.	0.	0.	0.	0.	0.	0.	0.	1.	1.	0.	0.	0.	0.	0.	1.	1.	0.	0.	0.	0.	0.],427.6178913299561,38.271728515625,1.2421166694834596,P05_SUBSET_SUM,25,0.1
cc7fa68f5ef36640b14209719d4f577c7292362a96c9400cd5543066f3c8e540,661.4370441737321,10.0,[1.	0.	0.	1.	0.	0.	1.	1.	0.	0.	1.	0.	1.	0.	0.	0.	0.	0.	0.	0.	1.	1.	1.	1.	0.],620.6315718178882,1543.396240234375,115,[1.	0.	0.	0.	0.	0.	1.	1.	0.	0.	1.	0.	1.	0.	0.	0.	0.	0.	0.	0.	0.	1.	0.	1.	0.],607.8261661410731,78.524658203125,2.063286216540171,P05_SUBSET_SUM,25,0.1
7480e1222a5158b76ca5800324fe26ce94d012192b8ad7721bc9e71ce55e906e,822.4512923072126,10.0,[0.	1.	1.	0.	0.	1.	1.	0.	1.	1.	0.	0.	0.	1.	0.	1.	1.	1.	0.	0.	1.	0.	1.	1.	1.],779.0451239206145,1575.378662109375,69,[0.	0.	1.	0.	0.	1.	0.	0.	0.	1.	0.	0.	0.	0.	0.	1.	1.	1.	0.	0.	0.	1.	1.	1.	1.],777.9826109190451,78.575927734375,0.1363865800510016,P05_SUBSET_SUM,25,0.1
f117c0cb4831b93e1699ef4a7cd8cfcd673f36e9babe5db18f43805b814e7044,1016.0004901594976,10.0,[1.	1.	0.	1.	0.	1.	1.	1.	1.	1.	1.	0.	0.	0.	1.	1.	0.	0.	0.	1.	1.	1.	0.	1.	1.],969.4018397760487,2316.58056640625,161,[1.	1.	1.	1.	0.	0.	1.	1.	1.	1.	1.	1.	1.	0.	1.	0.	0.	0.	0.	1.	0.	0.	0.	1.	0.],968.8290288386848,46.875244140625,0.0590891118482122,P05_SUBSET_SUM,25,0.1
129e705bfa6862746ce312ce2bf05615129a62dfb5d542818c40c530b55f42c9,928.6541312738166,10.0,[1.	0.	0.	0.	1.	1.	1.	0.	0.	1.	1.	0.	1.	1.	1.	1.	1.	1.	1.	1.	0.	1.	0.	1.	0.],884.3445546473328,3630.44970703125,217,[0.	0.	1.	0.	1.	1.	1.	0.	0.	1.	1.	0.	1.	1.	1.	1.	1.	0.	1.	0.	0.	0.	0.	1.	0.],883.3338989689561,62.50927734375,0.1142830215966804,P05_SUBSET_SUM,25,0.1
8389649b938fac7aad20cd10e4582c893268983c27b0e9902ff48bdc69c40865,1015.8717017981576,10.0,[1.	0.	1.	1.	1.	1.	1.	1.	1.	1.	0.	1.	0.	1.	1.	1.	0.	1.	1.	1.	1.	1.	1.	0.	1.],971.4833961968956,3683.180908203125,223,[1.	1.	1.	0.	1.	1.	0.	1.	1.	1.	0.	1.	0.	1.	1.	1.	1.	1.	0.	0.	0.	1.	1.	0.	1.],966.2403149630784,78.532470703125,0.5396984914351058,P05_SUBSET_SUM,25,0.1
f19877decf88098a52ebdaeeb130725b2670ba51c57edb286284feefdabf043c,112.63131849856067,10.0,[0.	0.	0.	1.	0.	0.	0.	0.	0.	0.	0.	0.	1.	0.	0.	0.	0.	0.	1.	0.	0.	0.	1.	1.	0.],96.29285404807118,1431.715087890625,67,[0.	0.	0.	0.	0.	0.	0.	0.	0.	0.	0.	0.	0.	0.	0.	0.	0.	0.	0.	0.	0.	0.	0.	0.	1.],77.53974916830094,44.765869140625,19.47507430863804,P05_SUBSET_SUM,25,0.2
966c24b2979eb089f611a371110b6f63fb2b1c7214d766d06b24127b17023868,232.2169282654879,10.0,[0.	0.	0.	0.	1.	0.	0.	1.	1.	0.	0.	0.	0.	1.	0.	1.	0.	1.	0.	0.	0.	0.	0.	1.	0.],190.40745757093245,1515.095947265625,65,[0.	0.	0.	0.	0.	1.	0.	0.	1.	0.	0.	0.	0.	0.	0.	0.	0.	0.	0.	0.	0.	0.	0.	0.	0.],181.36082158990413,62.5126953125,4.751198349286385,P05_SUBSET_SUM,25,0.2
043b5d6e32b99318230c49bf0ef4a2785044203b3ae23579c10bc3c187a6696c,300.9566867083967,10.0,[0.	0.	0.	0.	1.	1.	0.	0.	0.	0.	1.	1.	0.	0.	0.	0.	0.	0.	1.	0.	0.	0.	1.	0.	0.],249.0676892732128,1455.276611328125,97,[0.	0.	0.	0.	0.	0.	0.	0.	0.	0.	1.	0.	0.	0.	0.	0.	0.	0.	1.	1.	0.	0.	0.	0.	0.],202.4760241146687,47.1201171875,18.70642687315245,P05_SUBSET_SUM,25,0.2
463a7b436a42677ffa68650c3a57fa12c0f5b045e80f9a3917f9e7ec5f7dd1dd,520.5735598916084,10.0,[1.	0.	1.	0.	0.	0.	0.	0.	0.	0.	1.	1.	0.	0.	1.	0.	0.	1.	0.	1.	1.	0.	0.	1.	0.],451.8652552226336,1810.108642578125,97,[1.	0.	1.	0.	0.	0.	0.	0.	0.	0.	1.	1.	0.	0.	0.	0.	0.	0.	0.	0.	0.	0.	1.	0.	0.],443.5523450451761,78.537353515625,1.8396878452984189,P05_SUBSET_SUM,25,0.2
073a1b7cb7a7dfacfa5b4a2f067876e89f670abc0ab589db899d13020e12c8d7,464.7722271921675,10.0,[1.	0.	0.	1.	1.	0.	0.	0.	0.	0.	0.	1.	1.	0.	0.	1.	0.	0.	0.	1.	1.	0.	0.	1.	1.],401.4776278481152,1167.943359375,79,[1.	0.	0.	0.	0.	0.	0.	0.	0.	0.	0.	1.	1.	0.	0.	0.	0.	0.	1.	1.	0.	0.	0.	0.	0.],390.561691510997,46.87451171875,2.718940130145394,P05_SUBSET_SUM,25,0.2
ee9acfbcdd043fbf3800f2bde1e4be4bcbda5e3f087002d439fa3655f4df6c36,661.4370441737321,10.0,[0.	0.	0.	1.	0.	1.	1.	1.	0.	0.	1.	1.	1.	0.	0.	0.	1.	0.	0.	0.	0.	1.	1.	1.	0.],583.3847354348111,2155.39111328125,167,[1.	0.	0.	0.	0.	0.	1.	1.	0.	0.	1.	0.	1.	0.	0.	0.	0.	0.	0.	0.	0.	1.	0.	1.	0.],579.1106004432775,62.5029296875,0.7326442966232241,P05_SUBSET_SUM,25,0.2
344b067cf171bae59b68dca1576194ee00295fcec612f70ab74a35d0dcb71648,822.4512923072126,10.0,[0.	1.	1.	0.	0.	1.	1.	0.	0.	1.	0.	0.	0.	0.	0.	1.	1.	1.	0.	0.	0.	0.	1.	1.	1.],736.3135194125575,2123.421875,129,[0.	0.	1.	0.	0.	1.	0.	0.	0.	1.	0.	0.	0.	0.	0.	1.	1.	1.	0.	0.	0.	0.	1.	1.	1.],722.3022434661425,46.88720703125,1.9028953804343347,P05_SUBSET_SUM,25,0.2
3595e1ebed1ac444f571e5bcfaf88ab68df09c12aae58de083c5a16bc7b98d95,1016.0004901594976,10.0,[1.	1.	0.	1.	0.	0.	1.	1.	1.	1.	1.	0.	1.	0.	1.	0.	0.	0.	0.	1.	0.	1.	0.	1.	1.],923.3176391882464,1386.946044921875,47,[1.	1.	0.	1.	0.	0.	1.	1.	1.	1.	1.	1.	1.	0.	1.	0.	0.	0.	0.	1.	0.	0.	0.	1.	0.],918.4698913444367,78.52880859375,0.5250357664640487,P05_SUBSET_SUM,25,0.2
f6c8e7ca3ba6b0c0b4732c2f6fa49c1a8390047d3865a1346168a6bb4406dccb,928.6541312738166,10.0,[1.	0.	0.	0.	1.	1.	1.	0.	1.	1.	1.	0.	1.	1.	1.	1.	1.	0.	1.	0.	0.	1.	0.	1.	0.],840.635037015617,1716.474365234375,101,[0.	0.	0.	0.	1.	1.	1.	0.	0.	1.	1.	0.	1.	1.	1.	1.	1.	0.	1.	0.	0.	0.	0.	1.	0.],836.848103933286,78.51513671875,0.4504848020343231,P05_SUBSET_SUM,25,0.2
bbfe54f7ad8d5e6075f6f4c400e65702a82f4950668f634c95cee0848fdfdf65,1015.8717017981576,10.0,[1.	0.	1.	1.	1.	1.	0.	1.	1.	1.	0.	1.	0.	1.	1.	1.	1.	0.	1.	1.	0.	1.	1.	0.	1.],927.6679217032198,2265.390869140625,115,[1.	0.	1.	0.	1.	1.	0.	1.	1.	1.	0.	1.	0.	1.	1.	1.	1.	1.	0.	0.	0.	1.	1.	0.	1.],925.3907338809844,47.273681640625,0.2454744600906808,P05_SUBSET_SUM,25,0.2
5888d8d9eae309730ec02cf50c63e56d09d00acfb7bbea72c9ad5f3e061d79f3,238.4200597197812,10.0,[0.	0.	0.	0.	0.	1.	0.	0.	1.	0.	0.	0.	0.	0.	0.	0.	0.	0.	0.	0.	0.	0.	0.	0.	0.],184.72093341538715,8085.579345703125,41,[0.	0.	0.	0.	0.	1.	0.	0.	1.	0.	0.	0.	0.	0.	0.	0.	0.	0.	0.	0.	0.	0.	0.	0.	0.],184.72093341538715,788.541015625,0.0,P05_UNCORRELATED_SIMILAR_WEIGHTS,25,0.1
73bf8f41aa561ca399f108e898b14eee22a010e7c384096a8f603aec4c5b0ac0,474.35276127206834,10.0,[1.	0.	0.	0.	0.	0.	0.	0.	0.	0.	1.	1.	0.	0.	0.	0.	0.	0.	0.	0.	0.	0.	1.	0.	0.],384.6029660619871,46997.48046875,315,[1.	0.	0.	0.	0.	0.	0.	0.	0.	0.	1.	1.	0.	0.	0.	0.	0.	0.	0.	0.	0.	0.	1.	0.	0.],384.6029660619871,783.728271484375,0.0,P05_UNCORRELATED_SIMILAR_WEIGHTS,25,0.1
5d24fcf9f718a7ded0235e71225da2b8389edf55b6e4aa2854a503867d9482ca,709.2974903532443,10.0,[1.	0.	0.	0.	0.	0.	1.	1.	0.	0.	1.	0.	1.	0.	0.	0.	0.	0.	0.	0.	0.	0.	0.	1.	0.],534.0238627392703,31971.666259765625,235,[1.	0.	0.	0.	0.	0.	1.	1.	0.	0.	1.	0.	1.	0.	0.	0.	0.	0.	0.	0.	0.	0.	0.	1.	0.],534.0238627392703,690.0810546875,0.0,P05_UNCORRELATED_SIMILAR_WEIGHTS,25,0.1
40bd56c72c99a84cb8c6ea0966b8ad669215aa77682e6e5e9eb74744f4eb23af,955.6445715092711,10.0,[1.	1.	0.	1.	0.	0.	1.	0.	1.	1.	0.	0.	0.	0.	1.	0.	0.	0.	0.	1.	0.	0.	0.	1.	0.],657.1244908149732,241589.06298828125,2261,[1.	1.	0.	1.	0.	0.	1.	0.	1.	1.	0.	0.	0.	0.	1.	0.	0.	0.	0.	1.	0.	0.	0.	1.	0.],657.1244908149732,1192.025634765625,0.0,P05_UNCORRELATED_SIMILAR_WEIGHTS,25,0.1
2f9557c91d7dac715fdb10adfb931b24462f4e5d8c5b3ccf9bdce06b3b93a8e1,1187.3288207530454,10.0,[1.	0.	1.	0.	1.	0.	0.	1.	1.	0.	0.	1.	0.	1.	1.	0.	0.	0.	0.	0.	0.	1.	1.	0.	1.],736.0063830556204,28202.65771484375,181,[1.	0.	1.	0.	1.	0.	0.	1.	1.	0.	0.	1.	0.	1.	1.	0.	0.	0.	0.	0.	0.	1.	1.	0.	1.],736.0063830556204,909.997802734375,0.0,P05_UNCORRELATED_SIMILAR_WEIGHTS,25,0.1
18b49533743bcd69b3a6344ceb093e3f3d02d9dc32a67057d76d41b6ec679d56,1429.8647627609223,10.0,[1.	1.	0.	0.	1.	0.	1.	1.	1.	0.	0.	1.	0.	0.	0.	1.	0.	1.	0.	1.	1.	1.	1.	0.	0.],870.5523276473759,11288.252197265623,37,[1.	1.	0.	0.	1.	0.	1.	1.	1.	0.	0.	1.	0.	0.	0.	1.	0.	1.	0.	1.	1.	1.	1.	0.	0.],870.5523276473759,1019.677734375,0.0,P05_UNCORRELATED_SIMILAR_WEIGHTS,25,0.1
79317607ee558eaca142ab54ebd936d8fc2cfd30ca58eec6b317b52ebde0a5a5,1681.017888497369,10.0,[0.	0.	1.	1.	1.	0.	1.	0.	1.	1.	0.	1.	0.	1.	1.	0.	0.	0.	1.	0.	1.	1.	1.	1.	1.],1129.0609982135095,2406.4599609375,11,[0.	0.	1.	1.	1.	0.	1.	0.	1.	1.	0.	1.	0.	1.	1.	0.	0.	0.	1.	0.	1.	1.	1.	1.	1.],1129.0609982135095,533.84619140625,0.0,P05_UNCORRELATED_SIMILAR_WEIGHTS,25,0.1
76c739a15fed17c95c83c87d6fb5d6332708ac4514ab2b901f90cacd5fde54c6,1918.936426601596,10.0,[1.	0.	1.	1.	1.	0.	1.	1.	0.	0.	1.	0.	1.	1.	1.	0.	1.	0.	1.	1.	1.	1.	1.	1.	0.],1222.468333588473,14238.335205078123,49,[1.	0.	1.	1.	1.	0.	1.	1.	0.	0.	1.	0.	1.	1.	1.	0.	1.	0.	1.	1.	1.	1.	1.	1.	0.],1222.468333588473,862.812744140625,1.8599555440081794e-14,P05_UNCORRELATED_SIMILAR_WEIGHTS,25,0.1
c8024dadf19426d97f308934069891e0d2a1d888955b95bca4de6b2444b8dcdb,2152.283219098283,10.0,[1.	1.	1.	0.	1.	1.	1.	1.	0.	0.	1.	1.	0.	1.	1.	1.	1.	0.	1.	1.	1.	1.	1.	0.	1.],1190.5082048215993,18759.103759765625,95,[1.	1.	1.	0.	1.	1.	1.	1.	0.	0.	1.	1.	0.	1.	1.	1.	1.	0.	1.	1.	1.	1.	1.	0.	1.],1190.5082048215993,768.61669921875,0.0,P05_UNCORRELATED_SIMILAR_WEIGHTS,25,0.1
8bf788e9c4f6abb1b458108ecb4f679a1aa60eec5464bc926b3c2e53000f96f8,2382.1409092716194,10.0,[1.	1.	0.	1.	1.	1.	1.	1.	1.	1.	1.	1.	1.	1.	1.	1.	1.	0.	1.	1.	1.	1.	1.	0.	1.],1210.520701685288,17566.051513671875,103,[1.	1.	0.	1.	1.	1.	1.	1.	1.	1.	1.	1.	1.	1.	1.	1.	1.	0.	1.	1.	1.	1.	1.	0.	1.],1210.520701685288,696.101318359375,0.0,P05_UNCORRELATED_SIMILAR_WEIGHTS,25,0.1
4dc210ecc8c778aac832af00fc7fe38cff76cfadd29baf31a7ad5f2267721bcf,238.4200597197812,10.0,[0.	0.	0.	0.	0.	1.	0.	0.	1.	0.	0.	0.	0.	0.	0.	0.	0.	0.	0.	0.	0.	0.	0.	0.	0.],168.67741264528675,10221.8994140625,87,[0.	0.	0.	0.	0.	1.	0.	0.	1.	0.	0.	0.	0.	0.	0.	0.	0.	0.	0.	0.	0.	0.	0.	0.	0.],168.67741264528675,790.35400390625,0.0,P05_UNCORRELATED_SIMILAR_WEIGHTS,25,0.2
929c49ca52011c9b3e31f065b22ac7cd22467f527abed50ced381874af1dccde,474.35276127206834,10.0,[1.	0.	0.	0.	0.	0.	0.	0.	0.	0.	1.	1.	0.	0.	0.	0.	0.	0.	0.	0.	0.	0.	1.	0.	0.],367.4304436364083,460.090087890625,1,[1.	0.	0.	0.	0.	0.	0.	0.	0.	0.	1.	1.	0.	0.	0.	0.	0.	0.	0.	0.	0.	0.	1.	0.	0.],367.4304436364083,847.921142578125,0.0,P05_UNCORRELATED_SIMILAR_WEIGHTS,25,0.2
7385093f186271501253daf367cf5ff16aedb771bb911932bb6950d01494f0a4,709.2974903532443,10.0,[0.	0.	0.	0.	0.	0.	1.	1.	0.	0.	1.	0.	1.	0.	0.	0.	0.	0.	0.	0.	0.	1.	0.	1.	0.],521.4022593830568,350.758544921875,1,[0.	0.	0.	0.	0.	0.	1.	1.	0.	0.	1.	0.	1.	0.	0.	0.	0.	0.	0.	0.	0.	1.	0.	1.	0.],521.4022593830568,565.12158203125,0.0,P05_UNCORRELATED_SIMILAR_WEIGHTS,25,0.2
ce517008db0876463d2998412f74a0bffa3ffe226359821e3557de6802b88ffa,955.6445715092711,10.0,[1.	1.	0.	1.	0.	0.	1.	0.	1.	1.	0.	0.	0.	0.	0.	0.	0.	0.	0.	1.	0.	0.	0.	1.	0.],641.2408285953364,20898.948486328125,91,[1.	1.	0.	1.	0.	0.	1.	0.	1.	1.	0.	0.	0.	0.	0.	0.	0.	0.	0.	1.	0.	0.	0.	1.	0.],641.2408285953364,1134.965087890625,0.0,P05_UNCORRELATED_SIMILAR_WEIGHTS,25,0.2
4620843c3c9aba02c04d518c056c7e5da9ebe6ae906ee46a9fd98f6c1172c490,1187.3288207530454,10.0,[1.	0.	1.	0.	1.	0.	0.	1.	0.	0.	0.	1.	0.	1.	1.	0.	0.	0.	0.	0.	0.	1.	1.	0.	1.],698.3103802320618,27271.109619140625,117,[1.	0.	1.	0.	1.	0.	0.	1.	0.	0.	0.	1.	0.	1.	1.	0.	0.	0.	0.	0.	0.	1.	1.	0.	1.],698.3103802320618,974.16845703125,0.0,P05_UNCORRELATED_SIMILAR_WEIGHTS,25,0.2
131b99acd21e962619e0ecba0dd2c349b5f5d66cc33ba7e193038fd671c735d7,1429.8647627609223,10.0,[1.	1.	0.	0.	1.	0.	1.	1.	1.	0.	0.	0.	0.	0.	0.	1.	0.	1.	0.	1.	1.	1.	1.	0.	0.],820.1559757999803,168102.05029296875,1201,[1.	1.	0.	0.	1.	0.	1.	1.	1.	0.	0.	0.	0.	0.	0.	1.	0.	1.	0.	1.	1.	1.	1.	0.	0.],820.1559757999803,831.383056640625,0.0,P05_UNCORRELATED_SIMILAR_WEIGHTS,25,0.2
57187b9aa9b31597d00895d82f5f2d0346b502b0f98dc1774cf29c7f608a5ec0,1681.017888497369,10.0,[0.	0.	1.	1.	1.	0.	1.	0.	1.	1.	0.	1.	0.	1.	1.	0.	0.	0.	1.	0.	1.	1.	1.	1.	1.],1077.7770833401717,18537.95263671875,117,[0.	0.	1.	1.	1.	0.	1.	0.	1.	1.	0.	1.	0.	1.	1.	0.	0.	0.	1.	0.	1.	1.	1.	1.	1.],1077.7770833401717,565.0751953125,0.0,P05_UNCORRELATED_SIMILAR_WEIGHTS,25,0.2
ff64d0d754d2b48f5b204acca77b02f4ec5dc443e36670116fcfacd77c19a2d4,1918.936426601596,10.0,[1.	0.	1.	1.	1.	0.	1.	1.	0.	0.	1.	0.	1.	1.	1.	0.	1.	0.	1.	1.	1.	1.	1.	1.	0.],1202.530286791677,9450.929443359377,35,[1.	0.	1.	1.	1.	0.	1.	1.	0.	0.	1.	0.	1.	1.	1.	0.	1.	0.	1.	1.	1.	1.	1.	1.	0.],1202.530286791677,737.73583984375,0.0,P05_UNCORRELATED_SIMILAR_WEIGHTS,25,0.2
3ff4218bba14ffaba92e8de6486b41b3071125bc5b131ee82eb7993ed48a7aa2,2152.283219098283,10.0,[1.	1.	1.	0.	1.	1.	1.	1.	0.	0.	1.	1.	0.	1.	1.	1.	1.	0.	1.	1.	1.	1.	1.	0.	1.],1175.3083907804275,10881.644775390623,47,[1.	1.	1.	0.	1.	1.	1.	1.	0.	0.	1.	1.	0.	1.	1.	1.	1.	0.	1.	1.	1.	1.	1.	0.	1.],1175.3083907804275,722.103515625,0.0,P05_UNCORRELATED_SIMILAR_WEIGHTS,25,0.2
c1fb0b5e12d6566d795a349473ae76e36b9c15acc9055b6de79e960911863b09,2382.1409092716194,10.0,[1.	1.	0.	1.	1.	1.	1.	1.	1.	1.	1.	1.	1.	1.	1.	1.	0.	0.	1.	1.	1.	1.	1.	0.	1.],1190.057462752469,7522.302978515625,33,[1.	1.	0.	1.	1.	1.	1.	1.	1.	1.	1.	1.	1.	1.	1.	1.	0.	0.	1.	1.	1.	1.	1.	0.	1.],1190.057462752469,769.069580078125,0.0,P05_UNCORRELATED_SIMILAR_WEIGHTS,25,0.2
1d21134306f895e3933ddc0ca8940889032b6c863b810201c33a31d4ee2c9b52,112.63131849856067,10.0,[1.	0.	0.	0.	0.	0.	0.	0.	0.	0.	0.	0.	1.	0.	0.	0.	0.	0.	1.	0.	0.	0.	1.	1.	0.],112.42489609377122,138172.00952148438,629,[1.	0.	0.	1.	0.	0.	0.	0.	1.	0.	0.	0.	1.	0.	0.	0.	0.	0.	1.	0.	0.	0.	0.	1.	0.],109.51533307384186,2562.14208984375,2.588005967559498,P05_PROFIT_CEILING,25,0.1
999f9e0a7bacc95fc7b78fb5a6a202416b885e35b1c9b99b7b9db840e28e4fff,232.2169282654879,10.0,[1.	0.	0.	0.	1.	0.	0.	1.	0.	0.	0.	0.	1.	0.	0.	1.	0.	1.	0.	0.	0.	0.	0.	1.	1.],234.39650785658,142729.1220703125,645,[1.	0.	0.	0.	1.	0.	0.	1.	0.	0.	0.	0.	1.	0.	0.	1.	0.	1.	0.	0.	0.	0.	0.	1.	1.],234.39650785658,2542.261962890625,0.0,P05_PROFIT_CEILING,25,0.1
dda4727b01dcad7c0e29c14c4f61c0a8c23dfe4bc83b959c57b29932f2bd56d9,300.9566867083967,10.0,[1.	1.	1.	1.	0.	1.	1.	1.	0.	0.	0.	1.	0.	0.	0.	1.	1.	0.	0.	0.	0.	0.	1.	1.	1.],306.45761137541126,282426.98828125,1025,[1.	1.	1.	1.	1.	1.	1.	0.	0.	0.	0.	1.	0.	0.	0.	1.	1.	0.	0.	0.	0.	0.	1.	1.	1.],302.5306059009003,2635.279296875,1.2814188092396157,P05_PROFIT_CEILING,25,0.1
604d99de50e98f6ade088726ea4964734c250eb8dfb2254da3d56422628d33f4,520.5735598916084,10.0,[0.	1.	0.	1.	0.	0.	0.	1.	1.	0.	0.	0.	1.	1.	1.	1.	1.	1.	0.	1.	1.	1.	0.	1.	0.],522.6025724638833,180600.11987304688,677,[0.	1.	0.	1.	0.	0.	0.	1.	1.	0.	0.	0.	1.	1.	1.	1.	1.	1.	0.	1.	1.	1.	0.	1.	0.],522.6025724638833,2403.903076171875,0.0,P05_PROFIT_CEILING,25,0.1
691ab0bae6eb62282d19b4954ec7154f1dee261160dd94b15b8fd356ac5d14e3,464.7722271921675,10.0,[0.	0.	1.	1.	1.	0.	1.	1.	1.	1.	1.	0.	0.	1.	1.	1.	1.	1.	0.	1.	1.	0.	0.	1.	1.],469.476776526412,89095.81616210938,185,[0.	0.	1.	1.	1.	0.	1.	1.	1.	1.	1.	0.	0.	1.	1.	1.	1.	1.	0.	1.	1.	0.	0.	1.	1.],469.4767765264121,2729.611083984375,-1.2107823369109736e-14,P05_PROFIT_CEILING,25,0.1
5079303ab032af1d60a235b825c7fcd858026637eb8a79587ce7c4b34f6c4064,661.4370441737321,10.0,[1.	1.	1.	1.	1.	1.	0.	0.	0.	1.	1.	1.	0.	1.	1.	1.	1.	1.	0.	1.	1.	0.	1.	0.	1.],662.0911123101555,212115.69921875,657,[1.	1.	1.	1.	1.	1.	1.	1.	0.	1.	0.	1.	0.	1.	1.	0.	1.	1.	0.	1.	1.	0.	1.	0.	0.],661.7875610839217,2762.36279296875,0.0458473494946453,P05_PROFIT_CEILING,25,0.1
9a13e449a4a5b76642cf9d1d5414eb41925b9ccb23162c84667cf34a68c0dc67,822.4512923072126,10.0,[1.	0.	1.	1.	1.	0.	1.	1.	1.	1.	1.	1.	1.	1.	1.	0.	0.	1.	1.	1.	1.	1.	0.	0.	0.],820.4772285016788,278731.4724121094,803,[1.	1.	1.	1.	1.	0.	1.	1.	1.	1.	0.	0.	1.	1.	1.	0.	0.	1.	1.	1.	1.	1.	1.	0.	0.],820.1785482451984,2840.31982421875,0.0364032353494915,P05_PROFIT_CEILING,25,0.1
daba8a67ac45217024c5db4bbc85aba23a9a6c44462c76956049329129eeea3d,1016.0004901594976,10.0,[1.	0.	1.	0.	1.	1.	0.	1.	1.	1.	1.	1.	1.	1.	0.	1.	1.	1.	1.	0.	1.	1.	1.	1.	1.],1006.02617869172,78783.89208984375,211,[1.	0.	1.	1.	1.	1.	0.	1.	1.	0.	1.	1.	1.	1.	0.	1.	1.	1.	1.	0.	1.	1.	1.	1.	1.],1005.0167802958672,2495.71826171875,0.1003352017305957,P05_PROFIT_CEILING,25,0.1
836c7ea586eae18286bf980fbd15153784f729f94bbf34c645ce21b01361ec26,928.6541312738166,10.0,[1.	1.	1.	1.	1.	0.	1.	1.	1.	1.	1.	1.	0.	1.	1.	1.	1.	1.	1.	1.	1.	1.	1.	0.	1.],920.8435967446788,7611.21435546875,7,[1.	1.	1.	1.	1.	0.	1.	1.	1.	1.	1.	1.	0.	1.	1.	1.	1.	1.	1.	1.	1.	1.	1.	0.	1.],920.8435967446788,2604.690185546875,0.0,P05_PROFIT_CEILING,25,0.1
933fe2e8421ccb8488939b8ed8193604238a5e19b592dbc65902e6a0d0f4fa29,1015.8717017981576,10.0,[1.	1.	0.	1.	1.	1.	1.	1.	1.	1.	1.	1.	1.	1.	1.	1.	1.	1.	0.	1.	0.	1.	1.	1.	1.],1011.6560347672524,53325.47924804688,117,[1.	1.	1.	1.	1.	1.	1.	1.	1.	1.	1.	1.	1.	0.	1.	1.	1.	0.	0.	1.	0.	1.	1.	1.	1.],1008.0085046104992,2485.41162109375,0.3605504273586899,P05_PROFIT_CEILING,25,0.1
8055068ae21725d7c8ddc4e71da3b86cce4d756bebdcc63b9864f56d870f1b61,112.63131849856067,10.0,[1.	0.	0.	1.	0.	0.	0.	0.	1.	0.	0.	0.	1.	0.	0.	0.	0.	0.	0.	0.	0.	0.	1.	0.	0.],103.84926375247304,52086.564697265625,107,[1.	0.	0.	0.	0.	0.	0.	0.	1.	0.	0.	0.	1.	0.	0.	0.	0.	0.	1.	0.	0.	0.	1.	0.	0.],103.567273449101,2667.678955078125,0.2715380862440881,P05_PROFIT_CEILING,25,0.2
0695b73cb1a24fa4b677f3716c5b6c7702f4cb056ae68e189263d44620c8e7bc,232.2169282654879,10.0,[1.	0.	0.	0.	1.	0.	0.	1.	0.	0.	0.	0.	0.	1.	0.	1.	0.	1.	1.	1.	0.	0.	0.	1.	0.],220.20753401320832,18010.171142578125,33,[1.	0.	0.	0.	1.	0.	0.	1.	0.	0.	0.	0.	0.	1.	0.	1.	0.	1.	1.	1.	0.	0.	0.	1.	0.],220.20753401320832,2949.16064453125,0.0,P05_PROFIT_CEILING,25,0.2
5deabd9cf72aba0db4ec08dbc6afa157420387ec361085673b34554fc2084683,300.9566867083967,10.0,[0.	1.	1.	1.	1.	1.	1.	1.	0.	0.	0.	1.	0.	0.	1.	1.	1.	0.	0.	0.	0.	0.	1.	1.	1.],291.21259188301843,234349.5329589844,833,[1.	1.	1.	1.	1.	1.	1.	0.	0.	0.	0.	1.	0.	0.	0.	1.	1.	0.	0.	0.	0.	0.	1.	1.	1.],290.19703224323666,2793.90087890625,0.3487347965330173,P05_PROFIT_CEILING,25,0.2
3c409cc68fda95fbf95f8a15d3fe646e8960d96465674d5fe32ba3f6b4eaca32,520.5735598916084,10.0,[0.	1.	0.	1.	0.	0.	0.	1.	0.	1.	0.	0.	1.	1.	1.	1.	1.	1.	0.	1.	1.	1.	0.	1.	0.],496.31793589292073,124294.4296875,443,[0.	1.	0.	1.	0.	0.	0.	1.	0.	1.	0.	0.	1.	1.	1.	1.	1.	1.	0.	1.	1.	1.	0.	1.	0.],496.31793589292073,2917.544921875,0.0,P05_PROFIT_CEILING,25,0.2
d5aa1d5e8354eb6d11591cbf6af732faf7f160d9f8b7768b87deafc8f36e239a,464.7722271921675,10.0,[0.	0.	0.	1.	1.	1.	1.	1.	1.	1.	1.	0.	0.	1.	1.	1.	1.	1.	0.	0.	1.	1.	0.	1.	1.],447.9743250059843,216886.28759765625,499,[0.	0.	1.	1.	1.	1.	1.	1.	1.	1.	1.	0.	0.	1.	1.	1.	1.	1.	0.	0.	1.	1.	0.	1.	1.],445.676215678303,2462.594482421875,0.5130002322455971,P05_PROFIT_CEILING,25,0.2
5be739db61540a334b058ee871a0c5555fcb4b6f5851e5ee33d8c21a2b05bb28,661.4370441737321,10.0,[0.	1.	1.	1.	1.	1.	0.	0.	0.	1.	1.	1.	0.	1.	1.	1.	1.	1.	1.	1.	1.	0.	1.	0.	1.],631.3764228785639,159033.55322265625,371,[1.	1.	1.	1.	1.	1.	1.	0.	0.	1.	0.	1.	0.	1.	1.	0.	1.	1.	1.	1.	1.	0.	1.	0.	1.],630.5856694957428,2903.671875,0.1252427797693016,P05_PROFIT_CEILING,25,0.2
9d07702f330ad2f89205fc03568f1baa7ae903c14d9617873ba69521c9d4bcdb,822.4512923072126,10.0,[1.	1.	1.	1.	1.	0.	1.	1.	1.	0.	1.	1.	1.	1.	1.	0.	1.	0.	1.	1.	1.	1.	0.	1.	0.],785.1010885195113,116268.39184570312,299,[1.	1.	1.	1.	1.	0.	1.	1.	1.	0.	1.	1.	1.	1.	1.	0.	1.	0.	1.	1.	1.	1.	0.	1.	0.],785.1010885195113,2856.40380859375,0.0,P05_PROFIT_CEILING,25,0.2
264bba22069e4ba4edbc519a5e944eec8e1f713e35c5c2a7f765bfd9a47bf359,1016.0004901594976,10.0,[1.	0.	1.	0.	1.	1.	0.	1.	1.	0.	1.	1.	1.	1.	1.	1.	1.	1.	1.	0.	1.	1.	1.	1.	1.],967.3606005869784,11351.945068359377,11,[1.	0.	1.	0.	1.	1.	0.	1.	1.	0.	1.	1.	1.	1.	1.	1.	1.	1.	1.	0.	1.	1.	1.	1.	1.],967.3606005869784,2745.6220703125,0.0,P05_PROFIT_CEILING,25,0.2
39a5f0d9c0b6153368c7ca14fb1e195e1145c54f60b6885a3e8d8805bedd4424,928.6541312738166,10.0,[1.	1.	1.	1.	1.	1.	1.	1.	1.	1.	0.	1.	0.	1.	1.	1.	1.	1.	1.	1.	1.	1.	1.	0.	1.],882.4048896365325,27600.9697265625,47,[1.	1.	1.	1.	1.	1.	1.	1.	1.	1.	0.	1.	0.	1.	1.	1.	1.	1.	1.	1.	1.	1.	1.	0.	1.],882.4048896365325,2667.403076171875,0.0,P05_PROFIT_CEILING,25,0.2
c90d1dc5d79ac27ce6fba22d30c5eef1bbf69118c5d603521c8894286fea21ee,1015.8717017981576,10.0,[1.	1.	1.	1.	1.	1.	1.	1.	1.	1.	1.	1.	1.	1.	1.	1.	1.	1.	1.	1.	1.	0.	1.	1.	0.],972.6708841484356,27856.509033203125,37,[1.	1.	1.	1.	1.	1.	1.	1.	1.	1.	1.	1.	1.	0.	1.	1.	1.	1.	0.	1.	1.	1.	1.	1.	0.],972.4194944781252,2588.513427734375,0.0258452961229979,P05_PROFIT_CEILING,25,0.2
a2245035ec3c8feea8cc7c4e6e89b246f1caae7e44d3ee688181f571e981dc52,112.63131849856067,10.0,[1.	0.	0.	1.	0.	0.	0.	0.	1.	0.	0.	0.	1.	0.	0.	0.	0.	0.	1.	0.	0.	0.	0.	1.	0.],321.1086797730016,143072.30297851562,541,[1.	0.	0.	1.	0.	0.	0.	0.	1.	0.	0.	0.	1.	0.	0.	0.	0.	0.	1.	0.	0.	0.	0.	1.	0.],321.1086797730016,2669.33203125,0.0,P05_CIRCLE_INSTANCES,25,0.1
85b78982600aa809a6e46bb93422fd017ca69721e4c9dc362ab13c287b78061c,232.2169282654879,10.0,[0.	1.	0.	0.	1.	0.	0.	1.	0.	0.	0.	0.	0.	1.	1.	0.	0.	1.	1.	1.	0.	0.	0.	1.	0.],546.0595321147075,206978.66137695312,575,[0.	1.	0.	0.	1.	0.	0.	1.	0.	0.	0.	0.	0.	1.	0.	1.	0.	1.	1.	1.	0.	0.	0.	1.	0.],525.467388726335,2634.804931640625,3.771043664163496,P05_CIRCLE_INSTANCES,25,0.1
6a9067a332565a88f6fa28cccfe65de1a33f09bbdf12aa34de2ce00d576ffc12,300.9566867083967,10.0,[1.	1.	1.	1.	1.	1.	1.	1.	0.	0.	0.	1.	0.	0.	1.	1.	1.	0.	0.	0.	1.	0.	0.	1.	1.],796.0930559958072,162413.94799804688,471,[1.	1.	1.	1.	1.	1.	1.	1.	0.	0.	0.	1.	0.	0.	1.	1.	1.	0.	0.	0.	1.	0.	0.	1.	1.],796.0930559958072,2997.904296875,0.0,P05_CIRCLE_INSTANCES,25,0.1
a5653883170194ce9408edcc87e1cb00f64e9c3a458409874640eba471b8a0f9,520.5735598916084,10.0,[0.	1.	0.	1.	0.	0.	0.	1.	0.	1.	0.	0.	1.	1.	1.	1.	0.	1.	0.	1.	1.	1.	0.	1.	1.],1005.8921180395038,56636.26977539063,93,[0.	1.	0.	1.	0.	0.	0.	1.	0.	1.	0.	0.	1.	1.	1.	1.	1.	1.	0.	1.	1.	1.	0.	1.	0.],1002.019860153386,2619.47412109375,0.3849575731505682,P05_CIRCLE_INSTANCES,25,0.1
b4fc5acb7490b73c727eb7c7e30424d3db6966ea62246ef7a2204dbb7d4e6701,464.7722271921675,10.0,[0.	0.	1.	1.	1.	1.	1.	1.	1.	1.	1.	0.	0.	1.	1.	1.	1.	1.	0.	0.	1.	1.	0.	1.	1.],1061.3893719475586,13217.731201171877,15,[0.	0.	1.	1.	1.	1.	1.	1.	1.	1.	1.	0.	0.	1.	1.	1.	1.	1.	0.	0.	1.	1.	0.	1.	1.],1061.3893719475586,2856.82568359375,0.0,P05_CIRCLE_INSTANCES,25,0.1
78be124511d1aac8d0acef094a5227820c4fe97c650f47ad80f2997970c860c2,661.4370441737321,10.0,[0.	1.	1.	1.	1.	1.	0.	0.	1.	1.	0.	1.	0.	0.	1.	1.	1.	1.	1.	1.	1.	1.	1.	0.	1.],1254.8744050548169,201003.33203125,447,[0.	1.	1.	1.	1.	1.	0.	0.	0.	1.	0.	1.	1.	1.	1.	1.	1.	1.	1.	1.	1.	0.	1.	0.	1.],1248.271225282547,2353.2314453125,0.5262024427043296,P05_CIRCLE_INSTANCES,25,0.1
1cc1c56f0755f399ffbb8235ba9d461d577d3ec75b9d1268c1c5415cb1d4ffdc,822.4512923072126,10.0,[1.	1.	1.	1.	1.	0.	1.	1.	1.	0.	1.	1.	1.	1.	1.	0.	1.	0.	1.	1.	1.	0.	0.	1.	1.],1444.5263609088718,81355.13110351562,127,[1.	1.	1.	1.	1.	0.	1.	1.	1.	1.	1.	1.	1.	1.	1.	0.	0.	0.	1.	1.	1.	1.	0.	1.	0.],1441.4707707467592,2290.7333984375,0.2115288612794901,P05_CIRCLE_INSTANCES,25,0.1
20f34d78fd6e42cb4cc50df753e1f796f05a71794a14e64096e77420a0edb6f6,1016.0004901594976,10.0,[1.	0.	1.	0.	1.	1.	1.	1.	1.	0.	1.	1.	1.	0.	1.	1.	1.	1.	1.	0.	1.	1.	1.	1.	1.],1704.416252854738,103420.2705078125,197,[1.	1.	1.	0.	1.	1.	0.	1.	0.	0.	1.	1.	1.	1.	1.	1.	1.	1.	1.	0.	1.	1.	1.	1.	1.],1699.2606695678644,2432.179443359375,0.3024838139297463,P05_CIRCLE_INSTANCES,25,0.1
cad2f68a554b6925d0cfd3258b4a52ffd0e159f16bb3003e6b40f062017bf9a0,928.6541312738166,10.0,[1.	1.	1.	1.	1.	1.	1.	1.	1.	1.	0.	1.	1.	0.	1.	0.	1.	1.	1.	1.	1.	1.	1.	1.	1.],1625.0408868287714,59306.9814453125,93,[1.	1.	1.	1.	1.	1.	1.	1.	1.	1.	1.	1.	0.	1.	0.	1.	1.	1.	1.	1.	1.	1.	1.	0.	1.],1622.4276035001174,2306.43115234375,0.1608133893636218,P05_CIRCLE_INSTANCES,25,0.1
4a0d70833188465d71f4910ff8712fd624f3f4dde9cf9d18e250c3949053fc50,1015.8717017981576,10.0,[1.	0.	1.	1.	1.	1.	1.	1.	1.	1.	1.	1.	1.	1.	1.	1.	1.	1.	1.	1.	1.	1.	1.	1.	0.],1762.7208101653307,41032.81396484375,73,[1.	1.	1.	1.	0.	1.	1.	1.	1.	1.	1.	1.	1.	1.	1.	1.	1.	1.	1.	1.	1.	0.	1.	1.	1.],1754.058598468892,2823.9052734375,0.4914114388668354,P05_CIRCLE_INSTANCES,25,0.1
938101dd0d788c24169f8e97c482cc82eb2026f2e4414152b1fa39a7216f6035,112.63131849856067,10.0,[1.	0.	0.	1.	0.	0.	0.	0.	1.	0.	0.	0.	1.	0.	0.	0.	0.	0.	1.	0.	0.	0.	0.	1.	0.],304.1128245423647,134151.29833984375,329,[1.	0.	0.	1.	0.	0.	0.	0.	1.	0.	0.	0.	1.	0.	0.	0.	0.	0.	1.	0.	0.	0.	0.	1.	0.],304.1128245423647,2557.406982421875,0.0,P05_CIRCLE_INSTANCES,25,0.2
1d5784462496901348c807d066bf3cebde0ae44286232244d41c1944f8a8604a,232.2169282654879,10.0,[0.	1.	0.	0.	1.	0.	0.	1.	0.	0.	0.	0.	0.	1.	1.	1.	0.	1.	0.	1.	0.	0.	0.	1.	0.],530.1311637325811,78458.6904296875,141,[0.	1.	0.	0.	1.	0.	0.	1.	0.	0.	0.	0.	0.	1.	0.	1.	0.	1.	1.	1.	0.	0.	0.	1.	0.],524.7864092808655,2792.920166015625,1.0081947294107048,P05_CIRCLE_INSTANCES,25,0.2
2d595ad36533a74033d915460ae6bb303e1edb998dbb61126459b7d4d5379080,300.9566867083967,10.0,[1.	1.	1.	1.	1.	1.	1.	0.	0.	0.	0.	1.	0.	0.	1.	1.	1.	0.	0.	0.	1.	0.	0.	1.	1.],760.6912615429391,133550.36840820312,263,[1.	1.	1.	1.	1.	1.	1.	1.	0.	0.	0.	1.	0.	0.	1.	1.	1.	0.	0.	0.	1.	0.	0.	1.	1.],760.4537183433921,2479.60009765625,0.0312272812316976,P05_CIRCLE_INSTANCES,25,0.2
010d83c15341bfdc422ff294ae0ef40073ca2f814dc08f40404964c09789c697,520.5735598916084,10.0,[0.	1.	0.	1.	0.	0.	0.	1.	0.	1.	0.	0.	1.	1.	1.	1.	1.	1.	0.	1.	1.	1.	0.	1.	0.],985.756740961524,1495.16796875,1,[0.	1.	0.	1.	0.	0.	0.	1.	0.	1.	0.	0.	1.	1.	1.	1.	1.	1.	0.	1.	1.	1.	0.	1.	0.],985.756740961524,2594.89404296875,0.0,P05_CIRCLE_INSTANCES,25,0.2
4313f3e9b079fbcc3d48d27c49d5ce56bcb4eaf7425aa2efde5d51969d97ed89,464.7722271921675,10.0,[0.	0.	1.	1.	1.	1.	1.	1.	1.	1.	1.	0.	0.	1.	1.	1.	1.	1.	0.	0.	1.	1.	0.	1.	1.],1040.3485525464478,1679.005859375,1,[0.	0.	1.	1.	1.	1.	1.	1.	1.	1.	1.	0.	0.	1.	1.	1.	1.	1.	0.	0.	1.	1.	0.	1.	1.],1040.3485525464478,2776.833251953125,0.0,P05_CIRCLE_INSTANCES,25,0.2
687f32d98e94fc885876cacf43bfaa700c8e9c8136bbf336960e3482af0785dc,661.4370441737321,10.0,[1.	1.	1.	1.	1.	1.	0.	0.	0.	1.	0.	1.	0.	1.	1.	1.	1.	1.	1.	1.	1.	0.	1.	0.	1.],1233.5286842775945,25285.91064453125,31,[0.	1.	1.	1.	1.	1.	0.	0.	1.	1.	0.	1.	0.	1.	1.	1.	1.	1.	1.	1.	1.	0.	1.	0.	1.],1233.5178802418775,2306.22802734375,0.0008758641655018,P05_CIRCLE_INSTANCES,25,0.2
45205de5c9b5da86ee7be8461f710fba1afc4dd79861668eca78198b70a53072,822.4512923072126,10.0,[1.	1.	1.	1.	1.	0.	1.	1.	1.	0.	1.	1.	1.	1.	1.	0.	1.	0.	1.	1.	1.	1.	0.	1.	0.],1418.4000001668028,1245.52392578125,1,[1.	1.	1.	1.	1.	0.	1.	1.	1.	0.	1.	1.	1.	1.	1.	0.	1.	0.	1.	1.	1.	1.	0.	1.	0.],1418.4000001668028,2164.7333984375,0.0,P05_CIRCLE_INSTANCES,25,0.2
a56dc2d6d8ea5c7d252b06e362f4a796bf0544a746e743ff0963c21616425083,1016.0004901594976,10.0,[1.	0.	1.	0.	1.	1.	0.	1.	1.	0.	1.	1.	1.	1.	1.	1.	1.	1.	1.	0.	1.	1.	1.	1.	1.],1676.4965870141707,1211.7568359375,1,[1.	0.	1.	0.	1.	1.	0.	1.	1.	0.	1.	1.	1.	1.	1.	1.	1.	1.	1.	0.	1.	1.	1.	1.	1.],1676.4965870141707,3028.146484375,0.0,P05_CIRCLE_INSTANCES,25,0.2
8c7fa86603df0f94efd47da71ab857427a2026498af0e0377777e6319f265629,928.6541312738166,10.0,[1.	1.	1.	1.	1.	1.	1.	1.	1.	1.	0.	1.	1.	0.	1.	1.	1.	1.	1.	1.	1.	1.	1.	0.	1.],1601.765050066366,1561.795654296875,1,[1.	1.	1.	1.	1.	1.	1.	1.	1.	1.	0.	1.	1.	0.	1.	1.	1.	1.	1.	1.	1.	1.	1.	0.	1.],1601.765050066366,2620.32763671875,0.0,P05_CIRCLE_INSTANCES,25,0.2
b75d5dc0efe181de84ae865bf57135394e7d20caee25bcb4258c8610bba1b97a,1015.8717017981576,10.0,[1.	1.	1.	1.	0.	1.	1.	1.	1.	1.	1.	1.	1.	1.	1.	1.	1.	1.	1.	1.	1.	1.	1.	1.	0.],1733.114336671536,16797.77783203125,15,[1.	1.	1.	1.	0.	1.	1.	1.	1.	1.	1.	1.	1.	1.	0.	1.	1.	1.	1.	1.	1.	1.	1.	1.	1.],1732.788895828866,2917.15966796875,0.0187778056983313,P05_CIRCLE_INSTANCES,25,0.2
