instanceID, capacity, shortageCost, simulatedSolutionValue, simulationRuns, milpSolutionValue, milpOptimalityGap, piecewisePartitions, piecewiseSamples, milpMaxLinearizationError, simulatedLinearizationError,cplexSolutionTimeMs, simplexIterations, exploredNodes,instance,n_items,corr_coeff,coeff_of_var
79e28671ef77a7f5ef2813638e030b608083754934992a3ae21718c5ba0151ab,12.621430623637876,10.0,32.5049574429016,100000,33.14982753760459,0.0,10,100000,0.0894074912460959,-1.983913056449221,500.0,36,5,P05_UNCORRELATED,25,0.75,0.1
793eeeb46510fc6eadb3e7c45b40a96324668eeacb7cebe992cee4356c92a9d4,27.794665945486333,10.0,48.94976592087604,100000,48.91189640514727,0.0,10,100000,0.1806660210399431,0.0773640384511455,2562.000000005355,52,11,P05_UNCORRELATED,25,0.75,0.1
0d2f7dd78013c32750b62b5cd61003d66296f95fd5e7cc99902a5cdbe2d79409,36.26366729715312,10.0,56.53387580108021,100000,56.48222321601807,0.0,10,100000,0.2035072569740128,0.0913657242321061,2467.9999999934807,136,59,P05_UNCORRELATED,25,0.75,0.1
78539f78d3109c26088b5fc7526988840413f899485dc507bb69ec54ae64e862,54.44630327171269,10.0,79.66952878711449,100000,79.53955672112768,0.0,10,100000,0.2100403356536223,0.16313899173937,2296.0000000020955,110,39,P05_UNCORRELATED,25,0.75,0.1
d36bac5dd7893199f9da66b0f0493822dcbbe040537ab750f9c03f13ca76de18,56.50656495776749,10.0,91.76185552956382,100000,91.6475375608826,0.0,10,100000,0.2015804287760811,0.1245811432446343,2467.9999999934807,98,32,P05_UNCORRELATED,25,0.75,0.1
c23d5d944b2137bf14438b36e734b55ff76787f49229cc5252834547bbadac4d,73.96608160813751,10.0,103.62576168456629,100000,103.46452374099556,0.0,10,100000,0.1995000073782568,0.155596389304759,2467.9999999934807,80,22,P05_UNCORRELATED,25,0.75,0.1
6524101c41d1f9eaf68b499476373e221c472a8ea6a7896685bf0478f1af0522,92.55281938618496,10.0,119.65554565042046,100000,119.4452466353983,2.8457652716411458e-06,10,100000,0.2202218064854505,0.1757536718244196,2562.000000005355,216,92,P05_UNCORRELATED,25,0.75,0.1
6ce6ad5f7f56e1171371041333f04e124a8b194c01d0d1f3b0ea45e7dfe27a82,107.25274208920996,10.0,135.2275912797777,100000,135.08256360384698,0.0,10,100000,0.2090648250606219,0.1072471043506695,2639.999999999418,102,31,P05_UNCORRELATED,25,0.75,0.1
e2b4b42fd3d1ab06d611bb8dadce34e7b3869f30dc65541f6472643cfe29b2f3,115.38170983579587,10.0,129.96929435723595,100000,129.9311405987644,0.0,10,100000,0.2346311415559483,0.029355978779646,2639.999999999418,99,28,P05_UNCORRELATED,25,0.75,0.1
aabcb1820fdb1c9ceedb9c3c0c61bfc4cb8f5c1c28bcadf3f8d261266111f609,123.69269143427805,10.0,127.25837482069927,100000,126.9425893684922,1.7536565239408433e-05,10,100000,0.2638656257904038,0.2481451241633461,2467.9999999934807,50,12,P05_UNCORRELATED,25,0.75,0.1
851b5ba960b279fda8a52b937206f455f35af970ed7a78e538bbd81b744195f3,12.621430623637876,10.0,32.01483643398896,100000,32.00648078210187,0.0,10,100000,0.1784144112767005,0.0260993114999102,547.0000000059372,115,24,P05_UNCORRELATED,25,0.95,0.1
8e59ef9bf40662af539f8b83d3444eaecb42dabec5edfb8d3e24f7e8be7370e2,27.794665945486333,10.0,47.64804585967805,100000,47.59553111005187,0.0,10,100000,0.2717536527936071,0.1102138580474651,547.0000000059372,119,22,P05_UNCORRELATED,25,0.95,0.1
0c9bf24ffdb66891899d8ac097376ec33f4622a1cce91092ce69806239207554,36.26366729715312,10.0,55.04506961527838,100000,54.9380386671603,0.0,10,100000,0.292620646791245,0.1944423885120718,2485.000000000582,98,25,P05_UNCORRELATED,25,0.95,0.1
8905f3dcbb58f003190303aaf6756a4584a881c1ed788f9008880f2ce605939f,54.44630327171269,10.0,77.18960521585836,100000,77.19606015018007,0.0,10,100000,0.3165972253893317,-0.0083624398695374,2485.000000000582,8291,4078,P05_UNCORRELATED,25,0.95,0.1
5410706c48b2b9d6959933f3350031b0666eb02ee57e70c634bb0061105848e7,56.50656495776749,10.0,89.55938415636766,100000,89.54581864828009,0.0,10,100000,0.2901313464368957,0.015146942127116,1827.9999999940628,177,68,P05_UNCORRELATED,25,0.95,0.1
ce8602907d60d4d6933d974dc304067d8f8b8eab3d41cc79e86fab8334c0c5b2,73.96608160813751,10.0,100.9370898108938,100000,100.91164387094535,0.0,10,100000,0.3220939468543719,0.0252097023959173,2422.000000005937,97,29,P05_UNCORRELATED,25,0.95,0.1
944ebb0318f38ca220c0e0cc2892877e9336390bd54c8b8dfadc0b302c05b265,92.55281938618496,10.0,115.73832827696695,100000,115.52267615063822,0.0,10,100000,0.3405450795051146,0.1863273208963839,218.99999999732245,168,69,P05_UNCORRELATED,25,0.95,0.1
a4c6c7b3605d645d3935961fde363025ff9de6229f5b26187930f4bbb5859a20,107.25274208920996,10.0,132.33631301632522,100000,132.42118757400274,0.0,10,100000,0.3519422944060679,-0.0641355012414866,2485.000000000582,106,29,P05_UNCORRELATED,25,0.95,0.1
486d2e545f68c82e30e92dfd10c2fc4667dffdadb1aa1526a6e7bf5aa25a357c,115.38170983579587,10.0,127.22043502941374,100000,126.8077037800282,0.0,10,100000,0.379094829770034,0.324422133354681,2485.000000000582,127,40,P05_UNCORRELATED,25,0.95,0.1
35cbcb5b76909d7531c923fa7735bdcf5fa2e5f223f45a969bafc93533962f45,123.69269143427805,10.0,124.1197736911652,100000,123.99072793371494,0.0,10,100000,0.4064728823346248,0.1039687340804879,2297.000000005937,80,34,P05_UNCORRELATED,25,0.95,0.1
5b9eb319c9e2520166d3fa28d3ae1edfffbbfb04f69a96064ada880b5fb8f5f7,12.621430623637876,10.0,31.100106977733752,100000,31.046195503821338,0.0,10,100000,0.245551171452996,0.1733481944322976,1952.9999999940628,86,16,P05_UNCORRELATED,25,0.75,0.2
67c5c190484478d3b006f6fd9ed1d89d59c35c642a6ea148edb4dcbab6076be3,27.794665945486333,10.0,45.45962769759336,100000,45.33323384771331,0.0,10,100000,0.3907597529875118,0.2780353827814937,1937.999999994645,186,61,P05_UNCORRELATED,25,0.75,0.2
00389ccbbefc2c52ef8592e301ed6c52c1d681cdad8fa55f5eb2eafe71c47084,36.26366729715312,10.0,53.394806982929566,100000,53.18589621432238,0.0,10,100000,0.3922775024010238,0.3912567165454347,1031.9999999919671,266,85,P05_UNCORRELATED,25,0.75,0.2
3ab02a90098652b9c95edd976c88c04620590cab26820c0caf4b38d7b72c6077,54.44630327171269,10.0,74.94837576498317,100000,74.65954531688985,0.0,10,100000,0.4005565903163215,0.3853725249483882,296.99999999138527,497,133,P05_UNCORRELATED,25,0.75,0.2
194d171ba6fd8f0ba3ae0b7dda5ed07e67e603a2799615d044ead466779ec387,56.50656495776749,10.0,87.93262957435084,100000,87.70041451354257,0.0,10,100000,0.3382570086497033,0.2640829256811027,1781.0000000026776,247,79,P05_UNCORRELATED,25,0.75,0.2
496c7e950ac82e870a5cd6be4d511a2bd317fb34d97b134b15e922418b045199,73.96608160813751,10.0,98.9961879634397,100000,98.9024813089346,0.0,10,100000,0.3873928208508631,0.0946568311698072,750.0,247,82,P05_UNCORRELATED,25,0.75,0.2
87a8569c1d246f842c4dff52b4202553853e9efd5a86369391f54e377461b965,92.55281938618496,10.0,112.922410077781,100000,112.87763409997838,5.832659526123497e-06,10,100000,0.4201613533754068,0.0396519856171931,1952.9999999940628,227,99,P05_UNCORRELATED,25,0.75,0.2
25a829e9ede163da4d0afeb194c12cfa4260d65c054da7ceae459b7dd0f833b5,107.25274208920996,10.0,130.66326219047673,100000,130.20991222476863,0.0,10,100000,0.4113087229753777,0.3469605443090962,1781.0000000026776,276,76,P05_UNCORRELATED,25,0.75,0.2
0e791a767b176f7aa1a9e4a4cf815a94876821e27f6b8a8ba0ad111ca0cd05e5,115.38170983579587,10.0,125.23308837605556,100000,125.04650911441752,0.0,10,100000,0.4716573710304372,0.148985594827592,1531.9999999919671,334,92,P05_UNCORRELATED,25,0.75,0.2
1275a1f2fd029b9fc75e3dd322becd9e10db4686b109020b3d1049893b35cad7,123.69269143427805,10.0,123.32202111032042,100000,122.84485521073653,0.0,10,100000,0.4892239904304903,0.3869267591365823,1952.9999999940628,141,28,P05_UNCORRELATED,25,0.75,0.2
4dca5ec87f6c09c37e6a8689945757d8d534b9425e3eadfd082a1237675775e1,12.621430623637876,10.0,30.637082450887537,100000,30.6282980356188,0.0,10,100000,0.3332051733582695,0.0286724928289781,235.00000000058208,82,10,P05_UNCORRELATED,25,0.95,0.2
4c01917bdbd94608665f96460dcb9806b78ac9eabb880968ef1a33b2614414d3,27.794665945486333,10.0,42.60972465323398,100000,42.58507957129305,0.0,10,100000,0.5257390720106885,0.0578391016170561,2187.999999994645,410,127,P05_UNCORRELATED,25,0.95,0.2
28f96a869feb7a4ee0e292110023f4dfa5c10f578fb791b1168996beaf39a571,36.26366729715312,10.0,50.36478904685547,100000,50.33096701666877,0.0,10,100000,0.5784627869288418,0.0671541186348123,2312.999999994645,364,101,P05_UNCORRELATED,25,0.95,0.2
f605207ac2288dcbc7c3b6db34152d6f0fc574fa09c2bd5868aa4a8e04b92eee,54.44630327171269,10.0,70.78418786825134,100000,70.57151151354957,0.0,10,100000,0.6144705057697717,0.3004574342190927,2312.999999994645,388,98,P05_UNCORRELATED,25,0.95,0.2
e0ef08c1d174fe42c808fb2dc1674ccaf0b268a2777160f9ef96ba5601cb7eee,56.50656495776749,10.0,84.45991732238524,100000,84.09958365794557,2.155463302790647e-06,10,100000,0.5219632508309237,0.4266327458790468,2186.999999990803,233,53,P05_UNCORRELATED,25,0.95,0.2
07bc0a6ac58b0c7d674d5dc829ba0d57b10764a72dd576c851e453f0025bd566,73.96608160813751,10.0,94.40824321179504,100000,94.35523543024104,0.0,10,100000,0.6059571861389746,0.0561474080553365,2171.9999999913853,251,67,P05_UNCORRELATED,25,0.95,0.2
91edb16ae01724c0b999346f06d649a9ff21fb9921e31ca295a4cfed41c9dbeb,92.55281938618496,10.0,106.08172622628274,100000,105.80314204405244,4.5807399853824215e-06,10,100000,0.6682348067930043,0.262612791232353,1889.999999999418,351,130,P05_UNCORRELATED,25,0.95,0.2
c83afd35eee41dade86209803727ab642ceaa1dc3c02e3029996936496627a74,107.25274208920996,10.0,125.17560312071062,100000,124.56438263585224,2.9417345839887063e-06,10,100000,0.6398554962476836,0.4882904253067271,1235.000000000582,472,118,P05_UNCORRELATED,25,0.95,0.2
7602525919ad5334045ea5e769092cf93b1e83eca928b8679cc8b2d7745cae51,115.38170983579587,10.0,118.4595201263507,100000,118.12427239480056,2.87369833810411e-07,10,100000,0.7508084161731468,0.283006153657001,2327.999999994063,282,70,P05_UNCORRELATED,25,0.95,0.2
6b501a5cd38b9bdbcbd5524b1fbaec774332d15c4805655d92c07edb79c6c91e,123.69269143427805,10.0,117.50860948547933,100000,116.94780041563986,0.0,10,100000,0.7740719162760152,0.4772493456394363,2031.9999999919676,331,79,P05_UNCORRELATED,25,0.95,0.2
231c1856be19fd3538a7293f42ae56b2319d83e757b503f165a3a4a99120294c,12.305326475075764,10.0,45.87702414846504,100000,46.64326041349024,0.0,10,100000,0.0540817706914556,-1.6701960932460265,593.9999999973224,23,3,P05_WEAKLY_CORRELATED,25,0.75,0.1
62c2b88e0e839395cdff2cf0d7554fc323a4127f0f9fb3b16d43a629e810f7fc,22.372030599406965,10.0,100.84101287106564,100000,100.82838199784752,0.0,10,100000,0.0685001373809796,0.0125255318828105,2000.0,80,8,P05_WEAKLY_CORRELATED,25,0.75,0.1
8c7b190a7bd065af55db7e48bc72d8d008ea04da56b0bdc65f917a699696a400,31.549559499738063,10.0,118.11880472423157,100000,118.07815523540587,0.0,10,100000,0.082937572208052,0.0344140705796861,1437.999999994645,44,13,P05_WEAKLY_CORRELATED,25,0.75,0.1
8dc61e1bf28661ecfe8b78545df20d9f5732763b27846a2f3b45e34ed7b15345,50.98920526743489,10.0,127.59148406670712,100000,127.49685723379037,0.0,10,100000,0.1162289854999455,0.074163909612719,250.0,525,184,P05_WEAKLY_CORRELATED,25,0.75,0.1
a849ddf6182758a9d6a3de265278b4f2f55875007586ff0388521517a585197c,57.232302314104594,10.0,149.1709860219666,100000,149.00092836085028,0.0,10,100000,0.1094911632449445,0.1140018348415789,2078.9999999979045,60,13,P05_WEAKLY_CORRELATED,25,0.75,0.1
25dcd1929d35a583c6a36732afe2b463ace83a6a2d2c5ad76f192074a1922a1a,73.24192284846679,10.0,170.59111049347555,100000,170.5520947203857,3.598905058179958e-06,10,100000,0.119942322494978,0.0228709297788117,2078.9999999979045,127,36,P05_WEAKLY_CORRELATED,25,0.75,0.1
ebb5b0bd433ae9cbc84b46025691d6d7fa212c5627be848a063d587a5e74ddf4,97.0070087385414,10.0,177.7820310989169,100000,177.7755354544831,0.0,10,100000,0.1556295481100293,0.0036537125791805,1766.0000000032596,227,99,P05_WEAKLY_CORRELATED,25,0.75,0.1
5598f6f1199b32e254238259422538b2a13f0f673c620af8cbd21d7096a05753,108.8609657596181,10.0,195.7863989233797,100000,195.5622570851693,8.174580066281338e-05,10,100000,0.1553645058913393,0.1144828442848591,2078.9999999979045,555,217,P05_WEAKLY_CORRELATED,25,0.75,0.1
7fa2e50a033da442550c302b5b603e263011f98ec919967007efb7f83e5f5017,116.6003517339092,10.0,208.5302928601631,100000,208.40382635252467,1.0740302658112551e-06,10,100000,0.1486513054736252,0.0606465880346786,2078.9999999979045,110,49,P05_WEAKLY_CORRELATED,25,0.75,0.1
ffdc2cee1bb9e15dc369979feb21d5bf23d6f1a68fa3508c0fc015c7dc58fa3e,121.19954561718488,10.0,226.4629155136741,100000,226.23772060095968,0.0,10,100000,0.1497519897999629,0.0994400836903545,2000.0,155,48,P05_WEAKLY_CORRELATED,25,0.75,0.1
cb57f47e6827b8648a8b388016507b20bd1b8b97390e05f23579ed3ae5dff4b6,12.305326475075764,10.0,44.56184967108181,100000,44.54835236214974,0.0,10,100000,0.1308616161472705,0.0302889333178324,328.00000000861473,53,7,P05_WEAKLY_CORRELATED,25,0.95,0.1
77e967398881f7ce10f80b9445942c2b8751b804305063436c5b9391b35d1618,22.372030599406965,10.0,98.82964346330589,100000,98.8448233329635,0.0,10,100000,0.1074897901269957,-0.015359632116098,797.0000000059372,71,6,P05_WEAKLY_CORRELATED,25,0.95,0.1
f5f6cbff70bbf1c73015279a639267be1ec0eb0e492d7fa9bd1f9f3c0ae86240,31.549559499738063,10.0,114.4160376182449,100000,114.4623467499674,0.0,10,100000,0.1343845199272206,-0.0404743361914193,2625.0,95,29,P05_WEAKLY_CORRELATED,25,0.95,0.1
6bd1eb3452f0968c33404cf31808591c5fea4a04f419deb5769a8f7bdc6e29dd,50.98920526743489,10.0,124.078626892729,100000,123.94301539512452,1.351557292222252e-05,10,100000,0.1892881863851205,0.1092948084618262,2625.0,145,47,P05_WEAKLY_CORRELATED,25,0.95,0.1
eb230d79edd81fc893330c6cf779d976e09a684213c8c761e5c2dd4437f1c5d7,57.232302314104594,10.0,144.7306086044833,100000,144.53811660559143,0.0,10,100000,0.1789806069143031,0.133000199990792,2625.0,137,58,P05_WEAKLY_CORRELATED,25,0.95,0.1
d96c9a8fcc565783b4db1cf954c1334eeda73e1f8f24e7aaaba1e5aab14612fd,73.24192284846679,10.0,167.10836276925397,100000,166.8285013272617,0.0,10,100000,0.1975666461639501,0.1674730320820056,2483.9999999967404,118,25,P05_WEAKLY_CORRELATED,25,0.95,0.1
f36798a79980688578c608b9ca1d9c43b5219c90a02594e0a38065bdbdc61770,97.0070087385414,10.0,172.86450401154582,100000,172.6886025704593,1.1377387447371617e-05,10,100000,0.2548545563610568,0.1017568309308744,2203.0000000086147,144,49,P05_WEAKLY_CORRELATED,25,0.95,0.1
544a30d27ebb1672ce19b8c72a67bff2ecffb536ebd56c8adefd8e61fdf760db,108.8609657596181,10.0,189.63793524417463,100000,189.427840275978,9.962372340423264e-05,10,100000,0.2496377795667423,0.1107874159914933,2625.0,932,335,P05_WEAKLY_CORRELATED,25,0.95,0.1
ba7fed7492fe6d1a6ee7b517aa951173d72c03da4fed5b0da6adf595566076ea,116.6003517339092,10.0,204.1427195001328,100000,203.8222091130936,0.0,10,100000,0.2505701646869263,0.1570030946114488,2516.00000000326,98,26,P05_WEAKLY_CORRELATED,25,0.95,0.1
c370bea4ac228a5f41426bfd318e735bd1bddad5d3b3011a31723bc90f8df6a4,121.19954561718488,10.0,218.7825895086256,100000,218.35720216871192,0.0,10,100000,0.2376931709541386,0.1944338170917054,797.0000000059372,294,98,P05_WEAKLY_CORRELATED,25,0.95,0.1
ccfec37e60990c7e16867637aefd9abdda417746a434ab9ee59ea2b1d598da72,12.305326475075764,10.0,43.39826885991601,100000,43.428904954267125,0.0,10,100000,0.1741719959583113,-0.0705928949608702,422.0000000059372,42,7,P05_WEAKLY_CORRELATED,25,0.75,0.2
4fac81ce189b4d6c3c4e4424c0ed1e86f87a77bb03acab2c5d900a2145ab1868,22.372030599406965,10.0,96.8414399832189,100000,96.68025691080382,0.0,10,100000,0.1446781932035144,0.1664401855683015,2547.000000005937,110,18,P05_WEAKLY_CORRELATED,25,0.75,0.2
64d438139e2eb96e9e6923cdc64803341fa8c0e8cf3ed94465e0dd1a5753dc9d,31.549559499738063,10.0,112.30298531911846,100000,112.22865390843582,0.0,10,100000,0.1530483651427475,0.0661882767153758,2844.0000000118744,211,92,P05_WEAKLY_CORRELATED,25,0.75,0.2
5926d58ad8020117f522fc19f956626503cf378c8119ecdae3e9a12917aeb276,50.98920526743489,10.0,120.87664495900889,100000,120.6372484184349,8.515980093102683e-05,10,100000,0.2455304867327992,0.1980502856074264,733.9999999967404,375,166,P05_WEAKLY_CORRELATED,25,0.75,0.2
65a3866b8a9b8dec64bb5bdbb13cd26b46f1753f90ddf43f30ea6727755e500f,57.232302314104594,10.0,141.44988564524076,100000,141.14925035291404,0.0,10,100000,0.2057801981581086,0.2125383777832926,2937.000000005355,275,75,P05_WEAKLY_CORRELATED,25,0.75,0.2
235670690d1f87d750ffaa32bec58d3d54aede3230b60e94d1813346462c45c0,73.24192284846679,10.0,163.89502920317096,100000,163.79306216259295,0.0,10,100000,0.2501808367993566,0.0622148463402063,2828.0000000086147,99,33,P05_WEAKLY_CORRELATED,25,0.75,0.2
8798571a4d2ed3fc986d89e65e7dbf92dbcd6672434cfb49e7aa59cc08dbb021,97.0070087385414,10.0,168.3630662660497,100000,168.30518492723036,6.0727293200294816e-05,10,100000,0.3189171433552108,0.0343788813681331,2937.000000005355,2129,775,P05_WEAKLY_CORRELATED,25,0.75,0.2
54ee652f4a507ed4d21b77f5a44ccba28eb24b6b83f0429a6f4193ad550a4a6f,108.8609657596181,10.0,187.46327752690632,100000,187.43238674593096,8.80057696297162e-06,10,100000,0.297887644572134,0.0164783105165412,2953.0000000086147,741,209,P05_WEAKLY_CORRELATED,25,0.75,0.2
13764fd5e4e5c804f595faeae980ed651714fa72811c61380e596af9871339c3,116.6003517339092,10.0,200.07629392630656,100000,199.90560187124373,0.0,10,100000,0.3098744809741363,0.0853134830284791,2437.000000005355,123,31,P05_WEAKLY_CORRELATED,25,0.75,0.2
7a6cef9c3731099a77d05fd8cda6741b97a381f578b5a52cdacf2fd947539e1f,121.19954561718488,10.0,216.36096365802425,100000,216.45846642202773,3.31447606422536e-05,10,100000,0.2912332171784626,-0.0450648593697554,2547.000000005937,251,82,P05_WEAKLY_CORRELATED,25,0.75,0.2
716b73fcebe85e42f98df561c9e81da0583f61393342b1ad7d663446cae6a4ff,12.305326475075764,10.0,40.64572954411387,100000,40.65411052127479,9.206275599028032e-05,10,100000,0.2881851306265917,-0.0206195761643843,1797.0000000059372,62,14,P05_WEAKLY_CORRELATED,25,0.95,0.2
2953ee5b10a14050b48f35899c436cb39f6f58631a93848bda181f4f86f1a3df,22.372030599406965,10.0,92.1254506150012,100000,91.99029576440353,0.0,10,100000,0.224802037936531,0.1467073970281113,1514.999999999418,260,59,P05_WEAKLY_CORRELATED,25,0.95,0.2
52a0934cec637cfd466e30b4083a96543642874ac8e39c0ae296d1f4f1f139df,31.549559499738063,10.0,109.5041956399931,100000,109.29842196500655,0.0,10,100000,0.2370560858453211,0.1879139641946091,2764.999999999418,223,68,P05_WEAKLY_CORRELATED,25,0.95,0.2
74923d5882bce4070cf64ac88a422682146f2b0593e4db64937257717b958fd4,50.98920526743489,10.0,115.40838358559284,100000,115.31887578429723,3.23979669950136e-05,10,100000,0.3546855530637374,0.0775574516466671,2234.0000000112923,201,56,P05_WEAKLY_CORRELATED,25,0.95,0.2
5b892a75162cf8f989eaf1ceec6cf145021c9002b59a9476b3e7d69a42178fbb,57.232302314104594,10.0,136.67636289630894,100000,136.32801398865757,0.0,10,100000,0.3389809442065171,0.2548713620040342,2609.0000000112923,227,45,P05_WEAKLY_CORRELATED,25,0.95,0.2
fa6054d19d00a6fcaf552f5c5da829840fe90272482d63db64315cd40fbc170c,73.24192284846679,10.0,155.5686211338247,100000,155.22596198133456,0.0,10,100000,0.3797299062924343,0.2202623832446114,2703.0000000086147,366,84,P05_WEAKLY_CORRELATED,25,0.95,0.2
e46767df28baa279a3a06f544a7c92c87d7d77524c093a78e4d2958a8fe196ae,97.0070087385414,10.0,160.71056393228338,100000,160.16522970280732,7.017247829256299e-07,10,100000,0.502663753197894,0.3393269341683321,2828.0000000086147,268,80,P05_WEAKLY_CORRELATED,25,0.95,0.2
e95c662894c0cdb91a31f353e181ca05c7741a6a3e0c4bff0e4541e2cbc1a34d,108.8609657596181,10.0,177.25828901409545,100000,177.15493302554577,0.0,10,100000,0.4840941601067655,0.0583081271541897,2389.999999999418,452,179,P05_WEAKLY_CORRELATED,25,0.95,0.2
d300399ab74229ba99f6e2cf198517d069af38f6493fbaa0456a76515b825170,116.6003517339092,10.0,188.1542625351892,100000,187.52770490317783,1.093528802267054e-06,10,100000,0.5095766559507457,0.333002092840801,2609.0000000112923,562,214,P05_WEAKLY_CORRELATED,25,0.95,0.2
7b01953dbb46d57a827639f5744260cda6b9a6a0c5e989354eed143d80eeeb52,121.19954561718488,10.0,204.7616508989477,100000,204.78096841240463,0.0,10,100000,0.4668828080683286,-0.0094341461753997,2828.0000000086147,174,43,P05_WEAKLY_CORRELATED,25,0.95,0.2
925b9b1370b6c2da49013d133a1d4e703a3744134cc82a348b794820919df87a,12.305326475075764,10.0,15.599005552621492,100000,16.365241817646694,0.0,10,100000,0.1590556969567009,-4.9120840584381416,344.0000000118744,77,5,P05_STRONGLY_CORRELATED,25,0.75,0.1
4506ebe16d2ae4d4fb2320cba452a79b423e6a1d2aa072541d27f4b6198cb8b0,25.242861247275755,10.0,31.09175212613591,100000,31.11318630213765,9.79828558196539e-05,10,100000,0.2274120196216789,-0.0689384628913298,3953.000000008615,35009,10242,P05_STRONGLY_CORRELATED,25,0.75,0.1
bcf2fb43af041533f10edca8d8bf154fd17a038f7d39d7c2f3bda1c1b0c34cfb,33.558045899110446,10.0,43.54774116160666,100000,43.49874374365723,0.0,10,100000,0.2218684362773326,0.1125142582426931,3469.0000000118744,2659,1158,P05_STRONGLY_CORRELATED,25,0.75,0.1
47c569e39b0d37b58fe94277b6ef9c6b4dd0f3ba4a4e1bd06dc4d714a554c382,55.589331890972666,10.0,63.82555335277029,100000,63.77724539245676,3.592792930709107e-05,10,100000,0.24579916426823,0.0756874915702281,3157.0000000065197,5540,1965,P05_STRONGLY_CORRELATED,25,0.75,0.1
a1ef341854c2ddef712e46193b63c6926420d848638d84547757902ccf69665a,52.58259916623011,10.0,64.08306947105808,100000,64.08514297009236,4.835552573758448e-05,10,100000,0.2333158803694225,-0.0032356425049491,3907.0000000065193,52139,26404,P05_STRONGLY_CORRELATED,25,0.75,0.1
f08b345cd620be89146e1fd4e45e5d300929cd13714b01a95733e12ce8b4225f,72.52733459430624,10.0,83.4085306969709,100000,83.4384617454157,9.50791804020157e-05,10,100000,0.2430329148626261,-0.0358848767562348,1360.000000000582,6713,2102,P05_STRONGLY_CORRELATED,25,0.75,0.1
745e25e3cb50383aa48ded9f192af82abe4e507c75f487fe6412bf71924b2ed2,89.23110921801106,10.0,99.99219932377252,100000,99.96920532514854,8.746109570319872e-05,10,100000,0.2410993545666392,0.0229957924512892,1782.0000000065193,10909,3316,P05_STRONGLY_CORRELATED,25,0.75,0.1
790d9e7340dd188c510b89b020afa0fc2136ea79935fddf97847a69cf6de0a21,108.8926065434254,10.0,119.01578211809004,100000,119.0472082709056,8.270738519728769e-05,10,100000,0.2469378096953178,-0.0264050298676855,3953.000000008615,13191,5917,P05_STRONGLY_CORRELATED,25,0.75,0.1
425005c07dbb6c7975b34db55e55b4a59377a8b716207e7963610879417d9cde,103.01814416538828,10.0,115.53069398075144,100000,115.5163474770559,9.054777520012549e-05,10,100000,0.244593770065968,0.012417915275346,891.0000000032596,2498,962,P05_STRONGLY_CORRELATED,25,0.75,0.1
14f49b84d813ea78411d9c1c30c86ebaa61553d1ef291e29ae08424cf3025760,113.01312991553498,10.0,126.93288868487032,100000,126.82755283032134,0.0,10,100000,0.2381976513954284,0.0829854702278892,1141.0000000032596,13664,5108,P05_STRONGLY_CORRELATED,25,0.75,0.1
ffa8d154ab456e7d74b6e49f2d6c760e952afeca03f83bb12c86b3302b3f6b3e,12.305326475075764,10.0,14.706567620758808,100000,14.778448775234132,0.0,10,100000,0.311075005229813,-0.4887690746674415,3312.999999994645,431,234,P05_STRONGLY_CORRELATED,25,0.95,0.1
67935bc31238bafd4a99fdd8a57574387c6ec54ff3f947dcefca87d048a3f4a1,25.242861247275755,10.0,29.915227771872512,100000,29.896340458545204,0.0,10,100000,0.3691616317197025,0.0631361174026126,702.9999999940628,113,39,P05_STRONGLY_CORRELATED,25,0.95,0.1
c5acaea1f80b87dcc14a920a16239e2972f5fac9f524de5a4d9c7162ec814c96,33.558045899110446,10.0,41.23953551861047,100000,41.25198731364844,5.574116925646653e-05,10,100000,0.3476206216676519,-0.0301938294924517,3796.999999991385,105047,40374,P05_STRONGLY_CORRELATED,25,0.95,0.1
98fd13b945e0d35cd27e78d94b6864c0fd064fd2a8afb4783d1b150113b8c29f,55.589331890972666,10.0,60.94910793663704,100000,60.78452379042314,6.801961344306922e-05,10,100000,0.4148016555263401,0.2700353652181422,3281.999999991968,21185,9993,P05_STRONGLY_CORRELATED,25,0.95,0.1
d3164ed71d53414f43cdf0171090b701041d36da92d107eef4ce1014ff4d910f,52.58259916623011,10.0,61.51429822377919,100000,61.52754525325639,1.431242032571309e-05,10,100000,0.381297491853132,-0.0215348786537423,2828.9999999979045,37837,18863,P05_STRONGLY_CORRELATED,25,0.95,0.1
d923f6de227f11fb32ade3af8fd897fed928a2fc7e069c0a77873e6e8b94ef1d,72.52733459430624,10.0,80.07967440845736,100000,80.07746580133929,5.437076776796679e-05,10,100000,0.3901215230910668,0.0027580121103049,3485.000000000582,12028,5953,P05_STRONGLY_CORRELATED,25,0.95,0.1
450602600668e442e8c8323bfbc26ca56b8ae85f27edee46e672f2498ca7cc7b,89.23110921801106,10.0,95.61802922742204,100000,95.52207754447136,0.0,10,100000,0.4043714560465608,0.1003489443632433,2375.0,6422,2221,P05_STRONGLY_CORRELATED,25,0.95,0.1
52b945132727eb6151f3b6253e4a2a310b064ed25d9987280768023e876b30d9,108.8926065434254,10.0,113.46788935912068,100000,113.55737088972856,1.0088056037875014e-05,10,100000,0.4194734115519669,-0.0788606636761038,1485.000000000582,339,144,P05_STRONGLY_CORRELATED,25,0.95,0.1
982f39bb821b2552aaebabc0c062c702b4097d068994b86fe258fdce4c35dd23,103.01814416538828,10.0,110.55774284277592,100000,110.54483727452715,9.89909544007248e-05,10,100000,0.4045261788036493,0.0116731473679845,3437.999999994645,5119,2276,P05_STRONGLY_CORRELATED,25,0.95,0.1
dd78185cf75278b193ad8128640bf51da3432605dea07cf03902f332d236400a,113.01312991553498,10.0,120.35589700497252,100000,120.45373276804742,3.238231144836445e-05,10,100000,0.4029216991741335,-0.0812887158082958,1077.9999999940628,4246,1834,P05_STRONGLY_CORRELATED,25,0.95,0.1
070af9beff935049bd42ef9b738d5e4780b4bec666804cc745013c09ff22505b,12.305326475075764,10.0,14.199743717540564,100000,14.206363413361506,0.0,10,100000,0.4878442770433129,-0.0466184175758319,750.0,709,310,P05_STRONGLY_CORRELATED,25,0.75,0.2
597e625c6fcfbc1cde52f615fd240834a2890031c0a1d10960431f8b9a2a9c2b,25.242861247275755,10.0,29.084821166405277,100000,29.010346263192066,0.0,10,100000,0.4767631815979878,0.256061066310541,2546.9999999913853,15660,4995,P05_STRONGLY_CORRELATED,25,0.75,0.2
750b0faf3016f6518081b4fb9228a946c88f5b732c6c8e05a0951e9be54c3cf3,33.558045899110446,10.0,40.37049112065812,100000,40.31231960061312,0.0,10,100000,0.4287790444388791,0.1440941599425837,2765.999999988708,4353,1676,P05_STRONGLY_CORRELATED,25,0.75,0.2
d0608645abbefd8dfd7200f27e7a3a471448bdfa3210e41fc149a0e2b7b5ac61,55.589331890972666,10.0,59.02717133739698,100000,58.889318252023365,4.424577641450695e-05,10,100000,0.4856893153150416,0.2335417439972702,2905.9999999881256,56625,24136,P05_STRONGLY_CORRELATED,25,0.75,0.2
ca5033846d62eaa61ef379b69409a163c50f84b6693a813da929a762a28a76ee,52.58259916623011,10.0,60.091187676564864,100000,59.96839434223921,9.83079456235866e-05,10,100000,0.473114009911451,0.2043449947878882,2905.9999999881256,32352,15408,P05_STRONGLY_CORRELATED,25,0.75,0.2
fd4c979ca00cdc12a30e7817342f3de4b4e672e532a097b2512ac767832114d7,72.52733459430624,10.0,77.65999623334872,100000,77.50184778507037,8.01882823591206e-05,10,100000,0.5106706487336503,0.2036421014020622,2108.9999999967404,9078,2778,P05_STRONGLY_CORRELATED,25,0.75,0.2
52acb6fe317084bf9c554f0b462a9ea2be72479f8e427071e18b63963c7ccbb7,89.23110921801106,10.0,92.67060409007186,100000,92.69049243091452,9.944605487815216e-05,10,100000,0.4867673474333034,-0.0214613264237758,2765.999999988708,12224,4800,P05_STRONGLY_CORRELATED,25,0.75,0.2
524ad88e8d69e5701b88ebe4723394eea05550a9846962256c08674ce37a9278,108.8926065434254,10.0,110.31003781836856,100000,110.3635383262394,9.913483371913173e-05,10,100000,0.49923338025168,-0.0485001264879702,2827.999999994063,14197,4784,P05_STRONGLY_CORRELATED,25,0.75,0.2
42b37e8fcef96308187a86fee8c0a5502ade057df285a5cbea610b7ebd1f3171,103.01814416538828,10.0,107.68907714883238,100000,107.56872007823878,9.856469791058809e-05,10,100000,0.5069053358946896,0.1117634896501699,1733.9999999967404,8863,3118,P05_STRONGLY_CORRELATED,25,0.75,0.2
931a4357c82f8d1a9da9087dc34ae6c7e1db927d59ffceb39265dc9462cf6ebc,113.01312991553498,10.0,117.8630374469403,100000,117.93992020402465,1.106836167554186e-06,10,100000,0.4815414027126301,-0.0652305920072351,1062.999999994645,4871,1611,P05_STRONGLY_CORRELATED,25,0.75,0.2
6e7ca0083cc98a0693d3dbfd0eda7a262263589ff199eb61690417ed488976bc,12.305326475075764,10.0,13.45020911172148,100000,13.46228329393922,0.0,10,100000,0.6993081709853732,-0.0897694758308061,2218.9999999973224,270,81,P05_STRONGLY_CORRELATED,25,0.95,0.2
7e504183d633a5d1e350d5f59f43235f00a1b2b9657c1f24247e63ef343f0b17,25.242861247275755,10.0,26.28149607123254,100000,26.268200264813,8.385365390336238e-05,10,100000,0.7480559731986186,0.0505899907048881,547.0000000059372,907,381,P05_STRONGLY_CORRELATED,25,0.95,0.2
94318a85f4399b8d345128a0a7c9fa30cf6c14a9dccc669b20ee3235346b1ed3,33.558045899110446,10.0,37.379816621314696,100000,37.13282336328663,0.0,10,100000,0.7296969380964375,0.6607663716766935,2218.9999999973224,18986,7499,P05_STRONGLY_CORRELATED,25,0.95,0.2
0ef7f1e1ef8b1b3c533504556fc947c9d697c5ca519fb0aaacd4ed81c0f527f3,55.589331890972666,10.0,54.06895126563634,100000,54.10247659800508,0.0,10,100000,0.8231096707036436,-0.0620047764640975,2093.9999999973224,26747,8144,P05_STRONGLY_CORRELATED,25,0.95,0.2
70a16b5cd7972d479fe333b42dee12560d0a6b888f270a89e6ed2f9dc1d221a4,52.58259916623011,10.0,54.914502003645794,100000,54.98763543264218,6.748078803487012e-05,10,100000,0.7642669620462363,-0.1331768955885825,2453.0000000086147,21588,7269,P05_STRONGLY_CORRELATED,25,0.95,0.2
1d86e3253192a2d54f5addd2ba8b6c6fa64fd77653098ada57654752f1ae94b1,72.52733459430624,10.0,71.49813542850117,100000,71.49551505094024,6.035246807910491e-07,10,100000,0.7882708835339258,0.0036649592961074,2453.0000000086147,17880,6352,P05_STRONGLY_CORRELATED,25,0.95,0.2
0b2a969cd27eb25a6d2153a7ecc8c2f8183fbbcb97e3f59e76dfd093e2759d1d,89.23110921801106,10.0,84.98124090591905,100000,85.06733978504363,0.0,10,100000,0.8294933586008957,-0.1013151587417929,1812.000000005355,5315,1745,P05_STRONGLY_CORRELATED,25,0.95,0.2
d2c40cc6d9e4fad538be3271f454110326229b87086d10fb35d2c81cc4ce9e59,108.8926065434254,10.0,100.35942248978452,100000,100.51682691322004,2.351712974991125e-05,10,100000,0.842214856411027,-0.1568407026769656,1187.000000005355,5795,1854,P05_STRONGLY_CORRELATED,25,0.95,0.2
71d9420b2f13f5f1f1d0a2aa538feea65ef0ccfe66efe3eef8a6bea62acf0bf5,103.01814416538828,10.0,98.75210993880276,100000,98.85406150213406,2.0809607508014743e-05,10,100000,0.8153613671589823,-0.1032398835776548,1547.0000000059372,3468,1177,P05_STRONGLY_CORRELATED,25,0.95,0.2
fa94f8e250158af5afa645d8b61d9bcbcb995dc620989f2f01655a7e825c1932,113.01312991553498,10.0,107.17561708007555,100000,107.32401226861084,2.6219976926516595e-05,10,100000,0.8265492081302329,-0.1384598405665241,2437.000000005355,6091,2326,P05_STRONGLY_CORRELATED,25,0.95,0.2
8a058e5e273aeb3676b0f88c504895a72838fe03ffbf6e3a329c68aa54a7cf09,14.578053747803038,10.0,10.89971699139119,100000,10.939878447246173,7.701245244553164e-05,10,100000,0.4972732903575379,-0.3684632902551849,452.9999999940628,1694,740,P05_INVERSE_STRONGLY_CORRELATED,25,0.75,0.1
98b7608cdbccbadb69c8d442de28001c03575e522564b6dee3307a690beedfed,29.7883157927303,10.0,23.77363904705464,100000,23.763598033834143,1.0114592643181988e-05,10,100000,0.4178541906576009,0.0422359118039262,4139.999999999418,52070,18168,P05_INVERSE_STRONGLY_CORRELATED,25,0.75,0.1
23d876a776bfd43a7053f5aeaaead236bb96f767104bfdbabeffb402718bdf5f,40.37622771729226,10.0,32.42474624541134,100000,32.3922933526686,9.49196958301859e-05,10,100000,0.4051640318004824,0.1000868056055552,3891.00000000326,75367,28523,P05_INVERSE_STRONGLY_CORRELATED,25,0.75,0.1
29181fe178e97bb2892d84b43476cf20af0f9860c3ea1e4f101f115a63bef12f,64.68024098188175,10.0,53.06629730545317,100000,53.073763347325816,9.946504812412933e-05,10,100000,0.3513823170686864,-0.0140692723098271,5906.000000002678,296649,132804,P05_INVERSE_STRONGLY_CORRELATED,25,0.75,0.1
d9ff31daf449a857e69cab96c3b25bcf8c23d965f7ec6fa19f6ca466625fd6b6,63.94623552986648,10.0,51.41928556394254,100000,51.41782910058572,0.0,10,100000,0.3568116122856385,0.0028325235188377,733.9999999967404,2887,1192,P05_INVERSE_STRONGLY_CORRELATED,25,0.75,0.1
395ab3e8e5ceb932d38f9995017fbcb05742a15a57601ced87670be189c31365,86.16369823066987,10.0,69.89907960529524,100000,69.87584730918974,9.968888781592468e-05,10,100000,0.341969973904645,0.0332369127557793,4718.999999997322,162194,46049,P05_INVERSE_STRONGLY_CORRELATED,25,0.75,0.1
f4d0503194c4425a0bd28d32dde529e012d5dc5303b138a8bdb9d3739448e6bb,105.14020012710196,10.0,85.043971615669,100000,84.98768056564693,9.848972302993712e-05,10,100000,0.3525841596847552,0.0661905235052507,4500.0,891,327,P05_INVERSE_STRONGLY_CORRELATED,25,0.75,0.1
d93aead74c3734f20b1a81d50792eaf1d48dc6e7669e79ce299440b146d706c3,127.07442472524356,10.0,101.63769840904642,100000,101.67647169926197,9.965364683117424e-05,10,100000,0.3405512732108841,-0.0381485323088343,4311.999999990803,19404,7654,P05_INVERSE_STRONGLY_CORRELATED,25,0.75,0.1
5044933c4666b02072b9a2a5efd91c16c209fbb23187dc617bb938463b4de16c,123.47268961993372,10.0,97.8174947851195,100000,97.81342657933756,5.574979176443099e-05,10,100000,0.3614456402160895,0.0041589756422107,4577.999999994063,14620,7068,P05_INVERSE_STRONGLY_CORRELATED,25,0.75,0.1
ed293aac7db60158bdc4df92bbc08637c44916f0c9723372255d8497ff3e650a,135.7404026428077,10.0,106.632223658291,100000,106.59931183778126,8.34968314113161e-05,10,100000,0.3428335909764919,0.0308647980700529,4577.999999994063,6912,3431,P05_INVERSE_STRONGLY_CORRELATED,25,0.75,0.1
6bb708ea2211a88e4995608869a3e1d8f8a97584588f8f85c2d30f8233714a00,14.578053747803038,10.0,10.52815816755082,100000,10.557988816648937,0.0,10,100000,0.6358604950103507,-0.2833415743131592,500.0,723,387,P05_INVERSE_STRONGLY_CORRELATED,25,0.95,0.1
7e90af52b3f069b85e8f3b7d99196d2bbd46d7c4f90bbf3c7a0373ddb47d05b6,29.7883157927303,10.0,22.841046424926187,100000,22.857384989018424,3.100795355964798e-07,10,100000,0.5712881460133458,-0.0715315918031102,1592.9999999934807,17559,5942,P05_INVERSE_STRONGLY_CORRELATED,25,0.95,0.1
3dbe8dc2f607c694073d81b866d37d3025dc9ada3bad57de9bcf49e13b776fa1,40.37622771729226,10.0,31.00088181710153,100000,31.02303492621924,7.329575518785384e-05,10,100000,0.5738997965450501,-0.0714596095956507,3827.999999994063,64151,27776,P05_INVERSE_STRONGLY_CORRELATED,25,0.95,0.1
4c5ef981bd5ad119a1ad4081c095121085aa5f52ad72d4537a0aa94e005d13c0,64.68024098188175,10.0,50.43278946574063,100000,50.4382083288524,9.896038793992536e-05,10,100000,0.5411171736452552,-0.0107447221721736,11983.99999999674,1133839,408044,P05_INVERSE_STRONGLY_CORRELATED,25,0.95,0.1
f23df9ded8fff18f584a113f3670158dcf4fdbbaf77adb81a004fca3cf26afc8,63.94623552986648,10.0,49.59965674614046,100000,49.60617545048876,9.873871133308184e-05,10,100000,0.5586181842746438,-0.0131426400421801,12702.999999994065,1411105,546839,P05_INVERSE_STRONGLY_CORRELATED,25,0.95,0.1
9093036603f3ffbef6ef535d7389a0a01e437b35fbb0f91949c499592b610a78,86.16369823066987,10.0,66.6759367513535,100000,66.63729976508542,0.0,10,100000,0.5725893995037092,0.0579474217395283,3437.000000005355,32840,13744,P05_INVERSE_STRONGLY_CORRELATED,25,0.95,0.1
3331d31a4e5e819183e19c322f1eae3fe66199581b5a1252b700643efe345e06,105.14020012710196,10.0,80.57317069771481,100000,80.61916679703292,9.77568614165252e-05,10,100000,0.557362149252301,-0.057086122985858,1171.0000000020957,1336,626,P05_INVERSE_STRONGLY_CORRELATED,25,0.95,0.1
50a2cb9cd31eb62a2260ce9a4c3d15eeb45328d0d10debe8cd135077805b0cca,127.07442472524356,10.0,96.53927276474002,100000,96.59762764449827,9.901223884542352e-05,10,100000,0.5663764273808622,-0.0604467778625973,4092.9999999934807,18593,8418,P05_INVERSE_STRONGLY_CORRELATED,25,0.95,0.1
f0cef60b5e6913739cacce3254afb1c92b54a2295246d441c0013109e3a505c1,123.47268961993372,10.0,92.87925659870982,100000,92.9126989359834,3.5304590024004216e-05,10,100000,0.5901766819473486,-0.0360062499402723,3217.9999999934807,10760,4878,P05_INVERSE_STRONGLY_CORRELATED,25,0.95,0.1
0e2fe39c9d97683282604a279560dbec1631be4b4b5037f146dd80fce1210249,135.7404026428077,10.0,100.98367893585524,100000,101.08251050999591,7.618937041666019e-05,10,100000,0.581510947465006,-0.0978688587919906,2764.999999999418,5327,2879,P05_INVERSE_STRONGLY_CORRELATED,25,0.95,0.1
4185d631ee30d55b34401709247341c9b6ca878f516d86fa8e585ba463cb34e4,14.578053747803038,10.0,9.469118274014471,100000,9.426531653179298,0.0,10,100000,1.0979266932352774,0.4497421998840313,985.000000000582,3247,943,P05_INVERSE_STRONGLY_CORRELATED,25,0.75,0.2
0367db6d041be405c349e604a28e188cdc13da17e7942a46eada6c3f9087ee99,29.7883157927303,10.0,21.22254208158187,100000,21.25400078139063,9.196395439801013e-05,10,100000,0.8689708832977484,-0.1482324769946424,9969.000000011874,342195,117196,P05_INVERSE_STRONGLY_CORRELATED,25,0.75,0.2
b04b62843677f25c2847133ab3f4005bfe243c3eff85638fcba8c8b0fde1ccf5,40.37622771729226,10.0,29.168335233056546,100000,29.10714882820517,9.583354652442976e-05,10,100000,0.8083882159341645,0.2097699589726118,9985.000000000582,343215,141375,P05_INVERSE_STRONGLY_CORRELATED,25,0.75,0.2
3ec3dbaede13ff55ad8bb69d8babf405786512c2ac1786bab37e59ce68aa294d,64.68024098188175,10.0,48.28098608261714,100000,48.295583223968094,9.96497532271931e-05,10,100000,0.7149502443608682,-0.0302337266392529,3016.00000000326,30235,9473,P05_INVERSE_STRONGLY_CORRELATED,25,0.75,0.2
9d863b60c38ff821869b5cadc87cb0828afad3bab9d29e1ec7c330a4dde13470,63.94623552986648,10.0,47.14064854764175,100000,47.15394193013468,9.893100731010824e-05,10,100000,0.7587296935249033,-0.0281994051895525,18547.000000005937,1957095,709611,P05_INVERSE_STRONGLY_CORRELATED,25,0.75,0.2
d3ff010afb360daac6491173296f7df9853003d8638b7cb14c5ff7dcb44f4598,86.16369823066987,10.0,64.10033441490707,100000,64.12563000622312,5.322899031257285e-05,10,100000,0.7280869202364298,-0.0394624950820369,3282.0000000065197,53292,15996,P05_INVERSE_STRONGLY_CORRELATED,25,0.75,0.2
5fa17754faa819f883436f70b8e0b62c1fea622acd574af47650072143eb3e25,105.14020012710196,10.0,77.90770403507832,100000,77.89664102519258,9.973436083813764e-05,10,100000,0.6945562947849151,0.0142001487821594,4844.000000011874,9203,3242,P05_INVERSE_STRONGLY_CORRELATED,25,0.75,0.2
1ed60e62351c942f639ffca5090f392297d3d8cb3d99b911de7a736303ac612f,127.07442472524356,10.0,93.57406823162044,100000,93.56910754887636,9.784449152026413e-05,10,100000,0.6893014958987739,0.0053013434574531,6422.000000005937,97076,25170,P05_INVERSE_STRONGLY_CORRELATED,25,0.75,0.2
1401864cd8dbd6bb2a1e64a6139e0f9344c61165a1d9d8557ae35a5d616ee1eb,123.47268961993372,10.0,89.55857165923614,100000,89.52567552688093,8.539786443424902e-05,10,100000,0.7367290932826449,0.0367314169327894,1782.0000000065193,10388,4534,P05_INVERSE_STRONGLY_CORRELATED,25,0.75,0.2
dbdfcab7e02c52d65d1c4e778522dfdacc6c71ca14f1f1cdd7477867cc020b06,135.7404026428077,10.0,98.53424993553308,100000,98.17726781821258,9.697406910343362e-05,10,100000,0.6973452947650417,0.3622924186808578,1328.0000000086147,5251,2294,P05_INVERSE_STRONGLY_CORRELATED,25,0.75,0.2
4745e3b0dd5563d8ef62a9f0b536ebcb76de244d56cc7739d34983dbe302c520,14.578053747803038,10.0,9.281837473740325,100000,9.208505884354434,0.0,10,100000,1.3292287265445653,0.7900546588254193,3000.0,1447,463,P05_INVERSE_STRONGLY_CORRELATED,25,0.95,0.2
7830faa9b3721fbba243f5b72b9ad4da681761cd2dde34ea188ff68ca24dfd65,29.7883157927303,10.0,19.757009923506285,100000,19.72857535330273,1.0000573560623828e-05,10,100000,1.170428177934529,0.1439214249202776,5077.999999994063,3228,941,P05_INVERSE_STRONGLY_CORRELATED,25,0.95,0.2
5352af01b09b3f0b6a4abd4e1ab8e5f80fc3a91c841f825f2764a86b3322c024,40.37622771729226,10.0,27.06115367251382,100000,27.00109467403192,0.0,10,100000,1.2553790649337082,0.2219380563324075,3406.0000000026776,21909,8308,P05_INVERSE_STRONGLY_CORRELATED,25,0.95,0.2
74350eaeaab6a8892e96f021880a32d891da1af444609159325362bf188e803f,64.68024098188175,10.0,44.48487280026402,100000,44.31516728517108,9.060225987498316e-05,10,100000,1.117426557685122,0.3814903908007482,5671.000000002096,112246,36028,P05_INVERSE_STRONGLY_CORRELATED,25,0.95,0.2
3d64aab61a245785652e5b04ef0d6cd77a54746eaef4da9cc67259112a196e27,63.94623552986648,10.0,42.963745178305054,100000,43.01490917435689,7.75012314151949e-05,10,100000,1.155626076111915,-0.1190864433244741,3937.000000005355,16460,5545,P05_INVERSE_STRONGLY_CORRELATED,25,0.95,0.2
5002aa9882d6b5cf9e069136f6518312cc9671c14772a2363efd1475cdd8aa6c,86.16369823066987,10.0,58.50435292149277,100000,58.15430475044846,8.448328189629112e-05,10,100000,1.1459027830439472,0.5983284209878159,6108.99999999674,147530,61222,P05_INVERSE_STRONGLY_CORRELATED,25,0.95,0.2
2b24c0e5f5076c31268f60df2661577d64df9bb33080f532e603d4873cdffd19,105.14020012710196,10.0,70.59519194285558,100000,70.55916731813555,7.089011306736658e-05,10,100000,1.1490766129035073,0.0510298558989523,4952.999999994063,1965,827,P05_INVERSE_STRONGLY_CORRELATED,25,0.95,0.2
fc8e06262ac7d3b050763065cd753699c046a4faa9987d1333b372940c5f2797,127.07442472524356,10.0,84.68598410689582,100000,84.62673770064016,9.620332386214782e-05,10,100000,1.1835894591556682,0.0699601083703161,5437.000000005355,35715,10916,P05_INVERSE_STRONGLY_CORRELATED,25,0.95,0.2
95974f8aad0d5e4dd69be8d2da53a8ad512e516fc533ffc1caf62787340f8951,123.47268961993372,10.0,81.13212401326416,100000,81.18152805065387,0.0,10,100000,1.2365421900229523,-0.0608933119779157,2468.9999999973224,8681,3661,P05_INVERSE_STRONGLY_CORRELATED,25,0.95,0.2
f620c5ced736cf3429cafc61da09b13b41b1b8c47594e7ddfbe2af800d46e11a,135.7404026428077,10.0,88.74989946433398,100000,88.89304965483217,7.468860718566922e-05,10,100000,1.1935478049952597,-0.1612961720094319,3687.000000005355,9285,3766,P05_INVERSE_STRONGLY_CORRELATED,25,0.95,0.2
2af140ebe1e41e31e81a2c877b354ced78d3aea2563de8db1bf16270cacde8da,12.305326475075764,10.0,15.595375807964414,100000,16.361612072989615,0.0,10,100000,0.1590927163638198,-4.913227321100472,296.99999999138527,71,7,P05_ALMOST_STRONGLY_CORRELATED,25,0.75,0.1
52733ff345512bb6e58b9d279eb7792e0c51560f42de993f8a0c885d9a371f63,22.372030599406965,10.0,30.352683456844424,100000,30.32453878325207,7.939881818359447e-05,10,100000,0.2196239820470147,0.0927254871298965,4468.999999997322,14199,3925,P05_ALMOST_STRONGLY_CORRELATED,25,0.75,0.1
6bdd27c5e3d88dafa0e3e3b5dbb54c8a352a6a9f70cf9a0c18d47a7ade57f124,31.549559499738063,10.0,40.76687406806746,100000,40.76393178136043,4.021080178773286e-05,10,100000,0.2224136630755964,0.0072173468638279,1765.9999999887075,749,396,P05_ALMOST_STRONGLY_CORRELATED,25,0.75,0.1
926e2391285a50ecabf9e2b8b497d58f81fbd40c6b54bddeeae21cf691156839,50.98920526743489,10.0,59.774834099011045,100000,59.64493764363424,9.66009051467587e-05,10,100000,0.2371266033635614,0.2173096041749628,4093.9999999973215,51047,25950,P05_ALMOST_STRONGLY_CORRELATED,25,0.75,0.1
c0c3572930f5ab46a055a68cacfd7a672c2376cf7a295818382268f5e8c0690c,57.232302314104594,10.0,68.29693307030402,100000,68.12687540918768,9.902298495306982e-05,10,100000,0.2391455084099838,0.2489975076059276,4500.0,58794,27491,P05_ALMOST_STRONGLY_CORRELATED,25,0.75,0.1
58f18b78d1ec9d9e54e2e57452e6d2a842f7106cb57e965b5978652b8b24a627,73.24192284846679,10.0,84.24561466618162,100000,84.19065850576953,4.957717253549728e-05,10,100000,0.2379221851970124,0.0652332594757011,2046.9999999913853,9288,3818,P05_ALMOST_STRONGLY_CORRELATED,25,0.75,0.1
5fe510f22ef1fa74107aba492f8b9ef00f7354a0849c3eda2a95e076af5e624a,97.0070087385414,10.0,107.14208298911949,100000,107.14398106849792,9.995513814356291e-05,10,100000,0.2421600855430606,-0.0017715535534376,4593.999999997322,161727,64754,P05_ALMOST_STRONGLY_CORRELATED,25,0.75,0.1
703bdfe67af0c60dce8ee74f2538d134c55d1c09c2b426d06a577fff566d42fb,108.8609657596181,10.0,119.77559656500694,100000,119.55314411316633,8.291184738126916e-05,10,100000,0.2537806885153658,0.1857243530570857,5437.999999994645,369471,119095,P05_ALMOST_STRONGLY_CORRELATED,25,0.75,0.1
85e956fac548499d6f239796b4aa98d4f6ccfc5dd5cb272f22ced35fc8b70709,116.6003517339092,10.0,128.10956706746416,100000,128.17684452790678,8.74000442861403e-05,10,100000,0.2458250908961289,-0.0525155630314447,1233.9999999967404,5641,1776,P05_ALMOST_STRONGLY_CORRELATED,25,0.75,0.1
0311d9103028c8dada78300b6f74601480fb36ce68bab3331fd3046aa7c7a3b5,121.19954561718488,10.0,134.2018469376003,100000,134.03781883987497,0.0,10,100000,0.2472449776561626,0.1222249182617887,843.9999999973224,3524,1398,P05_ALMOST_STRONGLY_CORRELATED,25,0.75,0.1
dfe71e185e04aa055e3296888f3e9f2deed9bb5493c28f6f9c71c3bec253ba44,12.305326475075764,10.0,14.72083100230861,100000,14.792712156783937,0.0,10,100000,0.3107735968725331,-0.4882954940794548,3577.999999994063,458,192,P05_ALMOST_STRONGLY_CORRELATED,25,0.95,0.1
e94697e23157944cb978d982409ee2c5fe137e7321fb41f9191161aed221143d,22.372030599406965,10.0,28.70082804613469,100000,28.622551567024583,7.637692017248504e-05,10,100000,0.3604958454152938,0.2727324765135029,1733.9999999967404,8073,2220,P05_ALMOST_STRONGLY_CORRELATED,25,0.95,0.1
0dbcc569a820fdeeadcf15425f156f6b7ed1172c9e94518b7d7446716931a453,31.549559499738063,10.0,39.29006593853827,100000,39.280307999309954,0.0,10,100000,0.3578132445694295,0.0248356397354475,483.9999999967404,2903,1151,P05_ALMOST_STRONGLY_CORRELATED,25,0.95,0.1
4a5b52b5aac97008696f836be3733aa239cccf645ea415ae427af89bef042ae1,50.98920526743489,10.0,56.50439142415721,100000,56.500298736410656,7.66175334459071e-05,10,100000,0.384363224493725,0.0072431321591171,3562.000000005355,40515,17806,P05_ALMOST_STRONGLY_CORRELATED,25,0.95,0.1
88aad6bc21421c4a9889d618d6cea8345b635c52e7b885a0f01369e21ed2637e,57.232302314104594,10.0,64.82068506057391,100000,64.85405785421217,7.742750125344388e-05,10,100000,0.3801583426193944,-0.0514847900898888,3639.999999999418,31976,18268,P05_ALMOST_STRONGLY_CORRELATED,25,0.95,0.1
474275910a2e7bf0866c2fc7c6e4bf5060ff32287620b517d63e5389c8779553,73.24192284846679,10.0,80.24741613521537,100000,79.96755469322311,6.612966976552202e-05,10,100000,0.4114155990099483,0.348748228255357,3375.0,17263,6615,P05_ALMOST_STRONGLY_CORRELATED,25,0.95,0.1
7dd32be4032b8da2054463795f411ecce1f29e6d4d97bfd46329d993a468582e,97.0070087385414,10.0,101.5656297363437,100000,101.63801598074735,9.977240497869882e-05,10,100000,0.4060092360295625,-0.0712704136149039,3077.999999994063,8387,2752,P05_ALMOST_STRONGLY_CORRELATED,25,0.95,0.1
de01e48b0eb551566f7a001051de864181550974d3feccbe13d51bdfb07ef455,108.8609657596181,10.0,113.9223412288715,100000,113.97946571506986,7.87760966259911e-05,10,100000,0.4087514103244801,-0.0501433569413726,2639.999999999418,11264,4088,P05_ALMOST_STRONGLY_CORRELATED,25,0.95,0.1
b812998b014e2352aedf48a1943bc2c33c53ca33da28da302fe55eb032a0fede,116.6003517339092,10.0,122.21388449346044,100000,121.89337410642122,6.9632543245441e-05,10,100000,0.4185455282498807,0.26225366157669,3562.000000005355,44357,20401,P05_ALMOST_STRONGLY_CORRELATED,25,0.95,0.1
3dbd206f29148bb3c448df7f09e92ae0c12177abba7ee62f33ebf1351637f045,121.19954561718488,10.0,127.36559496708205,100000,127.45608579076703,0.0,10,100000,0.4108853910136853,-0.0710480908980197,1014.999999999418,3877,1319,P05_ALMOST_STRONGLY_CORRELATED,25,0.95,0.1
b449070d3efb60a84a1ee69b05157f0273fa8c597649aa3c2b3a4c118e8ae3fb,12.305326475075764,10.0,14.174211939989492,100000,14.180831635810431,0.0,10,100000,0.4887230230091394,-0.0467023905735808,2937.000000005355,535,263,P05_ALMOST_STRONGLY_CORRELATED,25,0.75,0.2
66cf0c29158bc811b5e9463855a4626b12b6f03aa84e2995da5e4dd68ec747af,22.372030599406965,10.0,27.80663914464203,100000,27.774346500564626,5.642832930718413e-05,10,100000,0.4330779025614486,0.1161328555724689,2250.0,9592,2737,P05_ALMOST_STRONGLY_CORRELATED,25,0.75,0.2
3bfdaf654a58629c43ec75417996bf7fedc35179dd226efedcdcb9eff9a3e2a8,31.549559499738063,10.0,38.3425823174892,100000,38.34719981049477,4.377512488115829e-05,10,100000,0.4465736124356849,-0.0120427282840295,2687.000000005355,629,179,P05_ALMOST_STRONGLY_CORRELATED,25,0.75,0.2
8102407af05c19db15f00d887746fba9d5ae94e689e34beaa650afe686b64b51,50.98920526743489,10.0,55.2432688427502,100000,55.2308389007123,7.629055596718252e-05,10,100000,0.4697225672850686,0.0225003738885895,2483.9999999967404,8384,2454,P05_ALMOST_STRONGLY_CORRELATED,25,0.75,0.2
a4add696cdb2b30bf8be382538ad059c79289d6c4b1088a2d03c11cae3040b28,57.232302314104594,10.0,63.37657219475471,100000,63.34054100775831,7.861476826438245e-05,10,100000,0.4657427277366401,0.0568525335918666,639.9999999994179,6682,2104,P05_ALMOST_STRONGLY_CORRELATED,25,0.75,0.2
610cd421e7c3096e1dc2e08f4ca5bd66869edd2067b817f756e39c26f4a22a85,73.24192284846679,10.0,78.17197490422419,100000,78.09209751977265,9.325513469888262e-05,10,100000,0.4746190053706933,0.1021816124632907,3187.000000005355,50711,21019,P05_ALMOST_STRONGLY_CORRELATED,25,0.75,0.2
364441810b8ef92b78af2216fd6cbed1f5675706cd9b8606a79c8f28b7a90a33,97.0070087385414,10.0,99.26849317023483,100000,99.36716363615344,9.946598885472615e-05,10,100000,0.4913661392182908,-0.0993975659017936,2031.0000000026776,7665,2506,P05_ALMOST_STRONGLY_CORRELATED,25,0.75,0.2
0c622b8f36d5986381cfee5cbc4f73e8be793f365f8998a98addb13b16c3cef7,108.8609657596181,10.0,111.430411838719,100000,111.35977798063824,9.474561969212174e-05,10,100000,0.4927099107899598,0.0633883128629334,2843.9999999973224,54470,15896,P05_ALMOST_STRONGLY_CORRELATED,25,0.75,0.2
cfb6501947e4e28d2c5755e53630023dc87394d2b629746d0143620292e64392,116.6003517339092,10.0,118.75805442020416,100000,118.80363018851683,9.821212127075208e-05,10,100000,0.4990003371611418,-0.0383769913840335,3281.0000000026776,85507,33507,P05_ALMOST_STRONGLY_CORRELATED,25,0.75,0.2
4b6ea1eb6632cccc76de286908573caf6f1960516b5e3c42730fdc7196b91ef6,121.19954561718488,10.0,124.55025541657076,100000,124.6270534429798,8.850030783737111e-05,10,100000,0.4948116016111482,-0.0616602721143878,2843.9999999973224,4545,1611,P05_ALMOST_STRONGLY_CORRELATED,25,0.75,0.2
d6eb8ae4f40d4779354866e8ab92b0698728d589c08cad115e3340e993db3c9f,12.305326475075764,10.0,13.443960345560969,100000,13.456034527778709,0.0,10,100000,0.6996332101198471,-0.0898112007725941,547.0000000059372,278,78,P05_ALMOST_STRONGLY_CORRELATED,25,0.95,0.2
20f9aebe117e747e44623a8ee60f5d00e839a3ef3e5c7f960960fb4df0fbac9e,22.372030599406965,10.0,26.018214037556547,100000,25.958518499626045,0.0,10,100000,0.6901084623459457,0.2294374926900544,1312.000000005355,3560,1156,P05_ALMOST_STRONGLY_CORRELATED,25,0.95,0.2
dc46413944fc0daecd88f17f5b4c3181c58d843c7717a68af622d88f205ae59e,31.549559499738063,10.0,35.634355382022754,100000,35.428581707036244,0.0,10,100000,0.7284721646782746,0.5774586709384426,1718.0000000080329,451,169,P05_ALMOST_STRONGLY_CORRELATED,25,0.95,0.2
8439a0946b5b6153e314b651e3f1aef85cf0656bbf7420ee90ac221315b1aece,50.98920526743489,10.0,50.758200686822256,100000,50.66869288552665,6.1883551779499e-05,10,100000,0.806444787371572,0.1763415568015618,1984.0000000112925,24209,7534,P05_ALMOST_STRONGLY_CORRELATED,25,0.95,0.2
6c2a69611cbdc923203b22699845a12459a32c7458e81853b545795a6d79b55c,57.232302314104594,10.0,57.84105161799748,100000,57.891980982137774,6.607211516604525e-05,10,100000,0.7686242796331222,-0.088050550112142,1984.0000000112925,9511,3219,P05_ALMOST_STRONGLY_CORRELATED,25,0.95,0.2
096a86a6e49e679bdc400704065103ec10ac1b5162f67f44f218ddb60f35f930,73.24192284846679,10.0,71.59757781812324,100000,71.2549186656331,9.803031536501644e-05,10,100000,0.8250845870129041,0.4785904257272324,2047.0000000059367,30228,10831,P05_ALMOST_STRONGLY_CORRELATED,25,0.95,0.2
a8fb10b9c23b44c9a0d37ad469cdf97db183948ac500eef90702672e2dbd72da,97.0070087385414,10.0,90.39558728162902,100000,90.47450881616224,5.667817123691172e-05,10,100000,0.8292335277420921,-0.0873068441796022,1906.0000000026776,3865,1845,P05_ALMOST_STRONGLY_CORRELATED,25,0.95,0.2
4e5419d36b497f5535b0e37b9ca46656c4a5f75f39dfb26803df4ff322481752,108.8609657596181,10.0,101.53985877973174,100000,101.63338586931592,7.594848785585578e-05,10,100000,0.8283593507207148,-0.0921087449875931,906.0000000026776,8336,2799,P05_ALMOST_STRONGLY_CORRELATED,25,0.95,0.2
dda7aa85e66ce0b07375783e449a7e859dfadd3d38d06e00b1ef1fd05a114dd3,116.6003517339092,10.0,108.30858552609268,100000,108.38353313720133,8.591755692244276e-05,10,100000,0.8347917527475698,-0.0691982179848516,1312.000000005355,4861,1568,P05_ALMOST_STRONGLY_CORRELATED,25,0.95,0.2
7abeaccb592f6e08096de7a62313f5d14b9fb219b8fb38ff9872b5d303ed280c,121.19954561718488,10.0,113.48419935862567,100000,113.68540944334688,9.58324795940895e-08,10,100000,0.8369320032714447,-0.1773022904143078,906.0000000026776,2823,933,P05_ALMOST_STRONGLY_CORRELATED,25,0.95,0.2
ac0397f73ae8cf1455720b2d28687b4535528d16583212d160f7326e1f0adf07,12.305326475075764,10.0,11.082506188211008,100000,11.504109456325674,0.0,10,100000,0.2329553257956204,-3.804223168971882,1156.0000000026776,1549,625,P05_SUBSET_SUM,25,0.75,0.1
01d28d5dd48c56522d99b9319bc6e7354e0f2b9202c2e1ed2cda2635cf3d10f5,25.242861247275755,10.0,23.09175212613591,100000,23.11318630213765,9.242999368426195e-05,10,100000,0.3061975594558043,-0.0928217827935224,9375.0,129137,32180,P05_SUBSET_SUM,25,0.75,0.1
97fb50db0dc4a5eec6c9f346b5ed82ce39e32f60e96f519d8452ffcaa9547c7a,33.558045899110446,10.0,30.77503572250326,100000,30.788923445737503,9.942872339718076e-05,10,100000,0.2993369606920256,-0.045126586885116,10577.999999994065,163977,57212,P05_SUBSET_SUM,25,0.75,0.1
9fdc4804a47742d5ecf5e2d7e58e08d82a41ec99c468c154760583aa5a8e9317,55.589331890972666,10.0,51.0739930864902,100000,51.08603506538505,9.99530328621414e-05,10,100000,0.2936510410442159,-0.0235775160059589,18828.00000000861,203317,68574,P05_SUBSET_SUM,25,0.75,0.1
968a0da3cb4f5ecdadda2de6d2b092b272a59830886e8dcde6b3c23b10a73f74,52.58259916623011,10.0,48.27605778375481,100000,48.27537942420617,9.998958079540944e-05,10,100000,0.2967739891907549,0.0014051676540686,27077.999999994063,525562,239311,P05_SUBSET_SUM,25,0.75,0.1
f6d374d0aff513be6775aeb830a9ed9d02a4a5b405aa6be6254e8a984a8ab4e8,72.52733459430624,10.0,66.66916926588677,100000,66.68060459856558,9.99041536758484e-05,10,100000,0.2915897834886612,-0.0171523551361634,13890.999999988708,149870,51080,P05_SUBSET_SUM,25,0.75,0.1
130bca072c09aa41cdcb4dc2455b1aca1e05a077633edf0467808e79a2e6424a,89.23110921801106,10.0,82.04005308276635,100000,82.03741313155501,9.993115320491578e-05,10,100000,0.2919585576110128,0.0032178809156454,27375.0,546842,211708,P05_SUBSET_SUM,25,0.75,0.1
b694d5e1139ff97315d7a84c9d85650b2d98ef2576bce2e2256dd1b745122c77,108.8926065434254,10.0,100.08889928134394,100000,100.10274321342686,9.996731362019028e-05,10,100000,0.2914360494833526,-0.0138316358580447,17280.999999988126,236678,82384,P05_SUBSET_SUM,25,0.75,0.1
9d76a22ab471a9aa45700388f8c58b2d7c026eff7fdcb0aa213b9abe0bea2857,103.01814416538828,10.0,94.57239254818349,100000,94.56545451994988,9.967068083663165e-05,10,100000,0.2977110302548814,0.0073362088519339,5609.000000011292,14361,5630,P05_SUBSET_SUM,25,0.75,0.1
960ca38f0234091e0686bad6e93d6c0c87563a748f77aafaef46457aa22f54e4,113.01312991553498,10.0,103.93551207199216,100000,103.96380818325636,9.992879863550694e-05,10,100000,0.2897535741704459,-0.0272246806698592,3187.000000005355,13641,5403,P05_SUBSET_SUM,25,0.75,0.1
c68b0ca357ca4699eddab0d41c88afc6f01174d8ff3f07ce5e98ea9d62bda05e,12.305326475075764,10.0,10.692867522864338,100000,10.822256844539517,0.0,10,100000,0.4612961252736973,-1.2100526018723057,3156.0000000026776,859,504,P05_SUBSET_SUM,25,0.95,0.1
90afb4f781205c1810eefe02a75d977d6ccea1d00b8f7d6d57e4d8aa3dbe0c26,25.242861247275755,10.0,22.04153420633152,100000,22.06657974636057,9.33910891141218e-05,10,100000,0.4801793138204904,-0.1136288417793547,2781.999999991968,47531,16851,P05_SUBSET_SUM,25,0.95,0.1
a3b1ec904244ae104f471d8b0cd6d3d0e8e148a2232fb403a3fddab68d201e25,33.558045899110446,10.0,29.293227230580975,100000,29.30925746419432,9.933873020446488e-05,10,100000,0.483210626684771,-0.0547233443661139,5531.000000002678,297916,114080,P05_SUBSET_SUM,25,0.95,0.1
507306f10171439bb98a1849a7a77787ea93b27274b49a28f4285dd5ea96571d,55.589331890972666,10.0,48.53656310311394,100000,48.57114721688826,9.959269794142073e-05,10,100000,0.4816052633447937,-0.0712537344287078,2014.999999999418,23972,10516,P05_SUBSET_SUM,25,0.95,0.1
67f3ccdca8ef3bd0e6a84b5b6a8b94d65b4528bc4c662c5da3c05cf164e99255,52.58259916623011,10.0,45.8849398471928,100000,45.91096635511875,9.988966753107662e-05,10,100000,0.4845120684206414,-0.0567212423349132,1360.000000000582,17034,7351,P05_SUBSET_SUM,25,0.95,0.1
06f05b6c0433132b9ae031324d809f8d6a8ea8330da89e7d114393c9a5241ed5,72.52733459430624,10.0,63.28041571732287,100000,63.32753791915714,9.993087907795666e-05,10,100000,0.4844241501198129,-0.0744656957450588,8546.999999991385,1098043,281273,P05_SUBSET_SUM,25,0.95,0.1
9cdf21d67726a7b774a57bae444fb581de608934a44abed4895046af120bc3a2,89.23110921801106,10.0,77.81532023856006,100000,77.85497594462962,9.976493061598716e-05,10,100000,0.4871084009462161,-0.0509613093513969,3703.999999997905,28609,11254,P05_SUBSET_SUM,25,0.95,0.1
6b3c1884c68431e7f7dcc80f6a564ab5ddc453c04bf501bc5ae397c00c79b16d,108.8926065434254,10.0,94.87027198306846,100000,94.94077916712236,9.998995009453065e-05,10,100000,0.4896668078151329,-0.074319576175024,2983.9999999967404,28212,12954,P05_SUBSET_SUM,25,0.95,0.1
16b1e1377b9a23fee61ba42e001696561241d0f7155e49753df0da1bc57ed29a,103.01814416538828,10.0,89.57587575795809,100000,89.62966488733339,9.996104686508693e-05,10,100000,0.4979645970581448,-0.0600486781961768,2358.9999999967404,8976,4280,P05_SUBSET_SUM,25,0.95,0.1
52dd12e80cbd03921bc8d3ad9438c0f3c52ff6e9ab77fa0a1c6f1358abb0de19,113.01312991553498,10.0,98.43471160521278,100000,98.52633494112136,9.997383020025572e-05,10,100000,0.4904251865095753,-0.0930803112179051,2656.0000000026776,9590,3843,P05_SUBSET_SUM,25,0.95,0.1
9d8f49431ae96d47d9267204dced597b21e5bcf103a78bb7c79dd05c961173df,12.305326475075764,10.0,10.199743717540564,100000,10.206363413361506,0.0,10,100000,0.6791605651984218,-0.0649006093119485,4311.999999990803,2420,931,P05_SUBSET_SUM,25,0.75,0.2
e714fa0ee3726e6a99e1ab519abed16e8ed9b1f4dea18031f5f591126a6caa05,25.242861247275755,10.0,21.22116040745809,100000,21.22158260355127,9.25710212509989e-05,10,100000,0.6284203485001227,-0.0019895052159097,13514.999999999418,218606,78323,P05_SUBSET_SUM,25,0.75,0.2
45b0995fda80a51124159add533a01d1b722438cf51174c2022036e7a9dbce00,33.558045899110446,10.0,28.388883436483468,100000,28.339577390840734,9.247197825129008e-05,10,100000,0.6081072206606994,0.1736808203571871,2625.0,21986,8209,P05_SUBSET_SUM,25,0.75,0.2
90f7b5894a6451e1b12719ac7c716945fe48b01d72819819439b06e020259596,55.589331890972666,10.0,47.12275098714892,100000,47.109365671227984,9.991264867604628e-05,10,100000,0.5973559774760899,0.0284052090349851,31546.999999991385,414457,153009,P05_SUBSET_SUM,25,0.75,0.2
5dd9df3ae91d7d70a743f0fb3b2ae659134e8839a1c00a7c6575e460e551a58a,52.58259916623011,10.0,44.48655316660781,100000,44.48418181631867,9.994507791286638e-05,10,100000,0.6066385065901376,0.0053304877999074,28889.999999999414,345984,111820,P05_SUBSET_SUM,25,0.75,0.2
bb3562f9024bd6d564adb1022dc8b1bfd53f5d9e83528aeeb52406e65d56b857,72.52733459430624,10.0,61.44361699846621,100000,61.50534357583328,9.99722682321416e-05,10,100000,0.5976314439140101,-0.1004605203639233,54014.99999999942,755941,312878,P05_SUBSET_SUM,25,0.75,0.2
752442ee0ef2d7b69550f55753c19ab7ed4a287da34b364382aa5c65af377d1b,89.23110921801106,10.0,75.70094505400047,100000,75.71335966871668,9.995854824267078e-05,10,100000,0.5949078473156015,-0.016399550504093,20750.0,133514,46110,P05_SUBSET_SUM,25,0.75,0.2
422684c9fcfd13bbaa19a85a604f7d2b481e13dbfd7621a4189ec2d4a176dfd3,108.8926065434254,10.0,92.29377718764827,100000,92.37046262937382,9.996267100477934e-05,10,100000,0.5962592804093984,-0.083088420543923,52952.99999999406,1089140,345986,P05_SUBSET_SUM,25,0.75,0.2
c1bc7f08fb70cf18766b71a613d1c267656ea624127fc19a88cf474ea7c603cf,103.01814416538828,10.0,87.16713190366475,100000,87.18285406900903,9.90939187393521e-05,10,100000,0.6052800335039182,-0.0180368047002483,3000.0,25369,8755,P05_SUBSET_SUM,25,0.75,0.2
eb1955a60d0a6816cf0e513124954e9b7be365b9ce6aa40c9527330c39a8fd68,113.01312991553498,10.0,95.88743332224368,100000,96.0064209274179,9.98617567262316e-05,10,100000,0.5910506025523173,-0.1240909273005054,5077.999999994063,26999,11548,P05_SUBSET_SUM,25,0.75,0.2
9f2ffd94c52f4d434d96f89a3a1e1288ea7ad4ebd43f840d194accb1ea07b50b,12.305326475075764,10.0,9.45020911172148,100000,9.46228319984834,0.0,10,100000,0.9953051117121088,-0.1277653011073017,1031.0000000026776,2503,449,P05_SUBSET_SUM,25,0.95,0.2
14c70ef47b70f89f5f22628a01081e3593389657d791bca27abf63fb66ed16bd,25.242861247275755,10.0,19.432073615725777,100000,19.441771642288742,9.131078322495607e-05,10,100000,0.9923639411633104,-0.0499073169171047,1717.9999999934807,3648,1484,P05_SUBSET_SUM,25,0.95,0.2
8f9822f921b8303f12c3fe923d1fc38de7febe918d3d5b0ed61dea79fc0ea57a,33.558045899110446,10.0,25.82210014897459,100000,25.831106589776777,9.74040329528565e-05,10,100000,0.9933096227682426,-0.0348788082697561,13639.999999999418,897060,378346,P05_SUBSET_SUM,25,0.95,0.2
abeb55d954a86ab966347ab486895fe444e6379a9e6c053b99ce6897b46e08a4,55.589331890972666,10.0,42.76494611459351,100000,42.82204412642888,9.85344071620722e-05,10,100000,0.9940359068008606,-0.133515921386558,5233.99999999674,36939,13457,P05_SUBSET_SUM,25,0.95,0.2
d37fb5c0a6bfc19a32e8bb26c0fe5ff1b7e5ed48101563763093096b1e5fa99a,52.58259916623011,10.0,40.40733744261776,100000,40.46140079998406,9.977484273572763e-05,10,100000,0.999586640646754,-0.1337958915087589,7421.000000002095,40387,14208,P05_SUBSET_SUM,25,0.95,0.2
e639ed2f7f93e163564c19101bcb8d29c69817b90cbd99266b6ce419e7799ebd,72.52733459430624,10.0,55.74558484824588,100000,55.83545547283792,9.9952539080627e-05,10,100000,0.9977585687708024,-0.1612156816305404,10187.000000005355,275587,126981,P05_SUBSET_SUM,25,0.95,0.2
60e1702df0430a21dbdb9ea02a7bd527cb3dade1054fc61320363833a0e5bb28,89.23110921801106,10.0,68.51966696076218,100000,68.59354896209815,9.996429535594916e-05,10,100000,1.0034906882514232,-0.1078259784570797,6218.999999997322,64060,27492,P05_SUBSET_SUM,25,0.95,0.2
b584c9ea0a9f6231d8e8a408292485e01ae24b66a90d807e1b27f8f8eefd43ff,108.8926065434254,10.0,83.48433505779752,100000,83.62429265364287,9.98215772984595e-05,10,100000,1.008544134871541,-0.1676453381924292,7264.999999999418,31899,13315,P05_SUBSET_SUM,25,0.95,0.2
1533fa963546f26d6d1250c6730a778396f00d939637e43e0e0374e3e21f691b,103.01814416538828,10.0,78.75210993880276,100000,78.85406150213406,9.95904018812398e-05,10,100000,1.0224317219196584,-0.129458834068729,4781.000000002678,20581,7671,P05_SUBSET_SUM,25,0.95,0.2
f8d5e54df5ac16148a974aa790436821b2d08386e45e0300296fbca25511bc69,113.01312991553498,10.0,86.64230899650079,100000,86.79864605122708,9.999956463412268e-05,10,100000,1.0079359707113302,-0.1804396218625791,3125.0,37821,13682,P05_SUBSET_SUM,25,0.95,0.2
7d16b764b381a64747a7359acbd13b11103021074c527d6b73bc20573b4b43f1,33.874605174326604,10.0,18.648428781161364,100000,18.5290140060499,0.0,10,100000,0.6403476481197952,0.6403476481198156,2750.0,258,47,P05_UNCORRELATED_SIMILAR_WEIGHTS,25,0.75,0.1
8cfef9f5220f093c0e33059cd8b2de26f31e2e11e05ace798116c94ae80b6193,65.26185218115926,10.0,44.79768767112925,100000,44.58749015717755,0.0,10,100000,0.5200456338204676,0.4692150976515046,813.0000000091968,379,71,P05_UNCORRELATED_SIMILAR_WEIGHTS,25,0.75,0.1
19479007cfe49200d391ecf3555f5fabdc4397b2082d2e5bb599385b29152b08,95.66112671688067,10.0,54.42016741055584,100000,54.43013061750451,0.0,10,100000,0.5457232170330623,-0.0183079314576738,2750.0,237,67,P05_UNCORRELATED_SIMILAR_WEIGHTS,25,0.75,0.1
716fd3bc9feb5de801fb1c61d3224fe3e9baceb9405956e371eb782d75b33647,137.4627533274529,10.0,71.22406456570128,100000,71.09391680567796,0.0,10,100000,0.5841341021724673,0.1827300376872817,2014.999999999418,470,139,P05_UNCORRELATED_SIMILAR_WEIGHTS,25,0.75,0.1
a4f74180d0c38e2b70056652529ac261f85c5cd50f48cf2429d8e34ea605a99f,164.6015480257728,10.0,79.86741714592765,100000,79.45503419762142,0.0,10,100000,0.5496160208615735,0.5163343989862051,2484.0000000112923,162,39,P05_UNCORRELATED_SIMILAR_WEIGHTS,25,0.75,0.1
b9b765ded63dbb52f275c2520c84f917ff58dade55dc9de159b483114caaaa50,202.5920354881954,10.0,92.7875447779927,100000,92.67383982996022,4.518227804743554e-06,10,100000,0.5918979057425585,0.1225433309012894,2297.000000005937,285,115,P05_UNCORRELATED_SIMILAR_WEIGHTS,25,0.75,0.1
4ecf30e7aeb20f3d81cbcbba7dc2118f96a6ac24559110453e8f4e346cf2bac7,249.1997066791874,10.0,110.4246727763735,100000,110.00998226141188,1.8360797867469373e-05,10,100000,0.6012334623675251,0.3755415384398887,2484.0000000112923,191,51,P05_UNCORRELATED_SIMILAR_WEIGHTS,25,0.75,0.1
f071c7e5242a18874203b7ef3ae6701bc6bd1fa06531b4229789a2a9ed9930d1,282.5727902379595,10.0,126.36073348780002,100000,125.85303782916104,3.3017681509443814e-05,10,100000,0.5873606312467274,0.4017827727218622,2297.000000005937,213,97,P05_UNCORRELATED_SIMILAR_WEIGHTS,25,0.75,0.1
ee6a33072874ff823bc5c915473e9b9a2919c5039bf100c9bebb6b73aab61cc7,311.37412818919205,10.0,124.2576543242696,100000,123.92506728496356,0.0,10,100000,0.6640642904403637,0.2676591966223064,2764.999999999418,286,102,P05_UNCORRELATED_SIMILAR_WEIGHTS,25,0.75,0.1
82602b89569357f476e0c65d84f554e827898ba5df5aaf3b19754691ea37dd5f,336.6863638170741,10.0,124.91462774917396,100000,124.23523399853023,3.3481370362495216e-05,10,100000,0.7036513794000518,0.5438864630073067,2750.0,201,74,P05_UNCORRELATED_SIMILAR_WEIGHTS,25,0.75,0.1
40e17ecc5d4f45033778c0a02ee1bcf23f686f88d37bd9dde75a0d5abfcd96aa,33.874605174326604,10.0,18.648428781161364,100000,18.51223655891816,0.0,10,100000,0.7303147296826695,0.7303147296826835,2702.999999994063,316,54,P05_UNCORRELATED_SIMILAR_WEIGHTS,25,0.95,0.1
a49eb283db3ace0e2bd54e7e42e696a4db947bfd1c8271de614e32b87dacc5be,65.26185218115926,10.0,43.35051021413969,100000,43.33252316095971,0.0,10,100000,0.7155621847591627,0.0414921372115994,2546.9999999913853,777,184,P05_UNCORRELATED_SIMILAR_WEIGHTS,25,0.95,0.1
a02170431c11d828e75342387d7700e2e0c443f2d3a0d2c01c15e0536aa9a796,95.66112671688067,10.0,50.98821024311872,100000,50.62376862198656,2.8001144602402457e-06,10,100000,0.8420635123083207,0.7147566454959766,2625.0,635,182,P05_UNCORRELATED_SIMILAR_WEIGHTS,25,0.95,0.1
0ff8cd0ca67d07ac34fd23b4ceed7bbe71faf91a5590e00ef075f80c61d27dc5,137.4627533274529,10.0,68.671411385684,100000,68.11407834580427,0.0,10,100000,0.8783758067955539,0.8115939786784553,2139.999999999418,670,162,P05_UNCORRELATED_SIMILAR_WEIGHTS,25,0.95,0.1
06b9939f02ad1f0991d822920328203878b6c4a544b2f6de448db56166b2658f,164.6015480257728,10.0,76.48746513738081,100000,76.33108603476035,9.522062552570528e-05,10,100000,0.8704208074410033,0.2044506277461106,1733.9999999967404,184,56,P05_UNCORRELATED_SIMILAR_WEIGHTS,25,0.95,0.1
741f0fa8b564cf97acb1542c997dc38992ac294ff8d46058e8f27fc583382c7b,202.5920354881954,10.0,88.82102750171275,100000,88.62412336034085,0.0,10,100000,0.9472351176873762,0.2216864034455193,2625.0,368,92,P05_UNCORRELATED_SIMILAR_WEIGHTS,25,0.95,0.1
8bacc7090bba0574f52c12c7f3096c35b16b904d094091ae063082e9eb922375,249.1997066791874,10.0,105.91192169341171,100000,105.2675338410968,0.0,10,100000,1.0022247295798017,0.6084186199361723,2702.999999994063,749,217,P05_UNCORRELATED_SIMILAR_WEIGHTS,25,0.95,0.1
d4d32debfad498be306484b6fc14d7deddd69238c503ba1d52b74626e9dc6a14,282.5727902379595,10.0,123.26976867059795,100000,122.47589326249022,0.0,10,100000,0.9638378636328137,0.6440146815146017,1375.0,389,121,P05_UNCORRELATED_SIMILAR_WEIGHTS,25,0.95,0.1
0130a6bcb5066d9ad4fd592dc0c735c1742ff35b0eb81d088ff94adebe8f976c,311.37412818919205,10.0,120.31721342856903,100000,120.20003970605462,1.1847914432546093e-05,10,100000,1.0717938571530208,0.0973873306864669,2327.999999994063,128,29,P05_UNCORRELATED_SIMILAR_WEIGHTS,25,0.95,0.1
7e46ccc273c098081f3fb219df07771fd4ba5955386913e85c78c81880d9b47d,336.6863638170741,10.0,120.88012241060866,100000,120.18155289084936,2.2213880285085065e-05,10,100000,1.1346539611215665,0.5779027236474816,2625.0,249,109,P05_UNCORRELATED_SIMILAR_WEIGHTS,25,0.95,0.1
e9ebafe3901eb92a4785d0edd98aaba639ff36fbdd6f221ac6513051713d872b,33.874605174326604,10.0,18.547856922989425,100000,18.409453547067816,0.0,10,100000,1.2884250460080973,0.7461960510923642,297.0000000059372,289,51,P05_UNCORRELATED_SIMILAR_WEIGHTS,25,0.75,0.2
fe37677676debc482a652c10b0029977931cffa15c952d36872603ad9e704688,65.26185218115926,10.0,40.23969773225723,100000,40.031723782736165,0.0,10,100000,0.9546059882959992,0.5168377528699581,750.0,1607,423,P05_UNCORRELATED_SIMILAR_WEIGHTS,25,0.75,0.2
ff5e544d185b1b51d798bcde6563382b0804d70c0c7abbf8c9412c5d97b0074e,95.66112671688067,10.0,49.206465968053,100000,48.915891009025145,2.67643463953797e-05,10,100000,1.078273560373325,0.5905219025818913,2172.000000005937,681,190,P05_UNCORRELATED_SIMILAR_WEIGHTS,25,0.75,0.2
b0d34cafcebe0215bcc6208c719e4131b664552b05c907f97de50034d7857315,137.4627533274529,10.0,66.01548169744372,100000,65.32799997834294,1.083898669818081e-06,10,100000,1.0586910311575126,1.0413946871607764,2266.00000000326,1306,301,P05_UNCORRELATED_SIMILAR_WEIGHTS,25,0.75,0.2
88e4fb9d9e0e2bd6e0a4ab4a3a16c33b0145c20b5e28b7de7c2037d0c9e44ede,164.6015480257728,10.0,75.27829660597102,100000,74.59436103706166,0.0,10,100000,1.071279989000582,0.9085428333870044,1891.00000000326,230,58,P05_UNCORRELATED_SIMILAR_WEIGHTS,25,0.75,0.2
419225f43744297410cc3f826a3ccab50398c41193fff633b8886fd2509a7304,202.5920354881954,10.0,86.57553884331558,100000,86.296495653973,0.0,10,100000,1.1645604831240866,0.3223118135569446,1608.9999999967404,890,243,P05_UNCORRELATED_SIMILAR_WEIGHTS,25,0.75,0.2
c4ad8e4f925dbd9210f1100537624aa706f9783b91d7320fcaa57d5aec92374b,249.1997066791874,10.0,103.3234504187192,100000,103.10162664209888,1.811790292712704e-05,10,100000,1.1949393074707142,0.2146887039886441,2266.00000000326,228,58,P05_UNCORRELATED_SIMILAR_WEIGHTS,25,0.75,0.2
a8d9a73210d9688e7aa6c129d3d17504cfc3bda776bfe75c01ae6d31afbbde93,282.5727902379595,10.0,121.07279400785708,100000,120.79645451392602,5.691208779256486e-05,10,100000,1.125522652189692,0.2282424356318466,1172.0000000059372,346,169,P05_UNCORRELATED_SIMILAR_WEIGHTS,25,0.75,0.2
200c64bab6c4eae96914df8790ed7c06185e66b1666311695d705891138b5cfd,311.37412818919205,10.0,117.51862622663754,100000,116.64430309389982,2.0140812461821507e-07,10,100000,1.2997511917121685,0.7439868562210394,2266.00000000326,334,98,P05_UNCORRELATED_SIMILAR_WEIGHTS,25,0.75,0.2
858ad3c94c9793e630ba57d90c4d820fc39ce5ac1e4e742ba72820b0136c9b2e,336.6863638170741,10.0,118.62832934978653,100000,118.62198323149362,4.288926289457643e-05,10,100000,1.3962155985947686,0.0053495807685059,2281.0000000026776,661,210,P05_UNCORRELATED_SIMILAR_WEIGHTS,25,0.75,0.2
e76da7e8a0edaaf90264d9c3cc3a2f8de4e9271c593ec4390af8bee7244d9bef,33.874605174326604,10.0,18.36234433632966,100000,18.36173926673501,0.0,10,100000,1.4847469252754453,0.0032951652771687,1187.000000005355,680,137,P05_UNCORRELATED_SIMILAR_WEIGHTS,25,0.95,0.2
86acb5cf955d70c9c50c67cbb243ead41e9ddb1ba010d9388319a3f39dac6df6,65.26185218115926,10.0,36.56575932114519,100000,36.4020040741098,0.0,10,100000,1.3871157898222388,0.4478376767652503,2453.0000000086147,726,246,P05_UNCORRELATED_SIMILAR_WEIGHTS,25,0.95,0.2
1c7d661dff24ef80a495f3ad60bed24af38a8c2c08da2cbe2e2ad24f7a4d7a00,95.66112671688067,10.0,45.92976989523944,100000,45.33944611462443,7.65757720429906e-05,10,100000,1.6561022974018111,1.2852748488866153,1125.0,451,123,P05_UNCORRELATED_SIMILAR_WEIGHTS,25,0.95,0.2
48dcfb6adaeea484342c5176cfce621d9556c1b4c5f66d9af514d6ef2eef1de7,137.4627533274529,10.0,60.16621053623974,100000,60.04176062469576,5.528998307655304e-05,10,100000,1.6590958268024083,0.2068435263494351,2780.9999999881256,565,202,P05_UNCORRELATED_SIMILAR_WEIGHTS,25,0.95,0.2
0c5d2f6c21a75a236b075f766611dad6db8f13e4bcea2bd4e7907d39ffcbac56,164.6015480257728,10.0,69.2059429806872,100000,68.12737948102713,0.0,10,100000,1.760749143363976,1.558483929568087,2719.0000000118744,1075,365,P05_UNCORRELATED_SIMILAR_WEIGHTS,25,0.95,0.2
cf7e0b4c14dace21c389503f6442375f428217d360a86ac6db7913842d96a78a,202.5920354881954,10.0,80.13832104740133,100000,78.96725024400827,3.330275731044135e-05,10,100000,1.8840443306696573,1.4613118768739652,1640.0000000139698,757,245,P05_UNCORRELATED_SIMILAR_WEIGHTS,25,0.95,0.2
2b7c01c892be71b60df8c500ddf549869ee34b0640f124d8ea1fcaea5ebb9ae3,249.1997066791874,10.0,95.58271851026976,100000,94.97490983991533,0.0,10,100000,1.897517391870325,0.6358980784681838,890.0000000139698,410,80,P05_UNCORRELATED_SIMILAR_WEIGHTS,25,0.95,0.2
985b2d5e4069fe2698f1a1fe550c0c243495f1aa63708a11a1ed3b49290fe9ec,282.5727902379595,10.0,113.63167758770132,100000,112.77871584266326,9.373176740836146e-08,10,100000,1.8135434864145132,0.7506372898347291,1187.000000005355,437,93,P05_UNCORRELATED_SIMILAR_WEIGHTS,25,0.95,0.2
fb213069d6a5887aecc4ec4e8aeaa3dfd6fc2bcf38887984486693300a516084,311.37412818919205,10.0,110.00057458956556,100000,109.80437315586695,4.821650696551117e-05,10,100000,2.013515990344793,0.1783640080341921,2765.00000001397,256,67,P05_UNCORRELATED_SIMILAR_WEIGHTS,25,0.95,0.2
9679c32228c664b8f122e425d73f554c50307a7220e4d6888b0e799e577a2a4e,336.6863638170741,10.0,111.3821863119402,100000,111.16791476428352,9.57635322289063e-05,10,100000,2.196083456592673,0.1923750599189928,2750.0,335,75,P05_UNCORRELATED_SIMILAR_WEIGHTS,25,0.95,0.2
34e95f5646c0fc585c2932f30b9075bb477993b36ac9d1bd9137984df74a47ee,12.305326475075764,10.0,20.61500747815466,100000,20.891730749122694,0.0,10,100000,0.1356822857338368,-1.342338930806951,391.0000000032596,24,5,P05_PROFIT_CEILING,25,0.75,0.1
e2d7193cd78defcb25007b4720b21e5c5dcd65e49cd1a2854da65b268e25f97f,25.242861247275755,10.0,38.61847139743083,100000,38.581645447027455,0.0,10,100000,0.2045559025234483,0.0953583843969179,937.9999999946448,204,82,P05_PROFIT_CEILING,25,0.75,0.1
d378ec84ff12ecd28a940db8aec9df9e7feba06b9d77346782a95240a81e517e,33.558045899110446,10.0,50.76338540493312,100000,50.68918748453329,8.75329231420184e-05,10,100000,0.181559812942988,0.146164247730836,1406.0000000172297,25165,8264,P05_PROFIT_CEILING,25,0.75,0.1
3e5d20614bcad43eaca16b0017c5396cd4d7dd48da7f045e1b319e3e20e95c17,55.589331890972666,10.0,72.2139911720135,100000,72.20880190269168,0.0,10,100000,0.2251841538484273,0.007185961110302,1969.0000000118744,506,163,P05_PROFIT_CEILING,25,0.75,0.1
b014c904645be499698e8b98f82247eec9d8269b83af300dab32658b84e0f6f2,52.58259916623011,10.0,73.32062678214695,100000,73.1765174784585,0.0,10,100000,0.2053536759446637,0.1965467427285111,2062.999999994645,615,269,P05_PROFIT_CEILING,25,0.75,0.1
301b5f613fcb4930f1cf2ebca14a564f789c8868f837a25e0995d4c772abe722,72.52733459430624,10.0,96.55616388138988,100000,96.41259608746572,1.649478528867091e-05,10,100000,0.2092656848020206,0.1486883779895275,2046.9999999913853,536,208,P05_PROFIT_CEILING,25,0.75,0.1
28136662c2064f830ec28e63054137a2b857d2de653fcd547288d576f6c0f885,89.23110921801106,10.0,116.13712979678525,100000,116.04586529310322,9.180808740388884e-05,10,100000,0.2199154456082521,0.0785833986440903,1985.000000015134,7855,3739,P05_PROFIT_CEILING,25,0.75,0.1
825a876d7e0da3ee15b3457602c5a424c12a32c927df4d78ac5008ebcfef22fd,108.8926065434254,10.0,130.40332555665466,100000,130.29808102648383,0.0,10,100000,0.2341744611756198,0.0807069372821414,1733.9999999967404,22748,12501,P05_PROFIT_CEILING,25,0.75,0.1
9b528635488658c87c8c4bb475e4cd4b481de28c1c7002149f5e33f8338eb858,103.01814416538828,10.0,125.23609984999229,100000,124.99857209560068,8.57797081073033e-05,10,100000,0.2387743762142031,0.1896639664410801,1969.0000000118744,257,97,P05_PROFIT_CEILING,25,0.75,0.1
71805265da642c48fcb6af12332bcc00ecc99e50d6bde620773def90ce7a77c6,113.01312991553498,10.0,131.80648456711995,100000,131.5931611916507,7.314001803490858e-05,10,100000,0.2338258893003975,0.1618458880607318,2046.9999999913853,1189,605,P05_PROFIT_CEILING,25,0.75,0.1
7b0a893869141bb5bb1c044a6acfb2c96c29e410ff274c994ef73cf8ce51fb00,12.305326475075764,10.0,20.00519384325984,100000,20.15130641239389,0.0,10,100000,0.2607242459199709,-0.7303731734810404,233.9999999967404,37,8,P05_PROFIT_CEILING,25,0.95,0.1
1fb75a8129b6cba9a348574e2704792d760398eda42e0511c39dad600d0d0bfb,25.242861247275755,10.0,37.48675757690425,100000,37.418627805812434,0.0,10,100000,0.3078566310260452,0.181743568917771,1577.999999979511,168,60,P05_PROFIT_CEILING,25,0.95,0.1
73114936fd3bc6beb484f93863c7bd0c27989f0a3514274a243752ab97499e60,33.558045899110446,10.0,49.442213452063086,100000,49.30797322842746,0.0,10,100000,0.2949527710152806,0.2715093323355809,625.0,1199,293,P05_PROFIT_CEILING,25,0.95,0.1
60bfe77333c6047b39bb16fc77ffdc21ef594f7d695e08e23e08da77db31e99f,55.589331890972666,10.0,69.12665668793174,100000,68.94416681860483,6.464851639596333e-05,10,100000,0.3656902776220266,0.2639934839475235,1687.000000005355,696,290,P05_PROFIT_CEILING,25,0.95,0.1
4aebe512a52acb631b66d17c119f68170924230fa41d95eb736376e7a4cc6ec9,52.58259916623011,10.0,70.63901115251582,100000,70.62058685748622,7.083830731439247e-05,10,100000,0.3253427983403691,0.026082322967155,1342.9999999934807,6577,3011,P05_PROFIT_CEILING,25,0.95,0.1
e2428ea0f3e191fded3030995b5cdfc271fb0a2e790179483dd271f0f963d8b7,72.52733459430624,10.0,92.54673138851722,100000,92.30828058193195,0.0,10,100000,0.3506495978023562,0.2576544876384846,1750.0,691,280,P05_PROFIT_CEILING,25,0.95,0.1
83243e47c482b25c9df83150bc7da185d9e22a10bcd933cc8ad68b8b6e0bf3a7,89.23110921801106,10.0,111.68204491104146,100000,111.65710506733612,0.0,10,100000,0.3476894795047207,0.0223311130497219,1687.000000005355,3786,2163,P05_PROFIT_CEILING,25,0.95,0.1
e0daae0755c43343a972ddc0daa2c0f525484acb6a5a912a8a1f3f9617138846,108.8926065434254,10.0,124.97684436297956,100000,124.73867684166716,9.564009274069792e-05,10,100000,0.3867574731597125,0.1905693190817521,1750.0,426,228,P05_PROFIT_CEILING,25,0.95,0.1
4322019ae3b4a60fac64a0b975e4edab9ae43a07641b087cd7dbb69e913c9980,103.01814416538828,10.0,120.05860995388294,100000,120.13430117882142,0.0,10,100000,0.3809338872953254,-0.0630452284659598,1030.9999999881256,4141,1800,P05_PROFIT_CEILING,25,0.95,0.1
5bd91a2034dd6edb2d5b2e25fc96a4a7da3b6233211160ac5be095d7674663b1,113.01312991553498,10.0,126.12621948815828,100000,126.10332876382142,6.970407826730726e-05,10,100000,0.3854880455707176,0.0181490608612194,1687.000000005355,400,166,P05_PROFIT_CEILING,25,0.95,0.1
6d03485ed4bedf8b747e4c3bef653b90f316a12dede9b51c7779ad1a7b3d92a6,12.305326475075764,10.0,18.67166998655259,100000,18.63159272546243,0.0,10,100000,0.432864171883497,0.2146420813940316,312.0000000053551,109,35,P05_PROFIT_CEILING,25,0.75,0.2
67d1fe2a9625987ddd639a5f8f4185c3b7690fe157a0b245173a22e90e7348ac,25.242861247275755,10.0,35.555504458330184,100000,35.42886492689869,0.0,10,100000,0.3939341344371327,0.3561741940123801,2483.9999999967404,758,263,P05_PROFIT_CEILING,25,0.75,0.2
168f613dfaaa0e397ad36a615140b8457652e092d64afa566564cf63e7237d6b,33.558045899110446,10.0,47.80467931220685,100000,47.78163866558133,8.045580584906162e-05,10,100000,0.3875274387551657,0.0481974713710382,3327.999999979511,27525,13565,P05_PROFIT_CEILING,25,0.75,0.2
e191fef25d1125a813991169d79ddaadd50cda976a464cb335502f9a988d5275,55.589331890972666,10.0,67.08163644300151,100000,67.0931733716431,8.568217009641135e-05,10,100000,0.443451796905386,-0.0171983410860774,1467.9999999934807,928,295,P05_PROFIT_CEILING,25,0.75,0.2
5249c51e10972b7a4f7c6f815be55f7b65f785a1778e2ed78d4517b7476bbf0a,52.58259916623011,10.0,69.05292619188181,100000,68.77171402147373,7.34288055677022e-05,10,100000,0.4117190729072543,0.407241497089725,2217.9999999934807,26580,15156,P05_PROFIT_CEILING,25,0.75,0.2
66134955de640972c26f384065d6bc62f4291586e58c2d3225402f1bf5688d9e,72.52733459430624,10.0,90.33058705175696,100000,90.32617207836633,0.0,10,100000,0.4337641513605738,0.0048875730079364,1764.999999984866,1277,400,P05_PROFIT_CEILING,25,0.75,0.2
c843583537a93aa137aa2b2811a21d07bac1dd0302a2dcc5794ed376a4a453e9,89.23110921801106,10.0,109.1925421584222,100000,108.73340514983268,3.3702882920829605e-05,10,100000,0.4342324541174379,0.4204838531219046,3405.9999999881256,38529,18650,P05_PROFIT_CEILING,25,0.75,0.2
62f9fb12c4f2e0adad5360b2e599743752a7dcbace76a4199022876b4c787b4d,108.8926065434254,10.0,121.70946688162805,100000,121.5613113550024,8.136903019676402e-05,10,100000,0.4653248266199421,0.1217288436319602,3405.9999999881256,833,279,P05_PROFIT_CEILING,25,0.75,0.2
f54cd184c12780a59dcb715d696b0c6a035459bc9d63a562be1889647c3430bd,103.01814416538828,10.0,116.79906428629684,100000,116.69886834774026,1.6336030803086898e-07,10,100000,0.4676855118782185,0.0857848812135872,3062.000000005355,87901,39930,P05_PROFIT_CEILING,25,0.75,0.2
7d5ddb208af672aebe10eb41f466c7611ce06c51267bb12f89ff05732d077e26,113.01312991553498,10.0,123.20074414885585,100000,122.96454231831616,0.0,10,100000,0.4603692403969368,0.1917211070205033,514.999999984866,1879,923,P05_PROFIT_CEILING,25,0.75,0.2
712740d6f9f9044468ddaa4e2cfc2f86d14f6a6c85dbb0bd563f4255f2728cf2,12.305326475075764,10.0,17.564972389624923,100000,17.50693694170022,0.0,10,100000,0.5383654124945536,0.3304044358132995,1047.000000020489,107,19,P05_PROFIT_CEILING,25,0.95,0.2
c5227944c4e946868a5f8466cc8bf78e749eded21a3b0880a630c92c7db63049,25.242861247275755,10.0,33.72057835126182,100000,33.55020311880739,0.0,10,100000,0.6196124995748326,0.5052559617443724,1703.0000000086147,378,136,P05_PROFIT_CEILING,25,0.95,0.2
8dc0459129b92e159e2854ef79b30b23465216ab1a090e72c87617bac22c81e6,33.558045899110446,10.0,45.22772206392997,100000,44.98424318299534,3.7923281005943865e-05,10,100000,0.5908324793832556,0.5383399159269262,2594.0000000118744,120293,42521,P05_PROFIT_CEILING,25,0.95,0.2
05e18047a21fd389daf2c082a9748d68e1069a7a9e9fc44f2ea8202bb6e563d7,55.589331890972666,10.0,61.85750524196863,100000,61.565379489539794,3.540174288519269e-05,10,100000,0.7221797096007283,0.4722559554998647,735.000000015134,648,230,P05_PROFIT_CEILING,25,0.95,0.2
c69170704fcba35c8919d51b74779b0df64d001e9b5dc84c073e6fa3eb790b64,52.58259916623011,10.0,63.72600794163998,100000,63.61282122982479,0.0,10,100000,0.6505724894008195,0.1776146277966207,312.9999999946449,370,78,P05_PROFIT_CEILING,25,0.95,0.2
cf9c195815f4eb56642384dad07b38150dcf8ec86950e6dd25f6ab6f82c1f4c0,72.52733459430624,10.0,83.57865947792737,100000,83.5928202259565,0.0,10,100000,0.6740543886688504,-0.0169430188490481,1407.0000000065193,450,157,P05_PROFIT_CEILING,25,0.95,0.2
9601af8c432b9044274130c6fa58fe296b6a01c2a97fc15439acba379cda2a60,89.23110921801106,10.0,100.47820866721764,100000,100.54419153392178,0.0,10,100000,0.6962427497629397,-0.0656688326547169,1812.999999994645,287,91,P05_PROFIT_CEILING,25,0.95,0.2
3c86725036a537f2b038cb70f371f3bef59b8a2ae9667f694fcba331a290fafd,108.8926065434254,10.0,111.87810644223973,100000,111.83878052299788,8.766941408020956e-05,10,100000,0.77183184793992,0.0351506836256207,1047.000000020489,3863,1115,P05_PROFIT_CEILING,25,0.95,0.2
67c71f9e9206c9381a9861347ca5fff906df0cf9d65ac8d8a6ec87710ba4af6b,103.01814416538828,10.0,107.73113529199551,100000,107.44309091581536,4.3265547686377917e-07,10,100000,0.7729888941435799,0.267373378549723,1594.0000000118744,853,292,P05_PROFIT_CEILING,25,0.95,0.2
e782a2f13bf54cced474de4e442af9413bd623cc4a2b7e4bc17ad3a6fd961de9,113.01312991553498,10.0,113.4870020591082,100000,113.33263935543388,3.224412310495846e-05,10,100000,0.7832315328644842,0.1360179587737504,1719.0000000118744,1499,561,P05_PROFIT_CEILING,25,0.95,0.2
0e819a738047f23a1afe1f157678eab2c3d1a2097f913046a56dc61c21132a06,12.305326475075764,10.0,30.111360671081457,100000,30.87759693610665,8.691995110045381e-06,10,100000,0.0823978274215447,-2.5446749929207906,1032.0000000065193,29,4,P05_CIRCLE_INSTANCES,25,0.75,0.1
303fe094995dd7e97b5aaec69f359dc567f4fd8a98284b6f91cf05608e72aedc,25.242861247275755,10.0,54.010906798879866,100000,53.98836941837798,0.0,10,100000,0.1372097309680452,0.0417274617991694,2562.000000005355,335,191,P05_CIRCLE_INSTANCES,25,0.75,0.1
96d58dddd89a8afea9afb045f525242aa586517c5a671bf5ce8821cb95c13bdf,33.558045899110446,10.0,80.52911860957903,100000,80.4801211916296,0.0,10,100000,0.1199798209859758,0.0608443489701801,2141.00000000326,54,10,P05_CIRCLE_INSTANCES,25,0.75,0.1
060d812f311a4c79146a7f2e75451e9f78d7c24bc5cc8533f51856e4a1da1a3d,55.589331890972666,10.0,99.88881545691495,100000,99.84050749660145,0.0,10,100000,0.1570573001722608,0.048361731083241,2500.0,371,147,P05_CIRCLE_INSTANCES,25,0.75,0.1
a863d5bd107e457f80cccf049a338ac5ac16aee1241c7255c7cb7ecf85f5abd5,52.58259916623011,10.0,111.04027271885852,100000,110.93269945399268,0.0,10,100000,0.1435359599808495,0.0968777023253773,2500.0,132,36,P05_CIRCLE_INSTANCES,25,0.75,0.1
078cbd542a4cfb3e0c8c373ea303860656d9d50c6dd622371aa237cf656e17cb,72.52733459430624,10.0,129.0826607964135,100000,128.98711640376,4.3173051874535214e-05,10,100000,0.1600405118210368,0.0740179913119273,2312.000000005355,1763,799,P05_CIRCLE_INSTANCES,25,0.75,0.1
d8b650826b6ef432958b69871584d9d70b903e17cc06ea2eb26fdd8cba5082a4,89.23110921801106,10.0,146.84285048425846,100000,146.782988530678,0.0,10,100000,0.1644216699965722,0.040765998060538,2578.0000000086147,1074,583,P05_CIRCLE_INSTANCES,25,0.75,0.1
ca195a72f734bbe53313e0156c138c9a6456fb74107c4e70d27974605e5f39b5,108.8926065434254,10.0,170.71010608152287,100000,170.54250948879914,0.0,10,100000,0.1816478931627874,0.0981761399900306,235.000000015134,125,57,P05_CIRCLE_INSTANCES,25,0.75,0.1
29fbdd7af8d66b62397fb07cb5f0e8eda4e2b22d4b8868c28ce7fab7fa59219c,103.01814416538828,10.0,171.93696834777293,100000,171.8677214338241,0.0,10,100000,0.1729257673314197,0.0402745928430975,2500.0,240,100,P05_CIRCLE_INSTANCES,25,0.75,0.1
5e6a4336c2ec0a4362cf657297a4674d424261978bc521e519507a3c82adf8bc,113.01312991553498,10.0,186.8029140187963,100000,186.6290339829424,0.0,10,100000,0.1615147398782407,0.093082078921104,2562.000000005355,124,40,P05_CIRCLE_INSTANCES,25,0.75,0.1
2c276749eaed6adfbc5e63ffa744eeddcca6a2eb0212b24a9099324b8277f59c,12.305326475075764,10.0,28.796186193698222,100000,28.782688884766152,0.0,10,100000,0.2025072218676526,0.0468718629657546,719.0000000118744,52,14,P05_CIRCLE_INSTANCES,25,0.95,0.1
647f637903b183b171b80ebe892bdb2484343ebe648671da168df8d1d013c063,25.242861247275755,10.0,52.87738726374142,100000,52.858499950414114,0.0,10,100000,0.2088521174930233,0.0357190744563434,578.9999999979045,1025,432,P05_CIRCLE_INSTANCES,25,0.95,0.1
685deea490edcba0425de364a6062a2edaeb943ef7aa4dde3685d8e33b79de4d,33.558045899110446,10.0,77.71919863630077,100000,77.61740996402806,0.0,10,100000,0.1977022193380234,0.1309697913240903,578.9999999979045,144,44,P05_CIRCLE_INSTANCES,25,0.95,0.1
5b094eaec070670bd03022398fe6e1480866559a41998870691f4ee3d7734acb,55.589331890972666,10.0,97.47314557005356,100000,97.30856142383968,0.0,10,100000,0.2593718580344851,0.168850759100205,578.9999999979045,1465,506,P05_CIRCLE_INSTANCES,25,0.95,0.1
5a0b723fae7e8f8e7764632460a5a32f63c62eab9afe5a5ccca970a7213adc75,52.58259916623011,10.0,105.8660852589168,100000,105.8426027710924,5.607291632759847e-05,10,100000,0.2211424670800456,0.0221813130871557,719.0000000118744,482,175,P05_CIRCLE_INSTANCES,25,0.95,0.1
03f7e6f6e9d0789820a1575c590278bc8943479653107f1b789848de5b253838,72.52733459430624,10.0,126.4753155837699,100000,126.4731069766518,1.0451315946348283e-06,10,100000,0.2470110820017841,0.0017462752378976,578.9999999979045,318,75,P05_CIRCLE_INSTANCES,25,0.95,0.1
f8de8b8d80d2756f673c14c79721daa6d3617f3ae206dcc670da6c63476515ec,89.23110921801106,10.0,143.668061594045,100000,143.6021188294167,0.0,10,100000,0.2684014514268784,0.0458993905093674,375.0,176,44,P05_CIRCLE_INSTANCES,25,0.95,0.1
00d642da013157a15ec20c78ecd4ca7e6bdf216b9bf4fbd7e0da63b4109f243c,108.8926065434254,10.0,164.21369233786444,100000,164.30317386847233,0.0,10,100000,0.2898464919304209,-0.0544909071429796,891.0000000032596,225,69,P05_CIRCLE_INSTANCES,25,0.95,0.1
2217e7e0e6cacf69863c58fa83d9f5fe6380c2c6b2151954d9e50ea7ee91df7f,103.01814416538828,10.0,164.79394293088853,100000,164.6106369835495,6.126170584079245e-05,10,100000,0.2683276368488207,0.1112334252575637,891.0000000032596,283,110,P05_CIRCLE_INSTANCES,25,0.95,0.1
c906db57c11b57cd0b547233d85c838d06bd83044f5568fb641a69a56d17f363,113.01312991553498,10.0,179.89058792180856,100000,179.90217955416338,0.0,10,100000,0.2863766224823584,-0.0064437125303411,891.0000000032596,166,58,P05_CIRCLE_INSTANCES,25,0.95,0.1
245871d1c56bd7dce3bf15ab8fe64ec92ce787c6ca456d9adf70ce9ec496a493,12.305326475075764,10.0,27.63260538253242,100000,27.663241476883535,0.0,10,100000,0.2735450748790111,-0.1108693658343298,2718.9999999827705,62,19,P05_CIRCLE_INSTANCES,25,0.75,0.2
f5ceab49e6ea4ed4ab79bfc7e398b687f021f22ba50726514f24f61721df3db8,25.242861247275755,10.0,52.08853267819434,100000,52.014057774981126,0.0,10,100000,0.2662116047916396,0.1429775410901371,2280.9999999881256,179,52,P05_CIRCLE_INSTANCES,25,0.75,0.2
6fd6bf86f80cbd8868074c7eea9ccce5a5151c2da3a0aeb74b40648f3c56238d,33.558045899110446,10.0,75.41925335254803,100000,75.3851463950075,0.0,10,100000,0.2571603049803582,0.0452231439909603,406.0000000172295,533,179,P05_CIRCLE_INSTANCES,25,0.75,0.2
a8807cdf3aa5c7588f37666fbad32a56f37981898017c4125c8c679df65374dd,55.589331890972666,10.0,94.75476067136788,100000,94.7470043740016,0.0,10,100000,0.3416782755281026,0.0081856545373859,1077.999999979511,5751,1804,P05_CIRCLE_INSTANCES,25,0.75,0.2
deaa3de79b20ed0611764b52edfdcaddeb043c3b4bc9c3988958224ac78aa7bf,52.58259916623011,10.0,104.6647294390994,100000,104.49733866581585,0.0,10,100000,0.2664670011279604,0.1599304504780246,2765.00000001397,252,108,P05_CIRCLE_INSTANCES,25,0.75,0.2
252680b10aff13dfd62171cab31d570384c40ccd198865b3dfaefbcf19d817e0,72.52733459430624,10.0,124.65766139773244,100000,124.49951294945409,0.0,10,100000,0.3181407401074382,0.1268662082258866,718.9999999827705,362,95,P05_CIRCLE_INSTANCES,25,0.75,0.2
97cbd106621227e1267bb28d347334c83658659eef9db4be1bb74f893dac19bc,89.23110921801106,10.0,141.27427840133444,100000,140.80224662874826,0.0,10,100000,0.3330153615819308,0.3341243557763724,2031.0000000172292,135,32,P05_CIRCLE_INSTANCES,25,0.75,0.2
07d9ba17957465ef5211a7a233053b75ec11ec82d6377880d995edca5e75a8d5,108.8926065434254,10.0,161.1302642680086,100000,160.70038577902145,4.467407174803246e-06,10,100000,0.3586191206396113,0.2667894147260494,2437.000000005355,133,31,P05_CIRCLE_INSTANCES,25,0.75,0.2
104bc2c0ac684d1a52d59cc1044da7b0378b2a4b8750da7c3202b07f6e496afd,103.01814416538828,10.0,162.70945098060437,100000,162.58909391001075,0.0,10,100000,0.335494757651325,0.0739705468048969,2437.000000005355,335,93,P05_CIRCLE_INSTANCES,25,0.75,0.2
655a703bb1eea4982edd45c9c5d3cd6254f7198c598dbf3bbdefbf34a0291525,113.01312991553498,10.0,175.29308969182802,100000,175.33542341204287,1.4971449753806656e-05,10,100000,0.3250358549261066,-0.0241502504686751,2718.9999999827705,595,181,P05_CIRCLE_INSTANCES,25,0.75,0.2
563eabeb687581abf47507b02772d2af57cfa0601d7c3faa0154603625df041a,12.305326475075764,10.0,25.05038375554264,100000,25.06245793776037,0.0,10,100000,0.375476927821819,-0.048199589816928,703.0000000086147,275,83,P05_CIRCLE_INSTANCES,25,0.95,0.2
0773b8959197e2d722ad198febcb9ad5244b6ddb1dffdf1482b6ca7f274adad1,25.242861247275755,10.0,48.96232793850711,100000,48.98805637407908,0.0,10,100000,0.4565964080777223,-0.0525474107446104,1640.0000000139698,219,60,P05_CIRCLE_INSTANCES,25,0.95,0.2
7e6dfc73aac5dd817c3b05a0eae5d95f5b8bc018f7d0754f76c2f29bbf586120,33.558045899110446,10.0,71.34806374196441,100000,71.10107048393635,0.0,10,100000,0.3822940147867939,0.3461807441913562,2171.0000000020955,3181,944,P05_CIRCLE_INSTANCES,25,0.95,0.2
fc95f66bee8b52331903e7c73d7e7fe4b6fe58eea7e24d52437fc8731ee05b4a,55.589331890972666,10.0,87.95314423746892,100000,87.98666956983767,9.826144111143522e-06,10,100000,0.5060043851461292,-0.038117264208585,217.99999999348077,531,159,P05_CIRCLE_INSTANCES,25,0.95,0.2
7423bf997dff950ddd76a12b281d5098bc3ee4a9dc43683367d4465deb871ddf,52.58259916623011,10.0,98.93514498062684,100000,98.9314867134926,6.99182513881237e-05,10,100000,0.4529929267885167,0.0036976416570248,983.9999999967404,4415,2111,P05_CIRCLE_INSTANCES,25,0.95,0.2
456a9931cefe6be8538d4a2cdf66d16e673073d09a67dd9f664f985302d3d985,72.52733459430624,10.0,115.38624791634304,100000,115.38362753878208,0.0,10,100000,0.4884455418475412,0.0022709617552159,2030.9999999881256,794,227,P05_CIRCLE_INSTANCES,25,0.95,0.2
0f973574fdd3896e5233c03db731106a9821f83699deacde2a5d80e35cb7d124,89.23110921801106,10.0,131.0719218929312,100000,131.1580207720558,0.0,10,100000,0.5378068309298535,-0.0656882708982654,2030.9999999881256,181,59,P05_CIRCLE_INSTANCES,25,0.95,0.2
400819049b6319e2364ca93f9063bbbf69e28f55b06c2dc9d7a74742f1554e71,108.8926065434254,10.0,148.70142984627108,100000,148.12447379747985,3.1112010037551963e-06,10,100000,0.5929480746913058,0.3879963019775224,1905.9999999881256,208,85,P05_CIRCLE_INSTANCES,25,0.95,0.2
68e565aeeaf7c5d26af693ebb803932f809682e14885a8e4ec05729a32ba34b3,103.01814416538828,10.0,151.32121647219122,100000,151.42316803552254,0.0,10,100000,0.5321042035393201,-0.0673742689281432,1905.9999999881256,614,158,P05_CIRCLE_INSTANCES,25,0.95,0.2
702ceddd16bdd324b7c9bcd06baafae5256136829493b5cbcb535d9b05d27b36,113.01312991553498,10.0,166.07582229455952,100000,165.3907123843441,0.0,10,100000,0.5607532420263216,0.4125283865825218,2171.0000000020955,269,59,P05_CIRCLE_INSTANCES,25,0.95,0.2
