instanceID, capacity, shortageCost, simulatedSolutionMean, simulatedSolutionStd, simulationRuns, piecewisePartitions, piecewiseSamples, evp, evwpi,evwpi_obj_2_n,instance,n_items,corr_coeff,coeff_of_var
79e28671ef77a7f5ef2813638e030b608083754934992a3ae21718c5ba0151ab,12.621430623637876,10.0,33.07153871726105,1.952057468550159,100,10,100000,33.73924692016173,33.879547966297444,33.879547966297444,P05_UNCORRELATED,25,0.75,0.1
793eeeb46510fc6eadb3e7c45b40a96324668eeacb7cebe992cee4356c92a9d4,27.794665945486333,10.0,50.23612721424485,2.104205437541053,100,10,100000,51.378196402607685,51.16154581043247,51.16154581042163,P05_UNCORRELATED,25,0.75,0.1
0d2f7dd78013c32750b62b5cd61003d66296f95fd5e7cc99902a5cdbe2d79409,36.26366729715312,10.0,58.46392806674736,3.2158784209694637,100,10,100000,60.489834011040045,60.01061400410156,59.90136863007654,P05_UNCORRELATED,25,0.75,0.1
78539f78d3109c26088b5fc7526988840413f899485dc507bb69ec54ae64e862,54.44630327171269,10.0,82.02969082370308,2.872955471349874,100,10,100000,84.69672292206577,84.26667786527564,84.26667786527564,P05_UNCORRELATED,25,0.75,0.1
d36bac5dd7893199f9da66b0f0493822dcbbe040537ab750f9c03f13ca76de18,56.50656495776749,10.0,94.14569757368852,2.200635129494774,100,10,100000,94.80764217558075,95.1432063880242,95.14320638789656,P05_UNCORRELATED,25,0.75,0.1
c23d5d944b2137bf14438b36e734b55ff76787f49229cc5252834547bbadac4d,73.96608160813751,10.0,104.73785075801064,2.3169603220423878,100,10,100000,108.2077353764812,107.4848967653316,107.3023795945096,P05_UNCORRELATED,25,0.75,0.1
6524101c41d1f9eaf68b499476373e221c472a8ea6a7896685bf0478f1af0522,92.55281938618496,10.0,122.96054307969692,3.7558244358198025,100,10,100000,125.8257526137132,125.77956382898454,125.77956382898454,P05_UNCORRELATED,25,0.75,0.1
6ce6ad5f7f56e1171371041333f04e124a8b194c01d0d1f3b0ea45e7dfe27a82,107.25274208920996,10.0,136.59103035192783,2.1450394557113066,100,10,100000,139.11810676370894,138.9275028950663,138.9198431210783,P05_UNCORRELATED,25,0.75,0.1
e2b4b42fd3d1ab06d611bb8dadce34e7b3869f30dc65541f6472643cfe29b2f3,115.38170983579587,10.0,132.8573283908356,2.8646941349926887,100,10,100000,134.83099584790114,134.4111091085193,134.4111091085193,P05_UNCORRELATED,25,0.75,0.1
aabcb1820fdb1c9ceedb9c3c0c61bfc4cb8f5c1c28bcadf3f8d261266111f609,123.69269143427805,10.0,129.24994177317194,1.8469583089660204,100,10,100000,130.42089035281566,130.06980906353735,130.06980906353735,P05_UNCORRELATED,25,0.75,0.1
851b5ba960b279fda8a52b937206f455f35af970ed7a78e538bbd81b744195f3,12.621430623637876,10.0,33.09369893636648,2.069989556705285,100,10,100000,33.73924692016173,33.873354289927924,33.873354289927924,P05_UNCORRELATED,25,0.95,0.1
8e59ef9bf40662af539f8b83d3444eaecb42dabec5edfb8d3e24f7e8be7370e2,27.794665945486333,10.0,49.88033653350324,3.0430783804329318,100,10,100000,51.378196402607685,50.76724420600395,50.76724420600395,P05_UNCORRELATED,25,0.95,0.1
0c9bf24ffdb66891899d8ac097376ec33f4622a1cce91092ce69806239207554,36.26366729715312,10.0,58.54713083720388,3.814480285707826,100,10,100000,60.489834011040045,59.76102198074787,59.64511602503275,P05_UNCORRELATED,25,0.95,0.1
8905f3dcbb58f003190303aaf6756a4584a881c1ed788f9008880f2ce605939f,54.44630327171269,10.0,81.98057318274564,5.102107020063298,100,10,100000,84.69672292206577,83.70653354703191,83.70653354703188,P05_UNCORRELATED,25,0.95,0.1
5410706c48b2b9d6959933f3350031b0666eb02ee57e70c634bb0061105848e7,56.50656495776749,10.0,94.07707014506626,3.5076642749687137,100,10,100000,94.80764217558075,94.83948828417638,94.83948828406184,P05_UNCORRELATED,25,0.95,0.1
ce8602907d60d4d6933d974dc304067d8f8b8eab3d41cc79e86fab8334c0c5b2,73.96608160813751,10.0,104.62782249129664,4.115969683411949,100,10,100000,108.2077353764812,107.3637386417968,107.05847453943528,P05_UNCORRELATED,25,0.95,0.1
944ebb0318f38ca220c0e0cc2892877e9336390bd54c8b8dfadc0b302c05b265,92.55281938618496,10.0,123.20704316757956,6.194303459682783,100,10,100000,125.8257526137132,125.53407528834612,125.5340752884655,P05_UNCORRELATED,25,0.95,0.1
a4c6c7b3605d645d3935961fde363025ff9de6229f5b26187930f4bbb5859a20,107.25274208920996,10.0,136.36586435707343,3.3341026069096,100,10,100000,139.11810676370894,138.55718445870457,138.54130301986908,P05_UNCORRELATED,25,0.95,0.1
486d2e545f68c82e30e92dfd10c2fc4667dffdadb1aa1526a6e7bf5aa25a357c,115.38170983579587,10.0,132.6268984124581,4.491057093025804,100,10,100000,134.83099584790114,134.061449999934,134.061449999934,P05_UNCORRELATED,25,0.95,0.1
35cbcb5b76909d7531c923fa7735bdcf5fa2e5f223f45a969bafc93533962f45,123.69269143427805,10.0,128.95966645519624,3.0731439947443007,100,10,100000,130.42089035281566,129.65204842928216,129.6520484292822,P05_UNCORRELATED,25,0.95,0.1
5b9eb319c9e2520166d3fa28d3ae1edfffbbfb04f69a96064ada880b5fb8f5f7,12.621430623637876,10.0,32.86241576815189,3.0613869418728936,100,10,100000,33.73924692016173,34.6863862765642,34.6863862765642,P05_UNCORRELATED,25,0.75,0.2
67c5c190484478d3b006f6fd9ed1d89d59c35c642a6ea148edb4dcbab6076be3,27.794665945486333,10.0,50.02866139946447,4.565344207062188,100,10,100000,51.378196402607685,52.45313258382544,52.45313258382544,P05_UNCORRELATED,25,0.75,0.2
00389ccbbefc2c52ef8592e301ed6c52c1d681cdad8fa55f5eb2eafe71c47084,36.26366729715312,10.0,57.24242443175467,4.615717267670439,100,10,100000,60.489834011040045,60.82339692950914,60.54550118637778,P05_UNCORRELATED,25,0.75,0.2
3ab02a90098652b9c95edd976c88c04620590cab26820c0caf4b38d7b72c6077,54.44630327171269,10.0,82.0396171206665,5.788163007253817,100,10,100000,84.69672292206577,85.62137980173844,85.56880668198106,P05_UNCORRELATED,25,0.75,0.2
194d171ba6fd8f0ba3ae0b7dda5ed07e67e603a2799615d044ead466779ec387,56.50656495776749,10.0,92.62707569684105,5.099481276853832,100,10,100000,94.80764217558075,95.16030140625446,95.16030140625446,P05_UNCORRELATED,25,0.75,0.2
496c7e950ac82e870a5cd6be4d511a2bd317fb34d97b134b15e922418b045199,73.96608160813751,10.0,103.59956502001968,5.247268818124633,100,10,100000,108.2077353764812,107.8125770508061,107.5149615514843,P05_UNCORRELATED,25,0.75,0.2
87a8569c1d246f842c4dff52b4202553853e9efd5a86369391f54e377461b965,92.55281938618496,10.0,121.0679862145874,7.275001038886548,100,10,100000,125.8257526137132,126.12409373609698,126.12409373609698,P05_UNCORRELATED,25,0.75,0.2
25a829e9ede163da4d0afeb194c12cfa4260d65c054da7ceae459b7dd0f833b5,107.25274208920996,10.0,134.53141333365207,4.245876044295288,100,10,100000,139.11810676370894,138.66031112906867,138.6312215187969,P05_UNCORRELATED,25,0.75,0.2
0e791a767b176f7aa1a9e4a4cf815a94876821e27f6b8a8ba0ad111ca0cd05e5,115.38170983579587,10.0,131.3561983830783,4.831690266949027,100,10,100000,134.83099584790114,133.90609779992843,133.89161264707505,P05_UNCORRELATED,25,0.75,0.2
1275a1f2fd029b9fc75e3dd322becd9e10db4686b109020b3d1049893b35cad7,123.69269143427805,10.0,127.19271677316029,3.433882510640299,100,10,100000,130.42089035281566,129.57671510783695,129.5643219154751,P05_UNCORRELATED,25,0.75,0.2
4dca5ec87f6c09c37e6a8689945757d8d534b9425e3eadfd082a1237675775e1,12.621430623637876,10.0,33.17963713238499,3.856298308276312,100,10,100000,33.73924692016173,34.38086531797382,34.380865317973814,P05_UNCORRELATED,25,0.95,0.2
4c01917bdbd94608665f96460dcb9806b78ac9eabb880968ef1a33b2614414d3,27.794665945486333,10.0,49.84149200235096,6.446263999448194,100,10,100000,51.378196402607685,51.19450920808353,51.19450920808353,P05_UNCORRELATED,25,0.95,0.2
28f96a869feb7a4ee0e292110023f4dfa5c10f578fb791b1168996beaf39a571,36.26366729715312,10.0,57.07061650847301,6.279830426203484,100,10,100000,60.489834011040045,60.28107186606791,60.03679920134372,P05_UNCORRELATED,25,0.95,0.2
f605207ac2288dcbc7c3b6db34152d6f0fc574fa09c2bd5868aa4a8e04b92eee,54.44630327171269,10.0,81.7930075566048,9.800288177159828,100,10,100000,84.69672292206577,84.26877221433043,84.25780716032446,P05_UNCORRELATED,25,0.95,0.2
e0ef08c1d174fe42c808fb2dc1674ccaf0b268a2777160f9ef96ba5601cb7eee,56.50656495776749,10.0,93.14923597385508,6.947719337110882,100,10,100000,94.80764217558075,94.66453024845536,94.66453024845536,P05_UNCORRELATED,25,0.95,0.2
07bc0a6ac58b0c7d674d5dc829ba0d57b10764a72dd576c851e453f0025bd566,73.96608160813751,10.0,103.73275628167232,7.990617583377638,100,10,100000,108.2077353764812,107.39638366688273,107.09961582442048,P05_UNCORRELATED,25,0.95,0.2
91edb16ae01724c0b999346f06d649a9ff21fb9921e31ca295a4cfed41c9dbeb,92.55281938618496,10.0,121.51798686591576,11.580006752044904,100,10,100000,125.8257526137132,125.32553586576684,125.32553586588423,P05_UNCORRELATED,25,0.95,0.2
c83afd35eee41dade86209803727ab642ceaa1dc3c02e3029996936496627a74,107.25274208920996,10.0,134.65746576444326,6.828528252555496,100,10,100000,139.11810676370894,138.00370987080387,137.90437020101643,P05_UNCORRELATED,25,0.95,0.2
7602525919ad5334045ea5e769092cf93b1e83eca928b8679cc8b2d7745cae51,115.38170983579587,10.0,130.478530613204,7.585040164709248,100,10,100000,134.83099584790114,132.74047150114623,132.74047150114626,P05_UNCORRELATED,25,0.95,0.2
6b501a5cd38b9bdbcbd5524b1fbaec774332d15c4805655d92c07edb79c6c91e,123.69269143427805,10.0,126.75029987981134,5.384724425311269,100,10,100000,130.42089035281566,128.4207909003828,128.36892542006694,P05_UNCORRELATED,25,0.95,0.2
231c1856be19fd3538a7293f42ae56b2319d83e757b503f165a3a4a99120294c,12.305326475075764,10.0,46.02502275565753,2.80401316983435,100,10,100000,47.30156354879151,46.61619392927956,46.41253594603119,P05_WEAKLY_CORRELATED,25,0.75,0.1
62c2b88e0e839395cdff2cf0d7554fc323a4127f0f9fb3b16d43a629e810f7fc,22.372030599406965,10.0,101.05997296993256,4.418060487253555,100,10,100000,102.27860222383153,102.16525908727112,101.95358951692091,P05_WEAKLY_CORRELATED,25,0.75,0.1
8c7b190a7bd065af55db7e48bc72d8d008ea04da56b0bdc65f917a699696a400,31.549559499738063,10.0,119.69182935812896,4.228846398723428,100,10,100000,122.5581680911358,121.16151809468349,121.16151809468349,P05_WEAKLY_CORRELATED,25,0.75,0.1
8dc61e1bf28661ecfe8b78545df20d9f5732763b27846a2f3b45e34ed7b15345,50.98920526743489,10.0,130.0878031654058,4.639659108396578,100,10,100000,129.44960589532695,131.87935832368444,131.87935832368444,P05_WEAKLY_CORRELATED,25,0.75,0.1
a849ddf6182758a9d6a3de265278b4f2f55875007586ff0388521517a585197c,57.232302314104594,10.0,150.62575300210509,4.692421960349549,100,10,100000,152.61100821408672,152.74836919856088,152.74836919856088,P05_WEAKLY_CORRELATED,25,0.75,0.1
25dcd1929d35a583c6a36732afe2b463ace83a6a2d2c5ad76f192074a1922a1a,73.24192284846679,10.0,175.1739928846695,5.774016625449022,100,10,100000,173.4083410070593,177.33647507584837,177.33647507584837,P05_WEAKLY_CORRELATED,25,0.75,0.1
ebb5b0bd433ae9cbc84b46025691d6d7fa212c5627be848a063d587a5e74ddf4,97.0070087385414,10.0,182.1682741186501,5.978356956758738,100,10,100000,187.75238028925264,185.966545851098,185.7516782717374,P05_WEAKLY_CORRELATED,25,0.75,0.1
5598f6f1199b32e254238259422538b2a13f0f673c620af8cbd21d7096a05753,108.8609657596181,10.0,200.92138135015733,7.008803549090444,100,10,100000,201.9600540603724,204.16664794314823,204.1666479431482,P05_WEAKLY_CORRELATED,25,0.75,0.1
7fa2e50a033da442550c302b5b603e263011f98ec919967007efb7f83e5f5017,116.6003517339092,10.0,214.7102556231836,6.405962472243542,100,10,100000,219.16553422399596,216.73090441607093,216.73090441607087,P05_WEAKLY_CORRELATED,25,0.75,0.1
ffdc2cee1bb9e15dc369979feb21d5bf23d6f1a68fa3508c0fc015c7dc58fa3e,121.19954561718488,10.0,230.88930920434592,6.091195195451426,100,10,100000,231.02369649729903,233.32598374822717,233.32598374822717,P05_WEAKLY_CORRELATED,25,0.75,0.1
cb57f47e6827b8648a8b388016507b20bd1b8b97390e05f23579ed3ae5dff4b6,12.305326475075764,10.0,45.30061568187639,3.838451236034359,100,10,100000,47.30156354879151,45.71902854941322,45.6692823908902,P05_WEAKLY_CORRELATED,25,0.95,0.1
77e967398881f7ce10f80b9445942c2b8751b804305063436c5b9391b35d1618,22.372030599406965,10.0,100.83436440317814,5.953364345596703,100,10,100000,102.27860222383153,101.93134270774824,101.70449898531628,P05_WEAKLY_CORRELATED,25,0.95,0.1
f5f6cbff70bbf1c73015279a639267be1ec0eb0e492d7fa9bd1f9f3c0ae86240,31.549559499738063,10.0,119.10206140019736,5.929414016579323,100,10,100000,122.5581680911358,120.61816845658883,120.61816845658883,P05_WEAKLY_CORRELATED,25,0.95,0.1
6bd1eb3452f0968c33404cf31808591c5fea4a04f419deb5769a8f7bdc6e29dd,50.98920526743489,10.0,129.7930152606848,7.1887022060561545,100,10,100000,129.44960589532695,130.82273121979458,130.8228422226475,P05_WEAKLY_CORRELATED,25,0.95,0.1
eb230d79edd81fc893330c6cf779d976e09a684213c8c761e5c2dd4437f1c5d7,57.232302314104594,10.0,150.56583486568974,7.487147934209935,100,10,100000,152.61100821408672,152.36483316952902,152.36483316952902,P05_WEAKLY_CORRELATED,25,0.95,0.1
d96c9a8fcc565783b4db1cf954c1334eeda73e1f8f24e7aaaba1e5aab14612fd,73.24192284846679,10.0,174.60956018638626,8.401195333269538,100,10,100000,173.4083410070593,176.05340314040862,176.05340314040998,P05_WEAKLY_CORRELATED,25,0.95,0.1
f36798a79980688578c608b9ca1d9c43b5219c90a02594e0a38065bdbdc61770,97.0070087385414,10.0,182.5328993393109,9.212734398212216,100,10,100000,187.75238028925264,185.115375567082,184.98020114221595,P05_WEAKLY_CORRELATED,25,0.95,0.1
544a30d27ebb1672ce19b8c72a67bff2ecffb536ebd56c8adefd8e61fdf760db,108.8609657596181,10.0,200.9012074854884,9.96785283928283,100,10,100000,201.9600540603724,203.27405366538176,203.27405366538176,P05_WEAKLY_CORRELATED,25,0.95,0.1
ba7fed7492fe6d1a6ee7b517aa951173d72c03da4fed5b0da6adf595566076ea,116.6003517339092,10.0,214.9377154012079,10.3440557843476,100,10,100000,219.16553422399596,216.49016575857672,216.49032924326136,P05_WEAKLY_CORRELATED,25,0.95,0.1
c370bea4ac228a5f41426bfd318e735bd1bddad5d3b3011a31723bc90f8df6a4,121.19954561718488,10.0,230.67756855578924,9.763341629236065,100,10,100000,231.02369649729903,232.24219261850348,232.24219261850348,P05_WEAKLY_CORRELATED,25,0.95,0.1
ccfec37e60990c7e16867637aefd9abdda417746a434ab9ee59ea2b1d598da72,12.305326475075764,10.0,45.282714251347294,5.168367828918565,100,10,100000,47.30156354879151,47.47667831195815,47.028104027202616,P05_WEAKLY_CORRELATED,25,0.75,0.2
4fac81ce189b4d6c3c4e4424c0ed1e86f87a77bb03acab2c5d900a2145ab1868,22.372030599406965,10.0,100.81395353369768,8.064812216350047,100,10,100000,102.27860222383153,102.92166860243556,102.55476909508944,P05_WEAKLY_CORRELATED,25,0.75,0.2
64d438139e2eb96e9e6923cdc64803341fa8c0e8cf3ed94465e0dd1a5753dc9d,31.549559499738063,10.0,119.51250493962112,7.291575367283175,100,10,100000,122.5581680911358,122.99208425859352,122.99208425859352,P05_WEAKLY_CORRELATED,25,0.75,0.2
5926d58ad8020117f522fc19f956626503cf378c8119ecdae3e9a12917aeb276,50.98920526743489,10.0,131.31606841337322,9.581290717019307,100,10,100000,129.44960589532695,134.77479715541202,134.77061956691082,P05_WEAKLY_CORRELATED,25,0.75,0.2
65a3866b8a9b8dec64bb5bdbb13cd26b46f1753f90ddf43f30ea6727755e500f,57.232302314104594,10.0,150.42412341798058,8.916397146104877,100,10,100000,152.61100821408672,154.7777079475468,154.77770794755233,P05_WEAKLY_CORRELATED,25,0.75,0.2
235670690d1f87d750ffaa32bec58d3d54aede3230b60e94d1813346462c45c0,73.24192284846679,10.0,175.79272294443214,10.900763724302758,100,10,100000,173.4083410070593,179.51616012004305,179.51616012004305,P05_WEAKLY_CORRELATED,25,0.75,0.2
8798571a4d2ed3fc986d89e65e7dbf92dbcd6672434cfb49e7aa59cc08dbb021,97.0070087385414,10.0,182.69172238504885,12.959164228845577,100,10,100000,187.75238028925264,188.5312471181208,187.99229250698963,P05_WEAKLY_CORRELATED,25,0.75,0.2
54ee652f4a507ed4d21b77f5a44ccba28eb24b6b83f0429a6f4193ad550a4a6f,108.8609657596181,10.0,201.10223727762835,13.345452445913264,100,10,100000,201.9600540603724,206.20746291536517,206.2074629153652,P05_WEAKLY_CORRELATED,25,0.75,0.2
13764fd5e4e5c804f595faeae980ed651714fa72811c61380e596af9871339c3,116.6003517339092,10.0,212.4215016289825,10.55185792444877,100,10,100000,219.16553422399596,216.98296909848227,216.90174233604492,P05_WEAKLY_CORRELATED,25,0.75,0.2
7a6cef9c3731099a77d05fd8cda6741b97a381f578b5a52cdacf2fd947539e1f,121.19954561718488,10.0,227.74422167912792,10.358309503933164,100,10,100000,231.02369649729903,232.41370509700624,232.41370509700624,P05_WEAKLY_CORRELATED,25,0.75,0.2
716b73fcebe85e42f98df561c9e81da0583f61393342b1ad7d663446cae6a4ff,12.305326475075764,10.0,45.02989876254889,6.588850290891216,100,10,100000,47.30156354879151,46.378152438642736,46.112715124576056,P05_WEAKLY_CORRELATED,25,0.95,0.2
2953ee5b10a14050b48f35899c436cb39f6f58631a93848bda181f4f86f1a3df,22.372030599406965,10.0,101.78391102358096,11.971761479981,100,10,100000,102.27860222383153,103.24417207580234,102.8364674852148,P05_WEAKLY_CORRELATED,25,0.95,0.2
52a0934cec637cfd466e30b4083a96543642874ac8e39c0ae296d1f4f1f139df,31.549559499738063,10.0,119.2954206019476,12.400279464365298,100,10,100000,122.5581680911358,121.34285299996884,121.34285299996888,P05_WEAKLY_CORRELATED,25,0.95,0.2
74923d5882bce4070cf64ac88a422682146f2b0593e4db64937257717b958fd4,50.98920526743489,10.0,130.6779935208971,15.058248109909211,100,10,100000,129.44960589532695,132.44630091519005,132.44350034216737,P05_WEAKLY_CORRELATED,25,0.95,0.2
5b892a75162cf8f989eaf1ceec6cf145021c9002b59a9476b3e7d69a42178fbb,57.232302314104594,10.0,151.27888941076486,14.45418352775733,100,10,100000,152.61100821408672,153.18135837474168,153.18135837474168,P05_WEAKLY_CORRELATED,25,0.95,0.2
fa6054d19d00a6fcaf552f5c5da829840fe90272482d63db64315cd40fbc170c,73.24192284846679,10.0,174.30292777445962,17.249099852523813,100,10,100000,173.4083410070593,177.20562305589317,177.20548369159818,P05_WEAKLY_CORRELATED,25,0.95,0.2
e46767df28baa279a3a06f544a7c92c87d7d77524c093a78e4d2958a8fe196ae,97.0070087385414,10.0,182.50168335851276,19.65356809075828,100,10,100000,187.75238028925264,186.60178155604652,186.15502561480196,P05_WEAKLY_CORRELATED,25,0.95,0.2
e95c662894c0cdb91a31f353e181ca05c7741a6a3e0c4bff0e4541e2cbc1a34d,108.8609657596181,10.0,200.2077251041725,19.41982821505073,100,10,100000,201.9600540603724,204.2373270085532,204.2373270085532,P05_WEAKLY_CORRELATED,25,0.95,0.2
d300399ab74229ba99f6e2cf198517d069af38f6493fbaa0456a76515b825170,116.6003517339092,10.0,212.70434403814627,18.08451718874945,100,10,100000,219.16553422399596,215.67593270201172,215.67593270201175,P05_WEAKLY_CORRELATED,25,0.95,0.2
7b01953dbb46d57a827639f5744260cda6b9a6a0c5e989354eed143d80eeeb52,121.19954561718488,10.0,227.4267376216952,15.378248409080577,100,10,100000,231.02369649729903,229.59924177216357,229.59924177216357,P05_WEAKLY_CORRELATED,25,0.95,0.2
925b9b1370b6c2da49013d133a1d4e703a3744134cc82a348b794820919df87a,12.305326475075764,10.0,16.440390383759453,1.3023333459006436,100,10,100000,17.02354495294796,17.74508183119505,17.620933954046865,P05_STRONGLY_CORRELATED,25,0.75,0.1
4506ebe16d2ae4d4fb2320cba452a79b423e6a1d2aa072541d27f4b6198cb8b0,25.242861247275755,10.0,32.45131523763055,2.200274800688838,100,10,100000,33.239059551787655,34.86187910843929,34.779488409201456,P05_STRONGLY_CORRELATED,25,0.75,0.1
bcf2fb43af041533f10edca8d8bf154fd17a038f7d39d7c2f3bda1c1b0c34cfb,33.558045899110446,10.0,45.25121068453085,2.491959145954442,100,10,100000,46.55266761289791,47.27575459015332,47.050974442226845,P05_STRONGLY_CORRELATED,25,0.75,0.1
47c569e39b0d37b58fe94277b6ef9c6b4dd0f3ba4a4e1bd06dc4d714a554c382,55.589331890972666,10.0,68.01603098542387,3.552970605255446,100,10,100000,68.58684916586259,71.87918622263142,71.6888641219963,P05_STRONGLY_CORRELATED,25,0.75,0.1
a1ef341854c2ddef712e46193b63c6926420d848638d84547757902ccf69665a,52.58259916623011,10.0,68.54225316906299,3.234773017695644,100,10,100000,68.84066255340768,71.23043395205795,71.00172524333858,P05_STRONGLY_CORRELATED,25,0.75,0.1
f08b345cd620be89146e1fd4e45e5d300929cd13714b01a95733e12ce8b4225f,72.52733459430624,10.0,89.08375562128947,4.574865754224622,100,10,100000,90.23337991245629,92.69207540259508,92.31638580259224,P05_STRONGLY_CORRELATED,25,0.75,0.1
745e25e3cb50383aa48ded9f192af82abe4e507c75f487fe6412bf71924b2ed2,89.23110921801106,10.0,107.03001319254896,5.3409028092355575,100,10,100000,108.20293339509756,110.93972652990438,110.87634054476092,P05_STRONGLY_CORRELATED,25,0.75,0.1
790d9e7340dd188c510b89b020afa0fc2136ea79935fddf97847a69cf6de0a21,108.8926065434254,10.0,127.64727008620812,6.218190905578974,100,10,100000,128.8832145819228,131.39431051010916,131.23966547649698,P05_STRONGLY_CORRELATED,25,0.75,0.1
425005c07dbb6c7975b34db55e55b4a59377a8b716207e7963610879417d9cde,103.01814416538828,10.0,123.22415220444137,6.17700357130552,100,10,100000,124.99736317676762,126.39707981666898,126.39718197942392,P05_STRONGLY_CORRELATED,25,0.75,0.1
14f49b84d813ea78411d9c1c30c86ebaa61553d1ef291e29ae08424cf3025760,113.01312991553498,10.0,133.5041588209163,5.965734033629356,100,10,100000,135.92256450464333,136.2968636543975,136.27792777596446,P05_STRONGLY_CORRELATED,25,0.75,0.1
ffa8d154ab456e7d74b6e49f2d6c760e952afeca03f83bb12c86b3302b3f6b3e,12.305326475075764,10.0,15.873825629547136,1.5069820337464117,100,10,100000,17.02354495294796,17.14101304500257,17.054161737488002,P05_STRONGLY_CORRELATED,25,0.95,0.1
67935bc31238bafd4a99fdd8a57574387c6ec54ff3f947dcefca87d048a3f4a1,25.242861247275755,10.0,32.24762398729358,2.739690310500138,100,10,100000,33.239059551787655,34.00385837412127,33.92156773870108,P05_STRONGLY_CORRELATED,25,0.95,0.1
c5acaea1f80b87dcc14a920a16239e2972f5fac9f524de5a4d9c7162ec814c96,33.558045899110446,10.0,45.419869879787846,3.543979459389348,100,10,100000,46.55266761289791,46.80699432254506,46.66942112666671,P05_STRONGLY_CORRELATED,25,0.95,0.1
98fd13b945e0d35cd27e78d94b6864c0fd064fd2a8afb4783d1b150113b8c29f,55.589331890972666,10.0,66.59544019360919,4.936142317899099,100,10,100000,68.58684916586259,69.97206716013505,69.82592319391264,P05_STRONGLY_CORRELATED,25,0.95,0.1
d3164ed71d53414f43cdf0171090b701041d36da92d107eef4ce1014ff4d910f,52.58259916623011,10.0,67.87308878241744,4.967503310712092,100,10,100000,68.84066255340768,69.89038683434529,69.7883772042511,P05_STRONGLY_CORRELATED,25,0.95,0.1
d923f6de227f11fb32ade3af8fd897fed928a2fc7e069c0a77873e6e8b94ef1d,72.52733459430624,10.0,88.30237788929884,6.886155746971805,100,10,100000,90.23337991245629,91.1987601107295,90.9361735861429,P05_STRONGLY_CORRELATED,25,0.95,0.1
450602600668e442e8c8323bfbc26ca56b8ae85f27edee46e672f2498ca7cc7b,89.23110921801106,10.0,106.265445606478,8.296800234483566,100,10,100000,108.20293339509756,109.0629645367032,109.0242189131367,P05_STRONGLY_CORRELATED,25,0.95,0.1
52b945132727eb6151f3b6253e4a2a310b064ed25d9987280768023e876b30d9,108.8926065434254,10.0,126.2252602639653,10.242223706327453,100,10,100000,128.8832145819228,129.54330259324382,129.44465544245128,P05_STRONGLY_CORRELATED,25,0.95,0.1
982f39bb821b2552aaebabc0c062c702b4097d068994b86fe258fdce4c35dd23,103.01814416538828,10.0,122.91282487691568,9.793722424737714,100,10,100000,124.99736317676762,125.22816218576703,125.22827645288744,P05_STRONGLY_CORRELATED,25,0.95,0.1
dd78185cf75278b193ad8128640bf51da3432605dea07cf03902f332d236400a,113.01312991553498,10.0,133.50776133765723,9.179657668561203,100,10,100000,135.92256450464333,135.15751017160596,135.09933080160403,P05_STRONGLY_CORRELATED,25,0.95,0.1
070af9beff935049bd42ef9b738d5e4780b4bec666804cc745013c09ff22505b,12.305326475075764,10.0,16.223113338799024,3.2749739471562487,100,10,100000,17.02354495294796,20.22025653440206,20.07332562202186,P05_STRONGLY_CORRELATED,25,0.75,0.2
597e625c6fcfbc1cde52f615fd240834a2890031c0a1d10960431f8b9a2a9c2b,25.242861247275755,10.0,33.28877037807873,4.341463226748025,100,10,100000,33.239059551787655,38.42524392667005,38.195254995454135,P05_STRONGLY_CORRELATED,25,0.75,0.2
750b0faf3016f6518081b4fb9228a946c88f5b732c6c8e05a0951e9be54c3cf3,33.558045899110446,10.0,45.85158906844767,5.445597152638572,100,10,100000,46.55266761289791,50.39237247414094,50.09243852340855,P05_STRONGLY_CORRELATED,25,0.75,0.2
d0608645abbefd8dfd7200f27e7a3a471448bdfa3210e41fc149a0e2b7b5ac61,55.589331890972666,10.0,68.16481925846591,7.679324149878457,100,10,100000,68.58684916586259,77.02982698571329,76.48893177855689,P05_STRONGLY_CORRELATED,25,0.75,0.2
ca5033846d62eaa61ef379b69409a163c50f84b6693a813da929a762a28a76ee,52.58259916623011,10.0,69.85770822689186,6.498040665710958,100,10,100000,68.84066255340768,75.12687977943358,74.40113428007743,P05_STRONGLY_CORRELATED,25,0.75,0.2
fd4c979ca00cdc12a30e7817342f3de4b4e672e532a097b2512ac767832114d7,72.52733459430624,10.0,90.32815488770176,9.61890590571192,100,10,100000,90.23337991245629,96.78527425961563,96.04352403665249,P05_STRONGLY_CORRELATED,25,0.75,0.2
52acb6fe317084bf9c554f0b462a9ea2be72479f8e427071e18b63963c7ccbb7,89.23110921801106,10.0,107.81789812342352,10.7690924507454,100,10,100000,108.20293339509756,115.05499522876164,114.9629910646759,P05_STRONGLY_CORRELATED,25,0.75,0.2
524ad88e8d69e5701b88ebe4723394eea05550a9846962256c08674ce37a9278,108.8926065434254,10.0,128.9032468888056,12.007699438366204,100,10,100000,128.8832145819228,134.84810570090286,134.5918117162111,P05_STRONGLY_CORRELATED,25,0.75,0.2
42b37e8fcef96308187a86fee8c0a5502ade057df285a5cbea610b7ebd1f3171,103.01814416538828,10.0,123.24831110507952,12.316970605030765,100,10,100000,124.99736317676762,128.1884731611386,128.17381471709356,P05_STRONGLY_CORRELATED,25,0.75,0.2
931a4357c82f8d1a9da9087dc34ae6c7e1db927d59ffceb39265dc9462cf6ebc,113.01312991553498,10.0,131.4677555889011,9.911083370116154,100,10,100000,135.92256450464333,136.12290389351,136.08600757846193,P05_STRONGLY_CORRELATED,25,0.75,0.2
6e7ca0083cc98a0693d3dbfd0eda7a262263589ff199eb61690417ed488976bc,12.305326475075764,10.0,15.976467085227004,3.481389576919517,100,10,100000,17.02354495294796,18.36663825969608,18.219883147139708,P05_STRONGLY_CORRELATED,25,0.95,0.2
7e504183d633a5d1e350d5f59f43235f00a1b2b9657c1f24247e63ef343f0b17,25.242861247275755,10.0,32.186544850127795,5.7270874082999255,100,10,100000,33.239059551787655,36.04174175193896,35.85018714980437,P05_STRONGLY_CORRELATED,25,0.95,0.2
94318a85f4399b8d345128a0a7c9fa30cf6c14a9dccc669b20ee3235346b1ed3,33.558045899110446,10.0,45.58600178130795,7.066576090949412,100,10,100000,46.55266761289791,48.62635331037973,48.32987471231263,P05_STRONGLY_CORRELATED,25,0.95,0.2
0ef7f1e1ef8b1b3c533504556fc947c9d697c5ca519fb0aaacd4ed81c0f527f3,55.589331890972666,10.0,66.71989255603772,11.322648593477249,100,10,100000,68.58684916586259,73.227847966275,72.8059808034601,P05_STRONGLY_CORRELATED,25,0.95,0.2
70a16b5cd7972d479fe333b42dee12560d0a6b888f270a89e6ed2f9dc1d221a4,52.58259916623011,10.0,68.50577944724975,11.035876629276268,100,10,100000,68.84066255340768,72.36730479199016,71.9122764515356,P05_STRONGLY_CORRELATED,25,0.95,0.2
1d86e3253192a2d54f5addd2ba8b6c6fa64fd77653098ada57654752f1ae94b1,72.52733459430624,10.0,88.71172507883426,15.31309880748328,100,10,100000,90.23337991245629,94.1137526396792,93.5611874032231,P05_STRONGLY_CORRELATED,25,0.95,0.2
0b2a969cd27eb25a6d2153a7ecc8c2f8183fbbcb97e3f59e76dfd093e2759d1d,89.23110921801106,10.0,106.62569395188736,17.647210799617874,100,10,100000,108.20293339509756,111.99342841903116,111.90016796303168,P05_STRONGLY_CORRELATED,25,0.95,0.2
d2c40cc6d9e4fad538be3271f454110326229b87086d10fb35d2c81cc4ce9e59,108.8926065434254,10.0,126.21869379595948,20.595999219605925,100,10,100000,128.8832145819228,131.69629552966356,131.49155361929377,P05_STRONGLY_CORRELATED,25,0.95,0.2
71d9420b2f13f5f1f1d0a2aa538feea65ef0ccfe66efe3eef8a6bea62acf0bf5,103.01814416538828,10.0,121.7166566550256,17.021772766492766,100,10,100000,124.99736317676762,125.1136175725198,125.1080973753636,P05_STRONGLY_CORRELATED,25,0.95,0.2
fa94f8e250158af5afa645d8b61d9bcbcb995dc620989f2f01655a7e825c1932,113.01312991553498,10.0,130.8466438156922,14.641405933928755,100,10,100000,135.92256450464333,133.160898426767,133.09140404972678,P05_STRONGLY_CORRELATED,25,0.95,0.2
8a058e5e273aeb3676b0f88c504895a72838fe03ffbf6e3a329c68aa54a7cf09,14.578053747803038,10.0,11.879637881002775,1.6570689997094348,100,10,100000,12.520801743102904,13.954144773454946,13.932542232984702,P05_INVERSE_STRONGLY_CORRELATED,25,0.75,0.1
98b7608cdbccbadb69c8d442de28001c03575e522564b6dee3307a690beedfed,29.7883157927303,10.0,25.949747438016587,2.401375675549976,100,10,100000,26.615609464246493,28.43961000979428,28.38408826622049,P05_INVERSE_STRONGLY_CORRELATED,25,0.75,0.1
23d876a776bfd43a7053f5aeaaead236bb96f767104bfdbabeffb402718bdf5f,40.37622771729226,10.0,34.74361407699694,3.0945933938639585,100,10,100000,36.23832174101168,37.96392453885479,37.91821837241838,P05_INVERSE_STRONGLY_CORRELATED,25,0.75,0.1
29181fe178e97bb2892d84b43476cf20af0f9860c3ea1e4f101f115a63bef12f,64.68024098188175,10.0,57.02919701275234,3.7549442622086255,100,10,100000,57.67503443858754,61.10223601161167,60.70258888542397,P05_INVERSE_STRONGLY_CORRELATED,25,0.75,0.1
d9ff31daf449a857e69cab96c3b25bcf8c23d965f7ec6fa19f6ca466625fd6b6,63.94623552986648,10.0,55.47387491694205,2.951473335861522,100,10,100000,56.92811814510464,58.19440768222905,58.08894884731064,P05_INVERSE_STRONGLY_CORRELATED,25,0.75,0.1
395ab3e8e5ceb932d38f9995017fbcb05742a15a57601ced87670be189c31365,86.16369823066987,10.0,74.9446198599738,4.413864532092925,100,10,100000,76.16276353990074,78.23183902988116,78.06662683578001,P05_INVERSE_STRONGLY_CORRELATED,25,0.75,0.1
f4d0503194c4425a0bd28d32dde529e012d5dc5303b138a8bdb9d3739448e6bb,105.14020012710196,10.0,90.45757970207409,5.318305421901721,100,10,100000,92.76712981205505,94.5503124146172,94.36149039987424,P05_INVERSE_STRONGLY_CORRELATED,25,0.75,0.1
d93aead74c3734f20b1a81d50792eaf1d48dc6e7669e79ce299440b146d706c3,127.07442472524356,10.0,109.68139500858231,5.599201586180926,100,10,100000,111.07222279022038,112.7831453643926,112.69901616401162,P05_INVERSE_STRONGLY_CORRELATED,25,0.75,0.1
5044933c4666b02072b9a2a5efd91c16c209fbb23187dc617bb938463b4de16c,123.47268961993372,10.0,104.44238786010924,4.948297441756958,100,10,100000,106.4707867142101,106.88260329265032,106.86287797552347,P05_INVERSE_STRONGLY_CORRELATED,25,0.75,0.1
ed293aac7db60158bdc4df92bbc08637c44916f0c9723372255d8497ff3e650a,135.7404026428077,10.0,112.4683951863459,4.606167951318691,100,10,100000,114.71836917484664,114.729694913169,114.72457491302484,P05_INVERSE_STRONGLY_CORRELATED,25,0.75,0.1
6bb708ea2211a88e4995608869a3e1d8f8a97584588f8f85c2d30f8233714a00,14.578053747803038,10.0,12.050280109632704,1.3945126372276333,100,10,100000,12.520801743102904,13.2506404899243,13.245576325589004,P05_INVERSE_STRONGLY_CORRELATED,25,0.95,0.1
7e90af52b3f069b85e8f3b7d99196d2bbd46d7c4f90bbf3c7a0373ddb47d05b6,29.7883157927303,10.0,25.520813322884656,2.3621733926571804,100,10,100000,26.615609464246493,27.355149957489985,27.318888926033733,P05_INVERSE_STRONGLY_CORRELATED,25,0.95,0.1
3dbe8dc2f607c694073d81b866d37d3025dc9ada3bad57de9bcf49e13b776fa1,40.37622771729226,10.0,34.80197109870166,2.821148893277356,100,10,100000,36.23832174101168,36.9411986469576,36.917678124564006,P05_INVERSE_STRONGLY_CORRELATED,25,0.95,0.1
4c5ef981bd5ad119a1ad4081c095121085aa5f52ad72d4537a0aa94e005d13c0,64.68024098188175,10.0,56.78799423906915,4.8837285989368215,100,10,100000,57.67503443858754,59.43824102915598,59.212839786036376,P05_INVERSE_STRONGLY_CORRELATED,25,0.95,0.1
f23df9ded8fff18f584a113f3670158dcf4fdbbaf77adb81a004fca3cf26afc8,63.94623552986648,10.0,54.781592325606894,4.483418008902522,100,10,100000,56.92811814510464,57.10057431663702,57.02208807267971,P05_INVERSE_STRONGLY_CORRELATED,25,0.95,0.1
9093036603f3ffbef6ef535d7389a0a01e437b35fbb0f91949c499592b610a78,86.16369823066987,10.0,74.5503585047043,6.178991484710735,100,10,100000,76.16276353990074,77.09419136110635,76.99122261623955,P05_INVERSE_STRONGLY_CORRELATED,25,0.95,0.1
3331d31a4e5e819183e19c322f1eae3fe66199581b5a1252b700643efe345e06,105.14020012710196,10.0,90.14591640831046,7.358704217139787,100,10,100000,92.76712981205505,93.2111600842818,93.08654230937248,P05_INVERSE_STRONGLY_CORRELATED,25,0.95,0.1
50a2cb9cd31eb62a2260ce9a4c3d15eeb45328d0d10debe8cd135077805b0cca,127.07442472524356,10.0,109.18734408288954,9.232160912935068,100,10,100000,111.07222279022038,111.47783458537036,111.40933916863118,P05_INVERSE_STRONGLY_CORRELATED,25,0.95,0.1
f0cef60b5e6913739cacce3254afb1c92b54a2295246d441c0013109e3a505c1,123.47268961993372,10.0,104.44043497605476,7.864002678564656,100,10,100000,106.4707867142101,106.12928294072512,106.0997491904626,P05_INVERSE_STRONGLY_CORRELATED,25,0.95,0.1
0e2fe39c9d97683282604a279560dbec1631be4b4b5037f146dd80fce1210249,135.7404026428077,10.0,112.20740036006882,7.0782362842214095,100,10,100000,114.71836917484664,113.78484712269588,113.7812472572014,P05_INVERSE_STRONGLY_CORRELATED,25,0.95,0.1
4185d631ee30d55b34401709247341c9b6ca878f516d86fa8e585ba463cb34e4,14.578053747803038,10.0,11.713868865269983,3.83040565648203,100,10,100000,12.520801743102904,16.371838755379542,16.307366724989908,P05_INVERSE_STRONGLY_CORRELATED,25,0.75,0.2
0367db6d041be405c349e604a28e188cdc13da17e7942a46eada6c3f9087ee99,29.7883157927303,10.0,26.251262098577943,4.46749334415884,100,10,100000,26.615609464246493,31.8289812433385,31.67035923587707,P05_INVERSE_STRONGLY_CORRELATED,25,0.75,0.2
b04b62843677f25c2847133ab3f4005bfe243c3eff85638fcba8c8b0fde1ccf5,40.37622771729226,10.0,35.226330703324486,4.8877794500977885,100,10,100000,36.23832174101168,41.1192708022736,40.990996465223176,P05_INVERSE_STRONGLY_CORRELATED,25,0.75,0.2
3ec3dbaede13ff55ad8bb69d8babf405786512c2ac1786bab37e59ce68aa294d,64.68024098188175,10.0,57.70253868410142,7.253376916150707,100,10,100000,57.67503443858754,65.76343774604754,64.93158335278433,P05_INVERSE_STRONGLY_CORRELATED,25,0.75,0.2
9d863b60c38ff821869b5cadc87cb0828afad3bab9d29e1ec7c330a4dde13470,63.94623552986648,10.0,55.90894179953761,6.104796415318935,100,10,100000,56.92811814510464,61.30030054499538,60.99741919322364,P05_INVERSE_STRONGLY_CORRELATED,25,0.75,0.2
d3ff010afb360daac6491173296f7df9853003d8638b7cb14c5ff7dcb44f4598,86.16369823066987,10.0,75.47966880023783,8.515098632434322,100,10,100000,76.16276353990074,81.51020367211432,81.16955473387749,P05_INVERSE_STRONGLY_CORRELATED,25,0.75,0.2
5fa17754faa819f883436f70b8e0b62c1fea622acd574af47650072143eb3e25,105.14020012710196,10.0,90.78683326800552,9.828305162647217,100,10,100000,92.76712981205505,97.8342207465614,97.58877406354546,P05_INVERSE_STRONGLY_CORRELATED,25,0.75,0.2
1ed60e62351c942f639ffca5090f392297d3d8cb3d99b911de7a736303ac612f,127.07442472524356,10.0,110.27423701914564,10.794845704905889,100,10,100000,111.07222279022038,115.62525820267282,115.45048505502774,P05_INVERSE_STRONGLY_CORRELATED,25,0.75,0.2
1401864cd8dbd6bb2a1e64a6139e0f9344c61165a1d9d8557ae35a5d616ee1eb,123.47268961993372,10.0,103.54100215931,8.855615691092533,100,10,100000,106.4707867142101,107.92048251926116,107.7394225648841,P05_INVERSE_STRONGLY_CORRELATED,25,0.75,0.2
dbdfcab7e02c52d65d1c4e778522dfdacc6c71ca14f1f1cdd7477867cc020b06,135.7404026428077,10.0,110.33246562998592,7.951720795109581,100,10,100000,114.71836917484664,114.2584957288034,114.25034905002636,P05_INVERSE_STRONGLY_CORRELATED,25,0.75,0.2
4745e3b0dd5563d8ef62a9f0b536ebcb76de244d56cc7739d34983dbe302c520,14.578053747803038,10.0,11.85984950648918,2.847981514883343,100,10,100000,12.520801743102904,14.564777159735709,14.522805892752876,P05_INVERSE_STRONGLY_CORRELATED,25,0.95,0.2
7830faa9b3721fbba243f5b72b9ad4da681761cd2dde34ea188ff68ca24dfd65,29.7883157927303,10.0,24.797621269746408,5.614817130344035,100,10,100000,26.615609464246493,29.52360403449088,29.40142683459117,P05_INVERSE_STRONGLY_CORRELATED,25,0.95,0.2
5352af01b09b3f0b6a4abd4e1ab8e5f80fc3a91c841f825f2764a86b3322c024,40.37622771729226,10.0,34.190617138529674,6.421312428769544,100,10,100000,36.23832174101168,39.02849575131099,38.90676291300182,P05_INVERSE_STRONGLY_CORRELATED,25,0.95,0.2
74350eaeaab6a8892e96f021880a32d891da1af444609159325362bf188e803f,64.68024098188175,10.0,57.09354534803897,10.892333065761092,100,10,100000,57.67503443858754,62.482074106400624,61.93618394565735,P05_INVERSE_STRONGLY_CORRELATED,25,0.95,0.2
3d64aab61a245785652e5b04ef0d6cd77a54746eaef4da9cc67259112a196e27,63.94623552986648,10.0,54.75241787975784,9.286112064963802,100,10,100000,56.92811814510464,59.01727140602115,58.77974179061438,P05_INVERSE_STRONGLY_CORRELATED,25,0.95,0.2
5002aa9882d6b5cf9e069136f6518312cc9671c14772a2363efd1475cdd8aa6c,86.16369823066987,10.0,74.49377932724383,13.440898788070063,100,10,100000,76.16276353990074,79.37258242477213,79.15235121059727,P05_INVERSE_STRONGLY_CORRELATED,25,0.95,0.2
2b24c0e5f5076c31268f60df2661577d64df9bb33080f532e603d4873cdffd19,105.14020012710196,10.0,89.75663484118627,15.55551797995723,100,10,100000,92.76712981205505,95.4158838770063,95.19077376694996,P05_INVERSE_STRONGLY_CORRELATED,25,0.95,0.2
fc8e06262ac7d3b050763065cd753699c046a4faa9987d1333b372940c5f2797,127.07442472524356,10.0,108.90959468568757,17.69362623228505,100,10,100000,111.07222279022038,113.14518614444232,113.00021261282974,P05_INVERSE_STRONGLY_CORRELATED,25,0.95,0.2
95974f8aad0d5e4dd69be8d2da53a8ad512e516fc533ffc1caf62787340f8951,123.47268961993372,10.0,102.64632255928828,13.049831756440506,100,10,100000,106.4707867142101,105.46250681818807,105.22063245988154,P05_INVERSE_STRONGLY_CORRELATED,25,0.95,0.2
f620c5ced736cf3429cafc61da09b13b41b1b8c47594e7ddfbe2af800d46e11a,135.7404026428077,10.0,109.0951187893154,11.674323809240557,100,10,100000,114.71836917484664,111.70662281942104,111.68110656004244,P05_INVERSE_STRONGLY_CORRELATED,25,0.95,0.2
2af140ebe1e41e31e81a2c877b354ced78d3aea2563de8db1bf16270cacde8da,12.305326475075764,10.0,16.380666294189627,1.4040291449909854,100,10,100000,17.019915208290882,17.750718096559282,17.626486927282045,P05_ALMOST_STRONGLY_CORRELATED,25,0.75,0.1
52733ff345512bb6e58b9d279eb7792e0c51560f42de993f8a0c885d9a371f63,22.372030599406965,10.0,31.44369350059959,2.148532596154125,100,10,100000,32.361336861275205,32.90346462356483,32.840553823086935,P05_ALMOST_STRONGLY_CORRELATED,25,0.75,0.1
6bdd27c5e3d88dafa0e3e3b5dbb54c8a352a6a9f70cf9a0c18d47a7ade57f124,31.549559499738063,10.0,43.40512434282782,2.3874573600638427,100,10,100000,44.3443150956504,45.44755646138693,45.40666303528204,P05_ALMOST_STRONGLY_CORRELATED,25,0.75,0.1
926e2391285a50ecabf9e2b8b497d58f81fbd40c6b54bddeeae21cf691156839,50.98920526743489,10.0,64.19396540001289,3.4184208498659565,100,10,100000,64.05181518519706,67.11429394659672,66.93957061525089,P05_ALMOST_STRONGLY_CORRELATED,25,0.75,0.1
c0c3572930f5ab46a055a68cacfd7a672c2376cf7a295818382268f5e8c0690c,57.232302314104594,10.0,72.04906804163784,3.825954282878566,100,10,100000,73.2139340141272,75.49175865458443,75.4879469262686,P05_ALMOST_STRONGLY_CORRELATED,25,0.75,0.1
58f18b78d1ec9d9e54e2e57452e6d2a842f7106cb57e965b5978652b8b24a627,73.24192284846679,10.0,89.8807600858904,4.615352023600706,100,10,100000,90.27969397307754,93.63032690128024,93.50981742159588,P05_ALMOST_STRONGLY_CORRELATED,25,0.75,0.1
5fe510f22ef1fa74107aba492f8b9ef00f7354a0849c3eda2a95e076af5e624a,97.0070087385414,10.0,114.48991566691258,6.021050439865347,100,10,100000,115.92551992647076,118.5947211163566,118.22813649039932,P05_ALMOST_STRONGLY_CORRELATED,25,0.75,0.1
703bdfe67af0c60dce8ee74f2538d134c55d1c09c2b426d06a577fff566d42fb,108.8609657596181,10.0,127.69809844820136,6.971400685539988,100,10,100000,128.9550924730346,131.73645654103476,131.64438785783557,P05_ALMOST_STRONGLY_CORRELATED,25,0.75,0.1
85e956fac548499d6f239796b4aa98d4f6ccfc5dd5cb272f22ced35fc8b70709,116.6003517339092,10.0,135.88298706311778,6.5522618403180415,100,10,100000,138.62905600843106,139.55720699392796,139.49043856622427,P05_ALMOST_STRONGLY_CORRELATED,25,0.75,0.1
0311d9103028c8dada78300b6f74601480fb36ce68bab3331fd3046aa7c7a3b5,121.19954561718488,10.0,140.73463104459557,6.469820684512577,100,10,100000,144.16936032970133,144.5397190751104,144.52898419541972,P05_ALMOST_STRONGLY_CORRELATED,25,0.75,0.1
dfe71e185e04aa055e3296888f3e9f2deed9bb5493c28f6f9c71c3bec253ba44,12.305326475075764,10.0,15.912421928524052,1.5190471740276872,100,10,100000,17.019915208290882,17.147672948898986,17.06111308963825,P05_ALMOST_STRONGLY_CORRELATED,25,0.95,0.1
e94697e23157944cb978d982409ee2c5fe137e7321fb41f9191161aed221143d,22.372030599406965,10.0,31.51591816499957,2.669690849710565,100,10,100000,32.361336861275205,32.56072721902664,32.49175708848438,P05_ALMOST_STRONGLY_CORRELATED,25,0.95,0.1
0dbcc569a820fdeeadcf15425f156f6b7ed1172c9e94518b7d7446716931a453,31.549559499738063,10.0,42.89891479134904,2.9979216122338435,100,10,100000,44.3443150956504,44.46421427607232,44.44712022907213,P05_ALMOST_STRONGLY_CORRELATED,25,0.95,0.1
4a5b52b5aac97008696f836be3733aa239cccf645ea415ae427af89bef042ae1,50.98920526743489,10.0,62.99798399535367,4.997377645107689,100,10,100000,64.05181518519706,65.391267219738,65.28821474983316,P05_ALMOST_STRONGLY_CORRELATED,25,0.95,0.1
88aad6bc21421c4a9889d618d6cea8345b635c52e7b885a0f01369e21ed2637e,57.232302314104594,10.0,71.49433243031336,5.346315540944977,100,10,100000,73.2139340141272,73.95966572644672,73.95966572644672,P05_ALMOST_STRONGLY_CORRELATED,25,0.95,0.1
474275910a2e7bf0866c2fc7c6e4bf5060ff32287620b517d63e5389c8779553,73.24192284846679,10.0,89.37726840065261,6.980400183474649,100,10,100000,90.27969397307754,91.74178579181464,91.677654188205,P05_ALMOST_STRONGLY_CORRELATED,25,0.95,0.1
7dd32be4032b8da2054463795f411ecce1f29e6d4d97bfd46329d993a468582e,97.0070087385414,10.0,113.43536868225364,9.266547516903408,100,10,100000,115.92551992647076,116.91484436881623,116.65200645043578,P05_ALMOST_STRONGLY_CORRELATED,25,0.95,0.1
de01e48b0eb551566f7a001051de864181550974d3feccbe13d51bdfb07ef455,108.8609657596181,10.0,127.24917927503868,10.233594079959255,100,10,100000,128.9550924730346,130.21847741273172,130.16171951804554,P05_ALMOST_STRONGLY_CORRELATED,25,0.95,0.1
b812998b014e2352aedf48a1943bc2c33c53ca33da28da302fe55eb032a0fede,116.6003517339092,10.0,135.92975611903785,10.675092041712851,100,10,100000,138.62905600843106,138.5885426443462,138.50784530812876,P05_ALMOST_STRONGLY_CORRELATED,25,0.95,0.1
3dbd206f29148bb3c448df7f09e92ae0c12177abba7ee62f33ebf1351637f045,121.19954561718488,10.0,141.37933745731385,9.901227700462316,100,10,100000,144.16936032970133,143.26730502085488,143.26473776276234,P05_ALMOST_STRONGLY_CORRELATED,25,0.95,0.1
b449070d3efb60a84a1ee69b05157f0273fa8c597649aa3c2b3a4c118e8ae3fb,12.305326475075764,10.0,16.232813541130447,3.2362299755862267,100,10,100000,17.019915208290882,20.223530920095328,20.0755502373772,P05_ALMOST_STRONGLY_CORRELATED,25,0.75,0.2
66cf0c29158bc811b5e9463855a4626b12b6f03aa84e2995da5e4dd68ec747af,22.372030599406965,10.0,31.513966252013493,4.257212795335966,100,10,100000,32.361336861275205,35.39099360070108,35.201583463841764,P05_ALMOST_STRONGLY_CORRELATED,25,0.75,0.2
3bfdaf654a58629c43ec75417996bf7fedc35179dd226efedcdcb9eff9a3e2a8,31.549559499738063,10.0,44.32619832010895,4.405587986136045,100,10,100000,44.3443150956504,48.841810284813576,48.52824824634582,P05_ALMOST_STRONGLY_CORRELATED,25,0.75,0.2
8102407af05c19db15f00d887746fba9d5ae94e689e34beaa650afe686b64b51,50.98920526743489,10.0,65.11694912017221,7.38014403135929,100,10,100000,64.05181518519706,72.1691573571337,71.77792651596567,P05_ALMOST_STRONGLY_CORRELATED,25,0.75,0.2
a4add696cdb2b30bf8be382538ad059c79289d6c4b1088a2d03c11cae3040b28,57.232302314104594,10.0,73.10713336702023,7.79660811674284,100,10,100000,73.2139340141272,79.70973372555012,79.68798942865911,P05_ALMOST_STRONGLY_CORRELATED,25,0.75,0.2
610cd421e7c3096e1dc2e08f4ca5bd66869edd2067b817f756e39c26f4a22a85,73.24192284846679,10.0,91.52859486783323,9.7026340059162,100,10,100000,90.27969397307754,98.34684564836444,98.09812851491114,P05_ALMOST_STRONGLY_CORRELATED,25,0.75,0.2
364441810b8ef92b78af2216fd6cbed1f5675706cd9b8606a79c8f28b7a90a33,97.0070087385414,10.0,115.00247037726076,11.912937715725771,100,10,100000,115.92551992647076,122.69920855213292,122.13930870011168,P05_ALMOST_STRONGLY_CORRELATED,25,0.75,0.2
0c622b8f36d5986381cfee5cbc4f73e8be793f365f8998a98addb13b16c3cef7,108.8609657596181,10.0,128.1655955164004,13.51169844208187,100,10,100000,128.9550924730346,134.94923024653093,134.7815681479069,P05_ALMOST_STRONGLY_CORRELATED,25,0.75,0.2
cfb6501947e4e28d2c5755e53630023dc87394d2b629746d0143620292e64392,116.6003517339092,10.0,135.6726114697143,12.585890388146378,100,10,100000,138.62905600843106,141.572473485665,141.44486687761082,P05_ALMOST_STRONGLY_CORRELATED,25,0.75,0.2
4b6ea1eb6632cccc76de286908573caf6f1960516b5e3c42730fdc7196b91ef6,121.19954561718488,10.0,139.27422564044056,11.128743814148203,100,10,100000,144.16936032970133,144.43565804056018,144.3987684507077,P05_ALMOST_STRONGLY_CORRELATED,25,0.75,0.2
d6eb8ae4f40d4779354866e8ab92b0698728d589c08cad115e3340e993db3c9f,12.305326475075764,10.0,15.938625475607946,3.5485925506693548,100,10,100000,17.019915208290882,18.373605788950638,18.228439240319023,P05_ALMOST_STRONGLY_CORRELATED,25,0.95,0.2
20f9aebe117e747e44623a8ee60f5d00e839a3ef3e5c7f960960fb4df0fbac9e,22.372030599406965,10.0,31.552404057095583,5.497035261229244,100,10,100000,32.361336861275205,34.010812778199266,33.84099960393042,P05_ALMOST_STRONGLY_CORRELATED,25,0.95,0.2
dc46413944fc0daecd88f17f5b4c3181c58d843c7717a68af622d88f205ae59e,31.549559499738063,10.0,43.13018543133937,6.256854449123649,100,10,100000,44.3443150956504,46.39183294715819,46.20408839445444,P05_ALMOST_STRONGLY_CORRELATED,25,0.95,0.2
8439a0946b5b6153e314b651e3f1aef85cf0656bbf7420ee90ac221315b1aece,50.98920526743489,10.0,63.26504373972741,10.766762272690634,100,10,100000,64.05181518519706,68.59677656738303,68.31668666233253,P05_ALMOST_STRONGLY_CORRELATED,25,0.95,0.2
6c2a69611cbdc923203b22699845a12459a32c7458e81853b545795a6d79b55c,57.232302314104594,10.0,71.76126802970255,12.093535436504544,100,10,100000,73.2139340141272,76.68877089761617,76.6871538664376,P05_ALMOST_STRONGLY_CORRELATED,25,0.95,0.2
096a86a6e49e679bdc400704065103ec10ac1b5162f67f44f218ddb60f35f930,73.24192284846679,10.0,90.0238193915794,14.656503144614415,100,10,100000,90.27969397307754,94.80638559240808,94.60985105055438,P05_ALMOST_STRONGLY_CORRELATED,25,0.95,0.2
a8fb10b9c23b44c9a0d37ad469cdf97db183948ac500eef90702672e2dbd72da,97.0070087385414,10.0,113.86950988699732,19.17128820381577,100,10,100000,115.92551992647076,119.94683199181516,119.5441312199064,P05_ALMOST_STRONGLY_CORRELATED,25,0.95,0.2
4e5419d36b497f5535b0e37b9ca46656c4a5f75f39dfb26803df4ff322481752,108.8609657596181,10.0,127.04003352178508,19.96398461309853,100,10,100000,128.9550924730346,132.3752155115703,132.21864086509632,P05_ALMOST_STRONGLY_CORRELATED,25,0.95,0.2
dda7aa85e66ce0b07375783e449a7e859dfadd3d38d06e00b1ef1fd05a114dd3,116.6003517339092,10.0,134.57039458607383,18.3487187739324,100,10,100000,138.62905600843106,138.80119686975203,138.68567119554055,P05_ALMOST_STRONGLY_CORRELATED,25,0.95,0.2
7abeaccb592f6e08096de7a62313f5d14b9fb219b8fb38ff9872b5d303ed280c,121.19954561718488,10.0,138.21995764401063,15.680908513414874,100,10,100000,144.16936032970133,141.12982327196903,141.0972486658045,P05_ALMOST_STRONGLY_CORRELATED,25,0.95,0.2
ac0397f73ae8cf1455720b2d28687b4535528d16583212d160f7326e1f0adf07,12.305326475075764,10.0,12.010984921229245,1.6772017333024964,100,10,100000,12.302375239528264,13.927845976457204,13.88374586013261,P05_SUBSET_SUM,25,0.75,0.1
01d28d5dd48c56522d99b9319bc6e7354e0f2b9202c2e1ed2cda2635cf3d10f5,25.242861247275755,10.0,25.188159603119523,2.0019877343700867,100,10,100000,25.24144951538684,28.00467592178406,27.91554194837774,P05_SUBSET_SUM,25,0.75,0.1
97fb50db0dc4a5eec6c9f346b5ed82ce39e32f60e96f519d8452ffcaa9547c7a,33.558045899110446,10.0,33.207599069072145,2.6930179823499314,100,10,100000,33.55658471322843,36.596203019326005,36.51653305795988,P05_SUBSET_SUM,25,0.75,0.1
9fdc4804a47742d5ecf5e2d7e58e08d82a41ec99c468c154760583aa5a8e9317,55.589331890972666,10.0,55.81875878936277,3.2723687139548083,100,10,100000,55.588876868478586,60.09323511354259,59.81309714904729,P05_SUBSET_SUM,25,0.75,0.1
968a0da3cb4f5ecdadda2de6d2b092b272a59830886e8dcde6b3c23b10a73f74,52.58259916623011,10.0,53.02755628915984,3.102085745400564,100,10,100000,52.58127984425664,56.19055280124319,55.80330937044938,P05_SUBSET_SUM,25,0.75,0.1
f6d374d0aff513be6775aeb830a9ed9d02a4a5b405aa6be6254e8a984a8ab4e8,72.52733459430624,10.0,72.92599992340547,4.2799078177017815,100,10,100000,72.52453910887805,76.35573744847805,76.09096823786388,P05_SUBSET_SUM,25,0.75,0.1
130bca072c09aa41cdcb4dc2455b1aca1e05a077633edf0467808e79a2e6424a,89.23110921801106,10.0,89.04044981471576,4.895050388921266,100,10,100000,89.22960782394708,93.092032676595,92.99777508483554,P05_SUBSET_SUM,25,0.75,0.1
b694d5e1139ff97315d7a84c9d85650b2d98ef2576bce2e2256dd1b745122c77,108.8926065434254,10.0,108.46686554961074,5.429067655685204,100,10,100000,108.89232830531066,112.10070470710134,111.98913049640328,P05_SUBSET_SUM,25,0.75,0.1
9d76a22ab471a9aa45700388f8c58b2d7c026eff7fdcb0aa213b9abe0bea2857,103.01814416538828,10.0,102.32259121791624,5.560712571538836,100,10,100000,103.0180694388129,104.93064784564096,104.87589261518158,P05_SUBSET_SUM,25,0.75,0.1
960ca38f0234091e0686bad6e93d6c0c87563a748f77aafaef46457aa22f54e4,113.01312991553498,10.0,110.575086063394,5.295920109123831,100,10,100000,113.01248351195748,113.44904891306028,113.43350074847991,P05_SUBSET_SUM,25,0.75,0.1
c68b0ca357ca4699eddab0d41c88afc6f01174d8ff3f07ce5e98ea9d62bda05e,12.305326475075764,10.0,11.86388200330856,1.3342203060283258,100,10,100000,12.302375239528264,13.0989290481613,13.065137741075588,P05_SUBSET_SUM,25,0.95,0.1
90afb4f781205c1810eefe02a75d977d6ccea1d00b8f7d6d57e4d8aa3dbe0c26,25.242861247275755,10.0,24.91773408600048,2.5728936865236256,100,10,100000,25.24144951538684,26.80323165428793,26.745006765055727,P05_SUBSET_SUM,25,0.95,0.1
a3b1ec904244ae104f471d8b0cd6d3d0e8e148a2232fb403a3fddab68d201e25,33.558045899110446,10.0,33.30111725608054,3.0234364449377087,100,10,100000,33.55658471322843,35.32101562872614,35.24345782596214,P05_SUBSET_SUM,25,0.95,0.1
507306f10171439bb98a1849a7a77787ea93b27274b49a28f4285dd5ea96571d,55.589331890972666,10.0,55.10366346706295,5.051233692665797,100,10,100000,55.588876868478586,58.08856157009774,57.855345741038754,P05_SUBSET_SUM,25,0.95,0.1
67f3ccdca8ef3bd0e6a84b5b6a8b94d65b4528bc4c662c5da3c05cf164e99255,52.58259916623011,10.0,52.26863483959332,4.46007255806185,100,10,100000,52.58127984425664,54.56674440796298,54.278825907388125,P05_SUBSET_SUM,25,0.95,0.1
06f05b6c0433132b9ae031324d809f8d6a8ea8330da89e7d114393c9a5241ed5,72.52733459430624,10.0,72.0536914230963,6.492929499933332,100,10,100000,72.52453910887805,74.71999506710117,74.51560420865323,P05_SUBSET_SUM,25,0.95,0.1
9cdf21d67726a7b774a57bae444fb581de608934a44abed4895046af120bc3a2,89.23110921801106,10.0,88.07012406963062,7.760131205276146,100,10,100000,89.22960782394708,91.27055615750876,91.18755597531012,P05_SUBSET_SUM,25,0.95,0.1
6b3c1884c68431e7f7dcc80f6a564ab5ddc453c04bf501bc5ae397c00c79b16d,108.8926065434254,10.0,107.54921154583435,9.28576733617823,100,10,100000,108.89232830531066,110.40882349006708,110.33103656389532,P05_SUBSET_SUM,25,0.95,0.1
16b1e1377b9a23fee61ba42e001696561241d0f7155e49753df0da1bc57ed29a,103.01814416538828,10.0,101.80772438984611,8.82707642024805,100,10,100000,103.0180694388129,103.7504561619749,103.71913574175612,P05_SUBSET_SUM,25,0.95,0.1
52dd12e80cbd03921bc8d3ad9438c0f3c52ff6e9ab77fa0a1c6f1358abb0de19,113.01312991553498,10.0,110.6048067970978,8.115723823479156,100,10,100000,113.01248351195748,112.3000870993812,112.26370174296964,P05_SUBSET_SUM,25,0.95,0.1
9d8f49431ae96d47d9267204dced597b21e5bcf103a78bb7c79dd05c961173df,12.305326475075764,10.0,12.026255580300925,3.128899606589061,100,10,100000,12.302375239528264,16.431863856714543,16.35320497696515,P05_SUBSET_SUM,25,0.75,0.2
e714fa0ee3726e6a99e1ab519abed16e8ed9b1f4dea18031f5f591126a6caa05,25.242861247275755,10.0,25.7055709622566,4.041002332260977,100,10,100000,25.24144951538684,31.616465276403527,31.40809393077362,P05_SUBSET_SUM,25,0.75,0.2
45b0995fda80a51124159add533a01d1b722438cf51174c2022036e7a9dbce00,33.558045899110446,10.0,33.71473764629225,5.651774161132925,100,10,100000,33.55658471322843,40.25615240881786,40.04900128966775,P05_SUBSET_SUM,25,0.75,0.2
90f7b5894a6451e1b12719ac7c716945fe48b01d72819819439b06e020259596,55.589331890972666,10.0,56.66295195591936,7.035316504018096,100,10,100000,55.588876868478586,65.18347480118784,64.53187492713126,P05_SUBSET_SUM,25,0.75,0.2
5dd9df3ae91d7d70a743f0fb3b2ae659134e8839a1c00a7c6575e460e551a58a,52.58259916623011,10.0,53.98540551865626,5.870497614146868,100,10,100000,52.58127984425664,60.11381865303749,59.40218006261032,P05_SUBSET_SUM,25,0.75,0.2
bb3562f9024bd6d564adb1022dc8b1bfd53f5d9e83528aeeb52406e65d56b857,72.52733459430624,10.0,74.17403275156325,8.355618226652457,100,10,100000,72.52453910887805,80.40528975539456,79.91433910362248,P05_SUBSET_SUM,25,0.75,0.2
752442ee0ef2d7b69550f55753c19ab7ed4a287da34b364382aa5c65af377d1b,89.23110921801106,10.0,89.73241421880633,9.704422650559591,100,10,100000,89.22960782394708,96.9664436733358,96.81001107168233,P05_SUBSET_SUM,25,0.75,0.2
422684c9fcfd13bbaa19a85a604f7d2b481e13dbfd7621a4189ec2d4a176dfd3,108.8926065434254,10.0,109.1841622248262,10.758151439636771,100,10,100000,108.89232830531066,115.25115165597909,115.05329784963617,P05_SUBSET_SUM,25,0.75,0.2
c1bc7f08fb70cf18766b71a613d1c267656ea624127fc19a88cf474ea7c603cf,103.01814416538828,10.0,102.06271310876224,10.259755555803636,100,10,100000,103.0180694388129,106.60659948774595,106.54793767663382,P05_SUBSET_SUM,25,0.75,0.2
eb1955a60d0a6816cf0e513124954e9b7be365b9ce6aa40c9527330c39a8fd68,113.01312991553498,10.0,109.0712903378386,9.021538218432438,100,10,100000,113.01248351195748,113.38231205840272,113.35336459261484,P05_SUBSET_SUM,25,0.75,0.2
9f2ffd94c52f4d434d96f89a3a1e1288ea7ad4ebd43f840d194accb1ea07b50b,12.305326475075764,10.0,11.908743353144333,3.3106096785204024,100,10,100000,12.302375239528264,14.531270638408458,14.479765456531716,P05_SUBSET_SUM,25,0.95,0.2
14c70ef47b70f89f5f22628a01081e3593389657d791bca27abf63fb66ed16bd,25.242861247275755,10.0,25.22017221344461,5.427172707586348,100,10,100000,25.24144951538684,29.165306203010516,28.994720994675045,P05_SUBSET_SUM,25,0.95,0.2
8f9822f921b8303f12c3fe923d1fc38de7febe918d3d5b0ed61dea79fc0ea57a,33.558045899110446,10.0,33.661498149602,6.678085844069041,100,10,100000,33.55658471322843,37.872284066875125,37.685504109990376,P05_SUBSET_SUM,25,0.95,0.2
abeb55d954a86ab966347ab486895fe444e6379a9e6c053b99ce6897b46e08a4,55.589331890972666,10.0,55.804761232035744,10.770114831620884,100,10,100000,55.588876868478586,61.55329026841114,61.04171704299636,P05_SUBSET_SUM,25,0.95,0.2
d37fb5c0a6bfc19a32e8bb26c0fe5ff1b7e5ed48101563763093096b1e5fa99a,52.58259916623011,10.0,52.90031331357498,9.660298135198662,100,10,100000,52.58127984425664,57.30494883522628,56.75456096988536,P05_SUBSET_SUM,25,0.95,0.2
e639ed2f7f93e163564c19101bcb8d29c69817b90cbd99266b6ce419e7799ebd,72.52733459430624,10.0,72.71084594897744,13.833038708077378,100,10,100000,72.52453910887805,77.79390778282307,77.44187372038493,P05_SUBSET_SUM,25,0.95,0.2
60e1702df0430a21dbdb9ea02a7bd527cb3dade1054fc61320363833a0e5bb28,89.23110921801106,10.0,88.67346884233466,15.977370563992912,100,10,100000,89.22960782394708,94.13988097761084,94.00282490516864,P05_SUBSET_SUM,25,0.95,0.2
b584c9ea0a9f6231d8e8a408292485e01ae24b66a90d807e1b27f8f8eefd43ff,108.8926065434254,10.0,107.67561464084709,18.355746519877297,100,10,100000,108.89232830531066,112.47264576171511,112.32415790889156,P05_SUBSET_SUM,25,0.95,0.2
1533fa963546f26d6d1250c6730a778396f00d939637e43e0e0374e3e21f691b,103.01814416538828,10.0,100.74864876806706,15.01014436772003,100,10,100000,103.0180694388129,103.88945783375635,103.84147390150312,P05_SUBSET_SUM,25,0.95,0.2
f8d5e54df5ac16148a974aa790436821b2d08386e45e0300296fbca25511bc69,113.01312991553498,10.0,108.04550855306772,13.027250751222985,100,10,100000,113.01248351195748,110.64261442248971,110.58964740510496,P05_SUBSET_SUM,25,0.95,0.2
7d16b764b381a64747a7359acbd13b11103021074c527d6b73bc20573b4b43f1,33.874605174326604,10.0,20.026053339744397,2.860652775839077,100,10,100000,18.648428781161364,21.948562308341263,21.914212039594595,P05_UNCORRELATED_SIMILAR_WEIGHTS,25,0.75,0.1
8cfef9f5220f093c0e33059cd8b2de26f31e2e11e05ace798116c94ae80b6193,65.26185218115926,10.0,46.65864651972549,3.2257279619002803,100,10,100000,46.55052729801035,49.08397078832864,48.67879666682696,P05_UNCORRELATED_SIMILAR_WEIGHTS,25,0.75,0.1
19479007cfe49200d391ecf3555f5fabdc4397b2082d2e5bb599385b29152b08,95.66112671688067,10.0,56.814061907781785,2.7065295620156213,100,10,100000,58.66952988255356,58.79967365852366,58.79247813783472,P05_UNCORRELATED_SIMILAR_WEIGHTS,25,0.75,0.1
716fd3bc9feb5de801fb1c61d3224fe3e9baceb9405956e371eb782d75b33647,137.4627533274529,10.0,75.33970390438222,3.1968588997106084,100,10,100000,77.42211777432836,77.80985600169987,77.74132841357488,P05_UNCORRELATED_SIMILAR_WEIGHTS,25,0.75,0.1
a4f74180d0c38e2b70056652529ac261f85c5cd50f48cf2429d8e34ea605a99f,164.6015480257728,10.0,81.50888624968333,2.5364195867659505,100,10,100000,83.60306480211148,84.27039833850132,84.27039833850132,P05_UNCORRELATED_SIMILAR_WEIGHTS,25,0.75,0.1
b9b765ded63dbb52f275c2520c84f917ff58dade55dc9de159b483114caaaa50,202.5920354881954,10.0,97.79853670425696,3.398616447203474,100,10,100000,99.99748599819772,100.01685712823576,100.0062275888133,P05_UNCORRELATED_SIMILAR_WEIGHTS,25,0.75,0.1
4ecf30e7aeb20f3d81cbcbba7dc2118f96a6ac24559110453e8f4e346cf2bac7,249.1997066791874,10.0,114.24414802698485,3.750008387842541,100,10,100000,118.22559744909506,118.36286310303636,118.34931735762132,P05_UNCORRELATED_SIMILAR_WEIGHTS,25,0.75,0.1
f071c7e5242a18874203b7ef3ae6701bc6bd1fa06531b4229789a2a9ed9930d1,282.5727902379595,10.0,130.2468503549284,2.652622105838378,100,10,100000,133.56487302796302,132.17365010976775,132.17365010976775,P05_UNCORRELATED_SIMILAR_WEIGHTS,25,0.75,0.1
ee6a33072874ff823bc5c915473e9b9a2919c5039bf100c9bebb6b73aab61cc7,311.37412818919205,10.0,127.7064201758745,3.056208368918921,100,10,100000,130.3939733872997,129.82333366460747,129.82333366460747,P05_UNCORRELATED_SIMILAR_WEIGHTS,25,0.75,0.1
82602b89569357f476e0c65d84f554e827898ba5df5aaf3b19754691ea37dd5f,336.6863638170741,10.0,129.14641249307755,2.4253746759895027,100,10,100000,131.55909498717912,131.14238319136487,131.14238319136487,P05_UNCORRELATED_SIMILAR_WEIGHTS,25,0.75,0.1
40e17ecc5d4f45033778c0a02ee1bcf23f686f88d37bd9dde75a0d5abfcd96aa,33.874605174326604,10.0,20.33388131428128,2.9158982838563308,100,10,100000,18.648428781161364,21.285549491987062,21.24853091730082,P05_UNCORRELATED_SIMILAR_WEIGHTS,25,0.95,0.1
a49eb283db3ace0e2bd54e7e42e696a4db947bfd1c8271de614e32b87dacc5be,65.26185218115926,10.0,46.44070914603698,4.176675687178203,100,10,100000,46.55052729801035,48.462525704527486,48.106901068649655,P05_UNCORRELATED_SIMILAR_WEIGHTS,25,0.95,0.1
a02170431c11d828e75342387d7700e2e0c443f2d3a0d2c01c15e0536aa9a796,95.66112671688067,10.0,56.901885732909655,4.021290041813666,100,10,100000,58.66952988255356,58.47308439264586,58.46689211399848,P05_UNCORRELATED_SIMILAR_WEIGHTS,25,0.95,0.1
0ff8cd0ca67d07ac34fd23b4ceed7bbe71faf91a5590e00ef075f80c61d27dc5,137.4627533274529,10.0,75.45908272246581,5.30578762371735,100,10,100000,77.42211777432836,77.28685731675336,77.24471435221167,P05_UNCORRELATED_SIMILAR_WEIGHTS,25,0.95,0.1
06b9939f02ad1f0991d822920328203878b6c4a544b2f6de448db56166b2658f,164.6015480257728,10.0,81.92167635227707,4.217066968551751,100,10,100000,83.60306480211148,83.96171418017072,83.9617141800679,P05_UNCORRELATED_SIMILAR_WEIGHTS,25,0.95,0.1
741f0fa8b564cf97acb1542c997dc38992ac294ff8d46058e8f27fc583382c7b,202.5920354881954,10.0,97.37678359418408,5.649868970897541,100,10,100000,99.99748599819772,99.3218978228902,99.3218978228902,P05_UNCORRELATED_SIMILAR_WEIGHTS,25,0.95,0.1
8bacc7090bba0574f52c12c7f3096c35b16b904d094091ae063082e9eb922375,249.1997066791874,10.0,114.40734006201774,5.828168868853131,100,10,100000,118.22559744909506,117.82712651213518,117.81483375433793,P05_UNCORRELATED_SIMILAR_WEIGHTS,25,0.95,0.1
d4d32debfad498be306484b6fc14d7deddd69238c503ba1d52b74626e9dc6a14,282.5727902379595,10.0,130.08136378944727,4.166265007354221,100,10,100000,133.56487302796302,131.86632236556196,131.86632236556196,P05_UNCORRELATED_SIMILAR_WEIGHTS,25,0.95,0.1
0130a6bcb5066d9ad4fd592dc0c735c1742ff35b0eb81d088ff94adebe8f976c,311.37412818919205,10.0,127.70304192815507,4.554678669321458,100,10,100000,130.3939733872997,129.50177745978823,129.50177745978823,P05_UNCORRELATED_SIMILAR_WEIGHTS,25,0.95,0.1
7e46ccc273c098081f3fb219df07771fd4ba5955386913e85c78c81880d9b47d,336.6863638170741,10.0,128.98516565169314,4.04112148152031,100,10,100000,131.55909498717912,130.47103161254307,130.47103161254304,P05_UNCORRELATED_SIMILAR_WEIGHTS,25,0.95,0.1
e9ebafe3901eb92a4785d0edd98aaba639ff36fbdd6f221ac6513051713d872b,33.874605174326604,10.0,20.7038731693338,4.250143100055068,100,10,100000,18.648428781161364,24.211633827174538,24.05621803452788,P05_UNCORRELATED_SIMILAR_WEIGHTS,25,0.75,0.2
fe37677676debc482a652c10b0029977931cffa15c952d36872603ad9e704688,65.26185218115926,10.0,46.93272577367494,6.215256588656059,100,10,100000,46.55052729801035,51.08753903294029,50.72702245812343,P05_UNCORRELATED_SIMILAR_WEIGHTS,25,0.75,0.2
ff5e544d185b1b51d798bcde6563382b0804d70c0c7abbf8c9412c5d97b0074e,95.66112671688067,10.0,55.92691865021338,5.894015375960194,100,10,100000,58.66952988255356,60.08443027718263,59.91883079503623,P05_UNCORRELATED_SIMILAR_WEIGHTS,25,0.75,0.2
b0d34cafcebe0215bcc6208c719e4131b664552b05c907f97de50034d7857315,137.4627533274529,10.0,75.43393559921267,7.0356073857499295,100,10,100000,77.42211777432836,79.3693704137399,79.20025266814655,P05_UNCORRELATED_SIMILAR_WEIGHTS,25,0.75,0.2
88e4fb9d9e0e2bd6e0a4ab4a3a16c33b0145c20b5e28b7de7c2037d0c9e44ede,164.6015480257728,10.0,80.82765703127032,5.578495975531549,100,10,100000,83.60306480211148,84.92423572687696,84.92423572687375,P05_UNCORRELATED_SIMILAR_WEIGHTS,25,0.75,0.2
419225f43744297410cc3f826a3ccab50398c41193fff633b8886fd2509a7304,202.5920354881954,10.0,97.64280901003649,7.822216922000415,100,10,100000,99.99748599819772,101.20746320109367,101.20153921365784,P05_UNCORRELATED_SIMILAR_WEIGHTS,25,0.75,0.2
c4ad8e4f925dbd9210f1100537624aa706f9783b91d7320fcaa57d5aec92374b,249.1997066791874,10.0,112.76587688868224,7.718047044887697,100,10,100000,118.22559744909506,118.60576138099526,118.4665362964234,P05_UNCORRELATED_SIMILAR_WEIGHTS,25,0.75,0.2
a8d9a73210d9688e7aa6c129d3d17504cfc3bda776bfe75c01ae6d31afbbde93,282.5727902379595,10.0,129.25631950608715,4.898624080794284,100,10,100000,133.56487302796302,132.0645124925088,132.0645124925088,P05_UNCORRELATED_SIMILAR_WEIGHTS,25,0.75,0.2
200c64bab6c4eae96914df8790ed7c06185e66b1666311695d705891138b5cfd,311.37412818919205,10.0,125.84430138503778,4.92713241203978,100,10,100000,130.3939733872997,129.65056671410767,129.65056671410767,P05_UNCORRELATED_SIMILAR_WEIGHTS,25,0.75,0.2
858ad3c94c9793e630ba57d90c4d820fc39ce5ac1e4e742ba72820b0136c9b2e,336.6863638170741,10.0,127.09091131994492,4.306962939540884,100,10,100000,131.55909498717912,130.36280785403787,130.36280785403787,P05_UNCORRELATED_SIMILAR_WEIGHTS,25,0.75,0.2
e76da7e8a0edaaf90264d9c3cc3a2f8de4e9271c593ec4390af8bee7244d9bef,33.874605174326604,10.0,20.914926268589188,4.359184045796535,100,10,100000,18.648428781161364,22.915962462231786,22.82507096595309,P05_UNCORRELATED_SIMILAR_WEIGHTS,25,0.95,0.2
86acb5cf955d70c9c50c67cbb243ead41e9ddb1ba010d9388319a3f39dac6df6,65.26185218115926,10.0,46.969017272470055,8.244735425936842,100,10,100000,46.55052729801035,49.71937294386901,49.41738612889351,P05_UNCORRELATED_SIMILAR_WEIGHTS,25,0.95,0.2
1c7d661dff24ef80a495f3ad60bed24af38a8c2c08da2cbe2e2ad24f7a4d7a00,95.66112671688067,10.0,55.94419220710546,8.438784242221374,100,10,100000,58.66952988255356,59.146417040057166,59.03188181763022,P05_UNCORRELATED_SIMILAR_WEIGHTS,25,0.95,0.2
48dcfb6adaeea484342c5176cfce621d9556c1b4c5f66d9af514d6ef2eef1de7,137.4627533274529,10.0,75.2503697507903,10.428426072753153,100,10,100000,77.42211777432836,78.19339464829493,77.96978901696228,P05_UNCORRELATED_SIMILAR_WEIGHTS,25,0.95,0.2
0c5d2f6c21a75a236b075f766611dad6db8f13e4bcea2bd4e7907d39ffcbac56,164.6015480257728,10.0,81.48310871253598,9.12958262196406,100,10,100000,83.60306480211148,84.27937404109264,84.2793740459033,P05_UNCORRELATED_SIMILAR_WEIGHTS,25,0.95,0.2
cf7e0b4c14dace21c389503f6442375f428217d360a86ac6db7913842d96a78a,202.5920354881954,10.0,97.14658037359612,11.931879297226857,100,10,100000,99.99748599819772,99.93136833039443,99.90028656404324,P05_UNCORRELATED_SIMILAR_WEIGHTS,25,0.95,0.2
2b7c01c892be71b60df8c500ddf549869ee34b0640f124d8ea1fcaea5ebb9ae3,249.1997066791874,10.0,112.36100371744688,10.770624498332191,100,10,100000,118.22559744909506,117.50774919487698,117.25799121860584,P05_UNCORRELATED_SIMILAR_WEIGHTS,25,0.95,0.2
985b2d5e4069fe2698f1a1fe550c0c243495f1aa63708a11a1ed3b49290fe9ec,282.5727902379595,10.0,128.75310490284252,7.440324038516337,100,10,100000,133.56487302796302,131.250943421847,131.250943421847,P05_UNCORRELATED_SIMILAR_WEIGHTS,25,0.95,0.2
fb213069d6a5887aecc4ec4e8aeaa3dfd6fc2bcf38887984486693300a516084,311.37412818919205,10.0,125.85101778726832,8.478977481900067,100,10,100000,130.3939733872997,128.48743710446269,128.48743710446269,P05_UNCORRELATED_SIMILAR_WEIGHTS,25,0.95,0.2
9679c32228c664b8f122e425d73f554c50307a7220e4d6888b0e799e577a2a4e,336.6863638170741,10.0,126.59195653107646,6.840055415051973,100,10,100000,131.55909498717912,128.7046835901738,128.70468359032014,P05_UNCORRELATED_SIMILAR_WEIGHTS,25,0.95,0.2
34e95f5646c0fc585c2932f30b9075bb477993b36ac9d1bd9137984df74a47ee,12.305326475075764,10.0,20.82630749765664,1.3890060025823765,100,10,100000,21.0,21.14864716030754,21.12108967089598,P05_PROFIT_CEILING,25,0.75,0.1
e2d7193cd78defcb25007b4720b21e5c5dcd65e49cd1a2854da65b268e25f97f,25.242861247275755,10.0,40.51816521124891,2.3253732381657626,100,10,100000,42.0,41.10981346594056,41.10981346590002,P05_PROFIT_CEILING,25,0.75,0.1
d378ec84ff12ecd28a940db8aec9df9e7feba06b9d77346782a95240a81e517e,33.558045899110446,10.0,52.832137806881256,2.724846817530904,100,10,100000,54.0,54.38338366243923,54.28943380818055,P05_PROFIT_CEILING,25,0.75,0.1
3e5d20614bcad43eaca16b0017c5396cd4d7dd48da7f045e1b319e3e20e95c17,55.589331890972666,10.0,76.13945047346886,4.100734115847456,100,10,100000,78.0,79.23923167104859,78.82628998498868,P05_PROFIT_CEILING,25,0.75,0.1
b014c904645be499698e8b98f82247eec9d8269b83af300dab32658b84e0f6f2,52.58259916623011,10.0,77.01669057144922,3.384673545156704,100,10,100000,78.0,78.83775474445267,78.5567188122456,P05_PROFIT_CEILING,25,0.75,0.1
301b5f613fcb4930f1cf2ebca14a564f789c8868f837a25e0995d4c772abe722,72.52733459430624,10.0,101.01108376081524,4.781406414483686,100,10,100000,102.0,103.9900424038694,103.77460443348336,P05_PROFIT_CEILING,25,0.75,0.1
28136662c2064f830ec28e63054137a2b857d2de653fcd547288d576f6c0f885,89.23110921801106,10.0,121.15272158030336,5.236312167694791,100,10,100000,123.0,124.52943594251684,124.52943594287086,P05_PROFIT_CEILING,25,0.75,0.1
825a876d7e0da3ee15b3457602c5a424c12a32c927df4d78ac5008ebcfef22fd,108.8926065434254,10.0,138.39985656458245,6.337313815183745,100,10,100000,138.0,139.8139193330775,139.81391933298303,P05_PROFIT_CEILING,25,0.75,0.1
9b528635488658c87c8c4bb475e4cd4b481de28c1c7002149f5e33f8338eb858,103.01814416538828,10.0,132.34434413138362,6.083304051300317,100,10,100000,133.851380560758,134.24900441141818,134.24900441202547,P05_PROFIT_CEILING,25,0.75,0.1
71805265da642c48fcb6af12332bcc00ecc99e50d6bde620773def90ce7a77c6,113.01312991553498,10.0,138.70413672080755,5.872273776726254,100,10,100000,141.0,139.9545203468245,139.9545203468245,P05_PROFIT_CEILING,25,0.75,0.1
7b0a893869141bb5bb1c044a6acfb2c96c29e410ff274c994ef73cf8ce51fb00,12.305326475075764,10.0,20.619425705751272,1.591521484688204,100,10,100000,21.0,20.794119330461854,20.793501165221542,P05_PROFIT_CEILING,25,0.95,0.1
1fb75a8129b6cba9a348574e2704792d760398eda42e0511c39dad600d0d0bfb,25.242861247275755,10.0,40.13401987220265,3.3778743948715757,100,10,100000,42.0,40.89134765651993,40.89134765638939,P05_PROFIT_CEILING,25,0.95,0.1
73114936fd3bc6beb484f93863c7bd0c27989f0a3514274a243752ab97499e60,33.558045899110446,10.0,52.66403243242066,3.591553236442816,100,10,100000,54.0,53.993280675888535,53.97141883258807,P05_PROFIT_CEILING,25,0.95,0.1
60bfe77333c6047b39bb16fc77ffdc21ef594f7d695e08e23e08da77db31e99f,55.589331890972666,10.0,75.0495593451525,5.51980745736747,100,10,100000,78.0,77.72522573979072,77.38570181691615,P05_PROFIT_CEILING,25,0.95,0.1
4aebe512a52acb631b66d17c119f68170924230fa41d95eb736376e7a4cc6ec9,52.58259916623011,10.0,76.5975889253319,5.3266793433158615,100,10,100000,78.0,77.84302137102088,77.60661347728765,P05_PROFIT_CEILING,25,0.95,0.1
e2428ea0f3e191fded3030995b5cdfc271fb0a2e790179483dd271f0f963d8b7,72.52733459430624,10.0,100.89003422999316,7.557810793865976,100,10,100000,102.0,102.90925928808848,102.760405655743,P05_PROFIT_CEILING,25,0.95,0.1
83243e47c482b25c9df83150bc7da185d9e22a10bcd933cc8ad68b8b6e0bf3a7,89.23110921801106,10.0,120.75493978750106,8.311138586838782,100,10,100000,123.0,123.3905404388082,123.39054043947064,P05_PROFIT_CEILING,25,0.95,0.1
e0daae0755c43343a972ddc0daa2c0f525484acb6a5a912a8a1f3f9617138846,108.8926065434254,10.0,137.3203306238026,9.676599482510008,100,10,100000,138.0,138.77621202648368,138.77621202593735,P05_PROFIT_CEILING,25,0.95,0.1
4322019ae3b4a60fac64a0b975e4edab9ae43a07641b087cd7dbb69e913c9980,103.01814416538828,10.0,132.23543926160525,9.478752170816014,100,10,100000,133.851380560758,133.27854624704372,133.27854624707132,P05_PROFIT_CEILING,25,0.95,0.1
5bd91a2034dd6edb2d5b2e25fc96a4a7da3b6233211160ac5be095d7674663b1,113.01312991553498,10.0,138.20006523695147,9.023110171255931,100,10,100000,141.0,139.01934248963013,139.0193424897717,P05_PROFIT_CEILING,25,0.95,0.1
6d03485ed4bedf8b747e4c3bef653b90f316a12dede9b51c7779ad1a7b3d92a6,12.305326475075764,10.0,20.67337296466646,3.0913045304903197,100,10,100000,21.0,23.04399101519864,22.712179458998307,P05_PROFIT_CEILING,25,0.75,0.2
67d1fe2a9625987ddd639a5f8f4185c3b7690fe157a0b245173a22e90e7348ac,25.242861247275755,10.0,40.58183858990396,4.909625596179383,100,10,100000,42.0,43.66601048559591,43.55501588364535,P05_PROFIT_CEILING,25,0.75,0.2
168f613dfaaa0e397ad36a615140b8457652e092d64afa566564cf63e7237d6b,33.558045899110446,10.0,53.34537255832084,5.55217875958891,100,10,100000,54.0,57.04497164816455,56.688663045971154,P05_PROFIT_CEILING,25,0.75,0.2
e191fef25d1125a813991169d79ddaadd50cda976a464cb335502f9a988d5275,55.589331890972666,10.0,77.06376017768208,8.048808963613281,100,10,100000,78.0,84.22589608899993,83.31163775672498,P05_PROFIT_CEILING,25,0.75,0.2
5249c51e10972b7a4f7c6f815be55f7b65f785a1778e2ed78d4517b7476bbf0a,52.58259916623011,10.0,78.1816773097199,6.748060121821155,100,10,100000,78.0,82.14521541247512,81.396704717571,P05_PROFIT_CEILING,25,0.75,0.2
66134955de640972c26f384065d6bc62f4291586e58c2d3225402f1bf5688d9e,72.52733459430624,10.0,101.31298736296075,10.223405613224877,100,10,100000,102.0,107.49440652444122,106.84718972685624,P05_PROFIT_CEILING,25,0.75,0.2
c843583537a93aa137aa2b2811a21d07bac1dd0302a2dcc5794ed376a4a453e9,89.23110921801106,10.0,121.15462678889942,11.217525343967582,100,10,100000,123.0,127.73623526237412,127.68238139245108,P05_PROFIT_CEILING,25,0.75,0.2
62f9fb12c4f2e0adad5360b2e599743752a7dcbace76a4199022876b4c787b4d,108.8926065434254,10.0,138.83210077616403,12.227945659019682,100,10,100000,138.0,142.5771706683646,142.5171706688702,P05_PROFIT_CEILING,25,0.75,0.2
f54cd184c12780a59dcb715d696b0c6a035459bc9d63a562be1889647c3430bd,103.01814416538828,10.0,132.40956065774753,11.734806780542298,100,10,100000,133.851380560758,135.69371916190278,135.69371916183238,P05_PROFIT_CEILING,25,0.75,0.2
7d5ddb208af672aebe10eb41f466c7611ce06c51267bb12f89ff05732d077e26,113.01312991553498,10.0,136.49074838316668,10.26800446806388,100,10,100000,141.0,139.6996070041776,139.69960700401754,P05_PROFIT_CEILING,25,0.75,0.2
712740d6f9f9044468ddaa4e2cfc2f86d14f6a6c85dbb0bd563f4255f2728cf2,12.305326475075764,10.0,20.703351530758727,3.4581198799264947,100,10,100000,21.0,21.62936124764474,21.49159207188174,P05_PROFIT_CEILING,25,0.95,0.2
c5227944c4e946868a5f8466cc8bf78e749eded21a3b0880a630c92c7db63049,25.242861247275755,10.0,40.298601352064175,6.669843827585461,100,10,100000,42.0,42.10085964490992,42.07140935194837,P05_PROFIT_CEILING,25,0.95,0.2
8dc0459129b92e159e2854ef79b30b23465216ab1a090e72c87617bac22c81e6,33.558045899110446,10.0,53.170914858581256,7.772556140901261,100,10,100000,54.0,55.73777190525383,55.50284412458953,P05_PROFIT_CEILING,25,0.95,0.2
05e18047a21fd389daf2c082a9748d68e1069a7a9e9fc44f2ea8202bb6e563d7,55.589331890972666,10.0,74.97671064922785,11.583227626486435,100,10,100000,78.0,80.59210233605823,79.939238614682,P05_PROFIT_CEILING,25,0.95,0.2
c69170704fcba35c8919d51b74779b0df64d001e9b5dc84c073e6fa3eb790b64,52.58259916623011,10.0,77.32539292498768,11.085364420447805,100,10,100000,78.0,79.72382469821164,79.27826711668274,P05_PROFIT_CEILING,25,0.95,0.2
cf9c195815f4eb56642384dad07b38150dcf8ec86950e6dd25f6ab6f82c1f4c0,72.52733459430624,10.0,101.41877217505797,15.40190239906866,100,10,100000,102.0,105.12100929915128,104.48989072352992,P05_PROFIT_CEILING,25,0.95,0.2
9601af8c432b9044274130c6fa58fe296b6a01c2a97fc15439acba379cda2a60,89.23110921801106,10.0,120.75050778707543,17.850075707507774,100,10,100000,123.0,125.27597696528504,125.16801581614494,P05_PROFIT_CEILING,25,0.95,0.2
3c86725036a537f2b038cb70f371f3bef59b8a2ae9667f694fcba331a290fafd,108.8926065434254,10.0,137.83846108156743,19.76513478335009,100,10,100000,138.0,140.08818792826344,140.0881879280675,P05_PROFIT_CEILING,25,0.95,0.2
67c71f9e9206c9381a9861347ca5fff906df0cf9d65ac8d8a6ec87710ba4af6b,103.01814416538828,10.0,130.46022694408174,16.57612093998413,100,10,100000,133.851380560758,132.87789848487986,132.877898485001,P05_PROFIT_CEILING,25,0.95,0.2
e782a2f13bf54cced474de4e442af9413bd623cc4a2b7e4bc17ad3a6fd961de9,113.01312991553498,10.0,135.47510008757007,14.086351985379046,100,10,100000,141.0,136.85961693726793,136.85961693776832,P05_PROFIT_CEILING,25,0.95,0.2
0e819a738047f23a1afe1f157678eab2c3d1a2097f913046a56dc61c21132a06,12.305326475075764,10.0,30.40472545600984,2.3939016119333245,100,10,100000,31.53590007140792,31.48972911442278,31.22128130662065,P05_CIRCLE_INSTANCES,25,0.75,0.1
303fe094995dd7e97b5aaec69f359dc567f4fd8a98284b6f91cf05608e72aedc,25.242861247275755,10.0,55.30811888715112,2.8559110884740417,100,10,100000,56.71022698093299,58.01078923823098,57.9391881107404,P05_CIRCLE_INSTANCES,25,0.75,0.1
96d58dddd89a8afea9afb045f525242aa586517c5a671bf5ce8821cb95c13bdf,33.558045899110446,10.0,81.48771874517917,4.033252642526973,100,10,100000,83.53057089407726,83.63747120787026,83.40589894015568,P05_CIRCLE_INSTANCES,25,0.75,0.1
060d812f311a4c79146a7f2e75451e9f78d7c24bc5cc8533f51856e4a1da1a3d,55.589331890972666,10.0,103.0674786733908,3.9908534099665656,100,10,100000,104.52699775921629,106.7681009996812,106.71196614541992,P05_CIRCLE_INSTANCES,25,0.75,0.1
a863d5bd107e457f80cccf049a338ac5ac16aee1241c7255c7cb7ecf85f5abd5,52.58259916623011,10.0,114.25145208200712,4.874110881576857,100,10,100000,115.92327134761176,116.48905305499804,116.47704213285093,P05_CIRCLE_INSTANCES,25,0.75,0.1
078cbd542a4cfb3e0c8c373ea303860656d9d50c6dd622371aa237cf656e17cb,72.52733459430624,10.0,135.4227134105737,6.0398059016241765,100,10,100000,138.56613818130893,138.41353108813777,138.068557074249,P05_CIRCLE_INSTANCES,25,0.75,0.1
d8b650826b6ef432958b69871584d9d70b903e17cc06ea2eb26fdd8cba5082a4,89.23110921801106,10.0,154.737298040343,6.907404751833624,100,10,100000,157.3636157303596,157.75133238144687,157.73373563064683,P05_CIRCLE_INSTANCES,25,0.75,0.1
ca195a72f734bbe53313e0156c138c9a6456fb74107c4e70d27974605e5f39b5,108.8926065434254,10.0,178.38797004106846,7.577256128368695,100,10,100000,180.3696425936585,181.21901566383409,181.13774377915044,P05_CIRCLE_INSTANCES,25,0.75,0.1
29fbdd7af8d66b62397fb07cb5f0e8eda4e2b22d4b8868c28ce7fab7fa59219c,103.01814416538828,10.0,177.70494140867518,7.50040835780849,100,10,100000,179.83021637263218,180.93529068740148,180.93529068740148,P05_CIRCLE_INSTANCES,25,0.75,0.1
5e6a4336c2ec0a4362cf657297a4674d424261978bc521e519507a3c82adf8bc,113.01312991553498,10.0,192.7961561319166,7.231959654977311,100,10,100000,193.88339683369745,195.05037844434108,195.0405002675684,P05_CIRCLE_INSTANCES,25,0.75,0.1
2c276749eaed6adfbc5e63ffa744eeddcca6a2eb0212b24a9099324b8277f59c,12.305326475075764,10.0,29.710121745937062,3.1199826603152565,100,10,100000,31.53590007140792,30.70905104052032,30.62273698306229,P05_CIRCLE_INSTANCES,25,0.95,0.1
647f637903b183b171b80ebe892bdb2484343ebe648671da168df8d1d013c063,25.242861247275755,10.0,55.740344871800126,3.816246125701375,100,10,100000,56.71022698093299,57.57335531915559,57.49423298363345,P05_CIRCLE_INSTANCES,25,0.95,0.1
685deea490edcba0425de364a6062a2edaeb943ef7aa4dde3685d8e33b79de4d,33.558045899110446,10.0,81.64506861909395,5.33504612523074,100,10,100000,83.53057089407726,83.40957951892482,83.21840864183638,P05_CIRCLE_INSTANCES,25,0.95,0.1
5b094eaec070670bd03022398fe6e1480866559a41998870691f4ee3d7734acb,55.589331890972666,10.0,102.31168002105557,5.956065253413651,100,10,100000,104.52699775921629,105.5499146051044,105.5377211846908,P05_CIRCLE_INSTANCES,25,0.95,0.1
5a0b723fae7e8f8e7764632460a5a32f63c62eab9afe5a5ccca970a7213adc75,52.58259916623011,10.0,114.17045714033014,7.343689626716433,100,10,100000,115.92327134761176,115.7155076217637,115.71485271471931,P05_CIRCLE_INSTANCES,25,0.95,0.1
03f7e6f6e9d0789820a1575c590278bc8943479653107f1b789848de5b253838,72.52733459430624,10.0,134.96727113091518,9.103202094141768,100,10,100000,138.56613818130893,137.65310194194427,137.36709284377403,P05_CIRCLE_INSTANCES,25,0.95,0.1
f8de8b8d80d2756f673c14c79721daa6d3617f3ae206dcc670da6c63476515ec,89.23110921801106,10.0,153.63399721830208,9.88861558632038,100,10,100000,157.3636157303596,156.32108082729263,156.3207532966967,P05_CIRCLE_INSTANCES,25,0.95,0.1
00d642da013157a15ec20c78ecd4ca7e6bdf216b9bf4fbd7e0da63b4109f243c,108.8926065434254,10.0,178.04668250892834,12.349793797245336,100,10,100000,180.3696425936585,179.9739612642065,179.9409456669943,P05_CIRCLE_INSTANCES,25,0.95,0.1
2217e7e0e6cacf69863c58fa83d9f5fe6380c2c6b2151954d9e50ea7ee91df7f,103.01814416538828,10.0,178.2377301230848,11.26413143341624,100,10,100000,179.83021637263218,180.05133435844817,180.04671064602374,P05_CIRCLE_INSTANCES,25,0.95,0.1
c906db57c11b57cd0b547233d85c838d06bd83044f5568fb641a69a56d17f363,113.01312991553498,10.0,192.5301972144734,10.4525550448775,100,10,100000,193.88339683369745,194.0741036960088,194.0415161696245,P05_CIRCLE_INSTANCES,25,0.95,0.1
245871d1c56bd7dce3bf15ab8fe64ec92ce787c6ca456d9adf70ce9ec496a493,12.305326475075764,10.0,29.69391091855961,4.101085568180163,100,10,100000,31.53590007140792,33.59216056959035,33.147972233775725,P05_CIRCLE_INSTANCES,25,0.75,0.2
f5ceab49e6ea4ed4ab79bfc7e398b687f021f22ba50726514f24f61721df3db8,25.242861247275755,10.0,55.99253248157507,5.962705258747686,100,10,100000,56.71022698093299,60.780983189623285,60.444319968238034,P05_CIRCLE_INSTANCES,25,0.75,0.2
6fd6bf86f80cbd8868074c7eea9ccce5a5151c2da3a0aeb74b40648f3c56238d,33.558045899110446,10.0,81.00924099671585,6.595195139398635,100,10,100000,83.53057089407726,84.95586282683516,84.54337740838186,P05_CIRCLE_INSTANCES,25,0.75,0.2
a8807cdf3aa5c7588f37666fbad32a56f37981898017c4125c8c679df65374dd,55.589331890972666,10.0,104.37663066936553,9.08740490765326,100,10,100000,104.52699775921629,110.628060943737,110.31226728923092,P05_CIRCLE_INSTANCES,25,0.75,0.2
deaa3de79b20ed0611764b52edfdcaddeb043c3b4bc9c3988958224ac78aa7bf,52.58259916623011,10.0,115.24711683813842,9.205052577388106,100,10,100000,115.92327134761176,119.12358122608664,118.93665420849824,P05_CIRCLE_INSTANCES,25,0.75,0.2
252680b10aff13dfd62171cab31d570384c40ccd198865b3dfaefbcf19d817e0,72.52733459430624,10.0,136.35875729914662,11.63938106361234,100,10,100000,138.56613818130893,141.6488567983562,140.7862809850208,P05_CIRCLE_INSTANCES,25,0.75,0.2
97cbd106621227e1267bb28d347334c83658659eef9db4be1bb74f893dac19bc,89.23110921801106,10.0,155.10834939160733,13.295676639508835,100,10,100000,157.3636157303596,161.46215697026847,161.4256985404241,P05_CIRCLE_INSTANCES,25,0.75,0.2
07d9ba17957465ef5211a7a233053b75ec11ec82d6377880d995edca5e75a8d5,108.8926065434254,10.0,178.34590698741857,14.81399504202504,100,10,100000,180.3696425936585,183.95992612314,183.68956812084053,P05_CIRCLE_INSTANCES,25,0.75,0.2
104bc2c0ac684d1a52d59cc1044da7b0378b2a4b8750da7c3202b07f6e496afd,103.01814416538828,10.0,177.74707294796434,13.58603753061241,100,10,100000,179.83021637263218,182.5737588854037,182.55433008925536,P05_CIRCLE_INSTANCES,25,0.75,0.2
655a703bb1eea4982edd45c9c5d3cd6254f7198c598dbf3bbdefbf34a0291525,113.01312991553498,10.0,190.38569720695213,11.986664749501935,100,10,100000,193.88339683369745,194.557630417002,194.55269132861565,P05_CIRCLE_INSTANCES,25,0.75,0.2
563eabeb687581abf47507b02772d2af57cfa0601d7c3faa0154603625df041a,12.305326475075764,10.0,28.7404652781017,5.296011366298206,100,10,100000,31.53590007140792,31.841610492557635,31.49693261611745,P05_CIRCLE_INSTANCES,25,0.95,0.2
0773b8959197e2d722ad198febcb9ad5244b6ddb1dffdf1482b6ca7f274adad1,25.242861247275755,10.0,55.72828941065931,8.011465037895226,100,10,100000,56.71022698093299,59.160905299146215,58.861148388878746,P05_CIRCLE_INSTANCES,25,0.95,0.2
7e6dfc73aac5dd817c3b05a0eae5d95f5b8bc018f7d0754f76c2f29bbf586120,33.558045899110446,10.0,82.02415394339799,10.501738322002918,100,10,100000,83.53057089407726,84.57227362777498,84.29823711356215,P05_CIRCLE_INSTANCES,25,0.95,0.2
fc95f66bee8b52331903e7c73d7e7fe4b6fe58eea7e24d52437fc8731ee05b4a,55.589331890972666,10.0,102.2524372513386,14.01285318881666,100,10,100000,104.52699775921629,107.29155503884132,107.1225205595602,P05_CIRCLE_INSTANCES,25,0.95,0.2
7423bf997dff950ddd76a12b281d5098bc3ee4a9dc43683367d4465deb871ddf,52.58259916623011,10.0,114.75970831523396,14.774711448127514,100,10,100000,115.92327134761176,117.02446387676272,116.89635801514436,P05_CIRCLE_INSTANCES,25,0.95,0.2
456a9931cefe6be8538d4a2cdf66d16e673073d09a67dd9f664f985302d3d985,72.52733459430624,10.0,135.1644474168512,18.852517941588967,100,10,100000,138.56613818130893,139.6171199464888,138.98963055884863,P05_CIRCLE_INSTANCES,25,0.95,0.2
0f973574fdd3896e5233c03db731106a9821f83699deacde2a5d80e35cb7d124,89.23110921801106,10.0,153.72917114283507,20.651229354250745,100,10,100000,157.3636157303596,158.62229697857177,158.58834485333156,P05_CIRCLE_INSTANCES,25,0.95,0.2
400819049b6319e2364ca93f9063bbbf69e28f55b06c2dc9d7a74742f1554e71,108.8926065434254,10.0,177.37120368057623,23.510699835429325,100,10,100000,180.3696425936585,180.72326027866984,180.49955803283467,P05_CIRCLE_INSTANCES,25,0.95,0.2
68e565aeeaf7c5d26af693ebb803932f809682e14885a8e4ec05729a32ba34b3,103.01814416538828,10.0,176.89116327823953,19.70650001852667,100,10,100000,179.83021637263218,179.32562486740014,179.3186590272605,P05_CIRCLE_INSTANCES,25,0.95,0.2
702ceddd16bdd324b7c9bcd06baafae5256136829493b5cbcb535d9b05d27b36,113.01312991553498,10.0,189.59302108760727,16.263844728783344,100,10,100000,193.88339683369745,191.38408364728335,191.3480952158929,P05_CIRCLE_INSTANCES,25,0.95,0.2
