instanceID, capacity, shortageCost, solutionValue, solutionTimeMs, statesExplored,instance,n_items,corr_coeff,coeff_of_var
79e28671ef77a7f5ef2813638e030b608083754934992a3ae21718c5ba0151ab,12.621430623637876,10.0,33.18489697548656,89403,28529,P05_UNCORRELATED,25,0.75,0.1
793eeeb46510fc6eadb3e7c45b40a96324668eeacb7cebe992cee4356c92a9d4,27.794665945486333,10.0,50.3805573935192,108749,34729,P05_UNCORRELATED,25,0.75,0.1
0d2f7dd78013c32750b62b5cd61003d66296f95fd5e7cc99902a5cdbe2d79409,36.26366729715312,10.0,58.35363827923816,76105,27296,P05_UNCORRELATED,25,0.75,0.1
78539f78d3109c26088b5fc7526988840413f899485dc507bb69ec54ae64e862,54.44630327171269,10.0,82.72917476059298,107977,34684,P05_UNCORRELATED,25,0.75,0.1
d36bac5dd7893199f9da66b0f0493822dcbbe040537ab750f9c03f13ca76de18,56.50656495776749,10.0,95.71501729125588,67034,21141,P05_UNCORRELATED,25,0.75,0.1
c23d5d944b2137bf14438b36e734b55ff76787f49229cc5252834547bbadac4d,73.96608160813751,10.0,108.40891968030247,95719,28622,P05_UNCORRELATED,25,0.75,0.1
6524101c41d1f9eaf68b499476373e221c472a8ea6a7896685bf0478f1af0522,92.55281938618496,10.0,126.38919689011716,106662,30744,P05_UNCORRELATED,25,0.75,0.1
6ce6ad5f7f56e1171371041333f04e124a8b194c01d0d1f3b0ea45e7dfe27a82,107.25274208920996,10.0,137.702551041733,113191,33133,P05_UNCORRELATED,25,0.75,0.1
e2b4b42fd3d1ab06d611bb8dadce34e7b3869f30dc65541f6472643cfe29b2f3,115.38170983579587,10.0,133.4298577787555,102715,28407,P05_UNCORRELATED,25,0.75,0.1
aabcb1820fdb1c9ceedb9c3c0c61bfc4cb8f5c1c28bcadf3f8d261266111f609,123.69269143427805,10.0,129.50669143331626,97740,26224,P05_UNCORRELATED,25,0.75,0.1
851b5ba960b279fda8a52b937206f455f35af970ed7a78e538bbd81b744195f3,12.621430623637876,10.0,35.595302827367554,95582,28529,P05_UNCORRELATED,25,0.95,0.1
8e59ef9bf40662af539f8b83d3444eaecb42dabec5edfb8d3e24f7e8be7370e2,27.794665945486333,10.0,48.18389400789869,109283,34729,P05_UNCORRELATED,25,0.95,0.1
0c9bf24ffdb66891899d8ac097376ec33f4622a1cce91092ce69806239207554,36.26366729715312,10.0,57.50605795005245,83317,27296,P05_UNCORRELATED,25,0.95,0.1
8905f3dcbb58f003190303aaf6756a4584a881c1ed788f9008880f2ce605939f,54.44630327171269,10.0,87.57847838683091,109998,34684,P05_UNCORRELATED,25,0.95,0.1
5410706c48b2b9d6959933f3350031b0666eb02ee57e70c634bb0061105848e7,56.50656495776749,10.0,97.59693351656676,68116,21141,P05_UNCORRELATED,25,0.95,0.1
ce8602907d60d4d6933d974dc304067d8f8b8eab3d41cc79e86fab8334c0c5b2,73.96608160813751,10.0,110.84417503273822,95232,28622,P05_UNCORRELATED,25,0.95,0.1
944ebb0318f38ca220c0e0cc2892877e9336390bd54c8b8dfadc0b302c05b265,92.55281938618496,10.0,129.18498505580072,110620,30744,P05_UNCORRELATED,25,0.95,0.1
a4c6c7b3605d645d3935961fde363025ff9de6229f5b26187930f4bbb5859a20,107.25274208920996,10.0,139.89019398753442,119355,33133,P05_UNCORRELATED,25,0.95,0.1
486d2e545f68c82e30e92dfd10c2fc4667dffdadb1aa1526a6e7bf5aa25a357c,115.38170983579587,10.0,133.00077174494942,101424,28407,P05_UNCORRELATED,25,0.95,0.1
35cbcb5b76909d7531c923fa7735bdcf5fa2e5f223f45a969bafc93533962f45,123.69269143427805,10.0,128.8668913302161,99941,26224,P05_UNCORRELATED,25,0.95,0.1
5b9eb319c9e2520166d3fa28d3ae1edfffbbfb04f69a96064ada880b5fb8f5f7,12.621430623637876,10.0,33.129742033911775,648966,94157,P05_UNCORRELATED,25,0.75,0.2
67c5c190484478d3b006f6fd9ed1d89d59c35c642a6ea148edb4dcbab6076be3,27.794665945486333,10.0,50.62672083916426,861445,146312,P05_UNCORRELATED,25,0.75,0.2
00389ccbbefc2c52ef8592e301ed6c52c1d681cdad8fa55f5eb2eafe71c47084,36.26366729715312,10.0,58.61268430181228,506004,88267,P05_UNCORRELATED,25,0.75,0.2
3ab02a90098652b9c95edd976c88c04620590cab26820c0caf4b38d7b72c6077,54.44630327171269,10.0,82.70381646414486,747369,120462,P05_UNCORRELATED,25,0.75,0.2
194d171ba6fd8f0ba3ae0b7dda5ed07e67e603a2799615d044ead466779ec387,56.50656495776749,10.0,94.4900118884337,644048,101353,P05_UNCORRELATED,25,0.75,0.2
496c7e950ac82e870a5cd6be4d511a2bd317fb34d97b134b15e922418b045199,73.96608160813751,10.0,106.6822370710577,657658,103261,P05_UNCORRELATED,25,0.75,0.2
87a8569c1d246f842c4dff52b4202553853e9efd5a86369391f54e377461b965,92.55281938618496,10.0,124.5089433979406,832872,130654,P05_UNCORRELATED,25,0.75,0.2
25a829e9ede163da4d0afeb194c12cfa4260d65c054da7ceae459b7dd0f833b5,107.25274208920996,10.0,136.97991667179977,758006,107885,P05_UNCORRELATED,25,0.75,0.2
0e791a767b176f7aa1a9e4a4cf815a94876821e27f6b8a8ba0ad111ca0cd05e5,115.38170983579587,10.0,132.45349548543635,683388,95097,P05_UNCORRELATED,25,0.75,0.2
1275a1f2fd029b9fc75e3dd322becd9e10db4686b109020b3d1049893b35cad7,123.69269143427805,10.0,128.17812149407754,625397,85868,P05_UNCORRELATED,25,0.75,0.2
4dca5ec87f6c09c37e6a8689945757d8d534b9425e3eadfd082a1237675775e1,12.621430623637876,10.0,34.726102944274224,656839,94157,P05_UNCORRELATED,25,0.95,0.2
4c01917bdbd94608665f96460dcb9806b78ac9eabb880968ef1a33b2614414d3,27.794665945486333,10.0,51.82510018240636,882353,146312,P05_UNCORRELATED,25,0.95,0.2
28f96a869feb7a4ee0e292110023f4dfa5c10f578fb791b1168996beaf39a571,36.26366729715312,10.0,59.45501315798305,505797,88267,P05_UNCORRELATED,25,0.95,0.2
f605207ac2288dcbc7c3b6db34152d6f0fc574fa09c2bd5868aa4a8e04b92eee,54.44630327171269,10.0,84.65351424415479,748617,120462,P05_UNCORRELATED,25,0.95,0.2
e0ef08c1d174fe42c808fb2dc1674ccaf0b268a2777160f9ef96ba5601cb7eee,56.50656495776749,10.0,97.35863170342168,634619,101353,P05_UNCORRELATED,25,0.95,0.2
07bc0a6ac58b0c7d674d5dc829ba0d57b10764a72dd576c851e453f0025bd566,73.96608160813751,10.0,108.49739364430648,709129,103261,P05_UNCORRELATED,25,0.95,0.2
91edb16ae01724c0b999346f06d649a9ff21fb9921e31ca295a4cfed41c9dbeb,92.55281938618496,10.0,127.88334834259344,850056,130654,P05_UNCORRELATED,25,0.95,0.2
c83afd35eee41dade86209803727ab642ceaa1dc3c02e3029996936496627a74,107.25274208920996,10.0,138.2066859256733,794664,107885,P05_UNCORRELATED,25,0.95,0.2
7602525919ad5334045ea5e769092cf93b1e83eca928b8679cc8b2d7745cae51,115.38170983579587,10.0,131.7365651155469,701133,95097,P05_UNCORRELATED,25,0.95,0.2
6b501a5cd38b9bdbcbd5524b1fbaec774332d15c4805655d92c07edb79c6c91e,123.69269143427805,10.0,127.07480913230602,641101,85868,P05_UNCORRELATED,25,0.95,0.2
231c1856be19fd3538a7293f42ae56b2319d83e757b503f165a3a4a99120294c,12.305326475075764,10.0,44.80228488725532,74667,25088,P05_WEAKLY_CORRELATED,25,0.75,0.1
62c2b88e0e839395cdff2cf0d7554fc323a4127f0f9fb3b16d43a629e810f7fc,22.372030599406965,10.0,107.0230351626695,75739,23262,P05_WEAKLY_CORRELATED,25,0.75,0.1
8c7b190a7bd065af55db7e48bc72d8d008ea04da56b0bdc65f917a699696a400,31.549559499738063,10.0,124.24821923232014,63641,21305,P05_WEAKLY_CORRELATED,25,0.75,0.1
8dc61e1bf28661ecfe8b78545df20d9f5732763b27846a2f3b45e34ed7b15345,50.98920526743489,10.0,133.6446305516969,91722,27653,P05_WEAKLY_CORRELATED,25,0.75,0.1
a849ddf6182758a9d6a3de265278b4f2f55875007586ff0388521517a585197c,57.232302314104594,10.0,149.38321079178166,76407,23621,P05_WEAKLY_CORRELATED,25,0.75,0.1
25dcd1929d35a583c6a36732afe2b463ace83a6a2d2c5ad76f192074a1922a1a,73.24192284846679,10.0,176.87019312018805,91595,24553,P05_WEAKLY_CORRELATED,25,0.75,0.1
ebb5b0bd433ae9cbc84b46025691d6d7fa212c5627be848a063d587a5e74ddf4,97.0070087385414,10.0,186.30110152186128,110701,33263,P05_WEAKLY_CORRELATED,25,0.75,0.1
5598f6f1199b32e254238259422538b2a13f0f673c620af8cbd21d7096a05753,108.8609657596181,10.0,207.38178433433325,107812,31822,P05_WEAKLY_CORRELATED,25,0.75,0.1
7fa2e50a033da442550c302b5b603e263011f98ec919967007efb7f83e5f5017,116.6003517339092,10.0,216.34630859938724,106150,33056,P05_WEAKLY_CORRELATED,25,0.75,0.1
ffdc2cee1bb9e15dc369979feb21d5bf23d6f1a68fa3508c0fc015c7dc58fa3e,121.19954561718488,10.0,231.7183983414403,88430,26051,P05_WEAKLY_CORRELATED,25,0.75,0.1
cb57f47e6827b8648a8b388016507b20bd1b8b97390e05f23579ed3ae5dff4b6,12.305326475075764,10.0,42.70362999295595,81672,25088,P05_WEAKLY_CORRELATED,25,0.95,0.1
77e967398881f7ce10f80b9445942c2b8751b804305063436c5b9391b35d1618,22.372030599406965,10.0,115.91956740597054,83484,23262,P05_WEAKLY_CORRELATED,25,0.95,0.1
f5f6cbff70bbf1c73015279a639267be1ec0eb0e492d7fa9bd1f9f3c0ae86240,31.549559499738063,10.0,131.42453248039942,60497,21305,P05_WEAKLY_CORRELATED,25,0.95,0.1
6bd1eb3452f0968c33404cf31808591c5fea4a04f419deb5769a8f7bdc6e29dd,50.98920526743489,10.0,130.54218528934675,97901,27653,P05_WEAKLY_CORRELATED,25,0.95,0.1
eb230d79edd81fc893330c6cf779d976e09a684213c8c761e5c2dd4437f1c5d7,57.232302314104594,10.0,143.34726353258367,78304,23621,P05_WEAKLY_CORRELATED,25,0.95,0.1
d96c9a8fcc565783b4db1cf954c1334eeda73e1f8f24e7aaaba1e5aab14612fd,73.24192284846679,10.0,181.39657467507476,94633,24553,P05_WEAKLY_CORRELATED,25,0.95,0.1
f36798a79980688578c608b9ca1d9c43b5219c90a02594e0a38065bdbdc61770,97.0070087385414,10.0,191.48699570859952,111219,33263,P05_WEAKLY_CORRELATED,25,0.95,0.1
544a30d27ebb1672ce19b8c72a67bff2ecffb536ebd56c8adefd8e61fdf760db,108.8609657596181,10.0,210.27507566232188,111336,31822,P05_WEAKLY_CORRELATED,25,0.95,0.1
ba7fed7492fe6d1a6ee7b517aa951173d72c03da4fed5b0da6adf595566076ea,116.6003517339092,10.0,216.67656341845117,107804,33056,P05_WEAKLY_CORRELATED,25,0.95,0.1
c370bea4ac228a5f41426bfd318e735bd1bddad5d3b3011a31723bc90f8df6a4,121.19954561718488,10.0,227.0294096166896,93156,26051,P05_WEAKLY_CORRELATED,25,0.95,0.1
ccfec37e60990c7e16867637aefd9abdda417746a434ab9ee59ea2b1d598da72,12.305326475075764,10.0,45.65724906510094,697622,108590,P05_WEAKLY_CORRELATED,25,0.75,0.2
4fac81ce189b4d6c3c4e4424c0ed1e86f87a77bb03acab2c5d900a2145ab1868,22.372030599406965,10.0,103.799489545216,669849,95751,P05_WEAKLY_CORRELATED,25,0.75,0.2
64d438139e2eb96e9e6923cdc64803341fa8c0e8cf3ed94465e0dd1a5753dc9d,31.549559499738063,10.0,122.33985151141962,583292,92041,P05_WEAKLY_CORRELATED,25,0.75,0.2
5926d58ad8020117f522fc19f956626503cf378c8119ecdae3e9a12917aeb276,50.98920526743489,10.0,133.4661576238556,863824,129140,P05_WEAKLY_CORRELATED,25,0.75,0.2
65a3866b8a9b8dec64bb5bdbb13cd26b46f1753f90ddf43f30ea6727755e500f,57.232302314104594,10.0,151.4442818441822,728173,114425,P05_WEAKLY_CORRELATED,25,0.75,0.2
235670690d1f87d750ffaa32bec58d3d54aede3230b60e94d1813346462c45c0,73.24192284846679,10.0,176.72234751740044,676214,86593,P05_WEAKLY_CORRELATED,25,0.75,0.2
8798571a4d2ed3fc986d89e65e7dbf92dbcd6672434cfb49e7aa59cc08dbb021,97.0070087385414,10.0,186.74088644563105,777337,110177,P05_WEAKLY_CORRELATED,25,0.75,0.2
54ee652f4a507ed4d21b77f5a44ccba28eb24b6b83f0429a6f4193ad550a4a6f,108.8609657596181,10.0,206.46764407982832,779945,104940,P05_WEAKLY_CORRELATED,25,0.75,0.2
13764fd5e4e5c804f595faeae980ed651714fa72811c61380e596af9871339c3,116.6003517339092,10.0,216.5118053164337,732689,105132,P05_WEAKLY_CORRELATED,25,0.75,0.2
7a6cef9c3731099a77d05fd8cda6741b97a381f578b5a52cdacf2fd947539e1f,121.19954561718488,10.0,231.80240030924816,591773,84947,P05_WEAKLY_CORRELATED,25,0.75,0.2
716b73fcebe85e42f98df561c9e81da0583f61393342b1ad7d663446cae6a4ff,12.305326475075764,10.0,46.67918665991067,730102,108590,P05_WEAKLY_CORRELATED,25,0.95,0.2
2953ee5b10a14050b48f35899c436cb39f6f58631a93848bda181f4f86f1a3df,22.372030599406965,10.0,112.6700392885476,691667,95751,P05_WEAKLY_CORRELATED,25,0.95,0.2
52a0934cec637cfd466e30b4083a96543642874ac8e39c0ae296d1f4f1f139df,31.549559499738063,10.0,129.0678778412467,602589,92041,P05_WEAKLY_CORRELATED,25,0.95,0.2
74923d5882bce4070cf64ac88a422682146f2b0593e4db64937257717b958fd4,50.98920526743489,10.0,133.10986622057405,884245,129140,P05_WEAKLY_CORRELATED,25,0.95,0.2
5b892a75162cf8f989eaf1ceec6cf145021c9002b59a9476b3e7d69a42178fbb,57.232302314104594,10.0,152.53398458527855,736826,114425,P05_WEAKLY_CORRELATED,25,0.95,0.2
fa6054d19d00a6fcaf552f5c5da829840fe90272482d63db64315cd40fbc170c,73.24192284846679,10.0,182.1145694467502,728202,86593,P05_WEAKLY_CORRELATED,25,0.95,0.2
e46767df28baa279a3a06f544a7c92c87d7d77524c093a78e4d2958a8fe196ae,97.0070087385414,10.0,188.84669947997224,798350,110177,P05_WEAKLY_CORRELATED,25,0.95,0.2
e95c662894c0cdb91a31f353e181ca05c7741a6a3e0c4bff0e4541e2cbc1a34d,108.8609657596181,10.0,210.416975135372,775957,104940,P05_WEAKLY_CORRELATED,25,0.95,0.2
d300399ab74229ba99f6e2cf198517d069af38f6493fbaa0456a76515b825170,116.6003517339092,10.0,215.258461382572,727429,105132,P05_WEAKLY_CORRELATED,25,0.95,0.2
7b01953dbb46d57a827639f5744260cda6b9a6a0c5e989354eed143d80eeeb52,121.19954561718488,10.0,229.4867944896118,601068,84947,P05_WEAKLY_CORRELATED,25,0.95,0.2
925b9b1370b6c2da49013d133a1d4e703a3744134cc82a348b794820919df87a,12.305326475075764,10.0,16.72457013267988,80322,25088,P05_STRONGLY_CORRELATED,25,0.75,0.1
4506ebe16d2ae4d4fb2320cba452a79b423e6a1d2aa072541d27f4b6198cb8b0,25.242861247275755,10.0,35.002097314692456,90123,28529,P05_STRONGLY_CORRELATED,25,0.75,0.1
bcf2fb43af041533f10edca8d8bf154fd17a038f7d39d7c2f3bda1c1b0c34cfb,33.558045899110446,10.0,50.36700251499877,83469,23262,P05_STRONGLY_CORRELATED,25,0.75,0.1
47c569e39b0d37b58fe94277b6ef9c6b4dd0f3ba4a4e1bd06dc4d714a554c382,55.589331890972666,10.0,69.94975755119034,106529,34729,P05_STRONGLY_CORRELATED,25,0.75,0.1
a1ef341854c2ddef712e46193b63c6926420d848638d84547757902ccf69665a,52.58259916623011,10.0,75.15944449608017,68728,21305,P05_STRONGLY_CORRELATED,25,0.75,0.1
f08b345cd620be89146e1fd4e45e5d300929cd13714b01a95733e12ce8b4225f,72.52733459430624,10.0,91.42237618218992,80694,27296,P05_STRONGLY_CORRELATED,25,0.75,0.1
745e25e3cb50383aa48ded9f192af82abe4e507c75f487fe6412bf71924b2ed2,89.23110921801106,10.0,112.02313181615168,97413,27653,P05_STRONGLY_CORRELATED,25,0.75,0.1
790d9e7340dd188c510b89b020afa0fc2136ea79935fddf97847a69cf6de0a21,108.8926065434254,10.0,130.63251361549297,104748,34684,P05_STRONGLY_CORRELATED,25,0.75,0.1
425005c07dbb6c7975b34db55e55b4a59377a8b716207e7963610879417d9cde,103.01814416538828,10.0,122.49763518260522,79985,23621,P05_STRONGLY_CORRELATED,25,0.75,0.1
14f49b84d813ea78411d9c1c30c86ebaa61553d1ef291e29ae08424cf3025760,113.01312991553498,10.0,140.01512129054746,74148,21141,P05_STRONGLY_CORRELATED,25,0.75,0.1
ffa8d154ab456e7d74b6e49f2d6c760e952afeca03f83bb12c86b3302b3f6b3e,12.305326475075764,10.0,16.049054582196288,82801,25088,P05_STRONGLY_CORRELATED,25,0.95,0.1
67935bc31238bafd4a99fdd8a57574387c6ec54ff3f947dcefca87d048a3f4a1,25.242861247275755,10.0,40.25233036180501,92193,28529,P05_STRONGLY_CORRELATED,25,0.95,0.1
c5acaea1f80b87dcc14a920a16239e2972f5fac9f524de5a4d9c7162ec814c96,33.558045899110446,10.0,56.58616317362652,85737,23262,P05_STRONGLY_CORRELATED,25,0.95,0.1
98fd13b945e0d35cd27e78d94b6864c0fd064fd2a8afb4783d1b150113b8c29f,55.589331890972666,10.0,66.20990587485892,105218,34729,P05_STRONGLY_CORRELATED,25,0.95,0.1
d3164ed71d53414f43cdf0171090b701041d36da92d107eef4ce1014ff4d910f,52.58259916623011,10.0,81.93703856720438,68250,21305,P05_STRONGLY_CORRELATED,25,0.95,0.1
d923f6de227f11fb32ade3af8fd897fed928a2fc7e069c0a77873e6e8b94ef1d,72.52733459430624,10.0,89.65714827687087,82395,27296,P05_STRONGLY_CORRELATED,25,0.95,0.1
450602600668e442e8c8323bfbc26ca56b8ae85f27edee46e672f2498ca7cc7b,89.23110921801106,10.0,107.9791275850851,100519,27653,P05_STRONGLY_CORRELATED,25,0.95,0.1
52b945132727eb6151f3b6253e4a2a310b064ed25d9987280768023e876b30d9,108.8926065434254,10.0,137.86412093042145,107995,34684,P05_STRONGLY_CORRELATED,25,0.95,0.1
982f39bb821b2552aaebabc0c062c702b4097d068994b86fe258fdce4c35dd23,103.01814416538828,10.0,115.77424657038176,84752,23621,P05_STRONGLY_CORRELATED,25,0.95,0.1
dd78185cf75278b193ad8128640bf51da3432605dea07cf03902f332d236400a,113.01312991553498,10.0,139.77486690234338,76663,21141,P05_STRONGLY_CORRELATED,25,0.95,0.1
070af9beff935049bd42ef9b738d5e4780b4bec666804cc745013c09ff22505b,12.305326475075764,10.0,17.466027701128393,689093,108590,P05_STRONGLY_CORRELATED,25,0.75,0.2
597e625c6fcfbc1cde52f615fd240834a2890031c0a1d10960431f8b9a2a9c2b,25.242861247275755,10.0,35.835502144300435,638103,94157,P05_STRONGLY_CORRELATED,25,0.75,0.2
750b0faf3016f6518081b4fb9228a946c88f5b732c6c8e05a0951e9be54c3cf3,33.558045899110446,10.0,49.41637595723664,666712,96675,P05_STRONGLY_CORRELATED,25,0.75,0.2
d0608645abbefd8dfd7200f27e7a3a471448bdfa3210e41fc149a0e2b7b5ac61,55.589331890972666,10.0,72.68697123051093,883598,156979,P05_STRONGLY_CORRELATED,25,0.75,0.2
ca5033846d62eaa61ef379b69409a163c50f84b6693a813da929a762a28a76ee,52.58259916623011,10.0,73.86712844651042,450635,71715,P05_STRONGLY_CORRELATED,25,0.75,0.2
fd4c979ca00cdc12a30e7817342f3de4b4e672e532a097b2512ac767832114d7,72.52733459430624,10.0,93.32423021815346,528654,88267,P05_STRONGLY_CORRELATED,25,0.75,0.2
52acb6fe317084bf9c554f0b462a9ea2be72479f8e427071e18b63963c7ccbb7,89.23110921801106,10.0,111.85005688930418,697520,93276,P05_STRONGLY_CORRELATED,25,0.75,0.2
524ad88e8d69e5701b88ebe4723394eea05550a9846962256c08674ce37a9278,108.8926065434254,10.0,131.86883038009927,731102,114766,P05_STRONGLY_CORRELATED,25,0.75,0.2
42b37e8fcef96308187a86fee8c0a5502ade057df285a5cbea610b7ebd1f3171,103.01814416538828,10.0,125.2958461536227,678295,104974,P05_STRONGLY_CORRELATED,25,0.75,0.2
931a4357c82f8d1a9da9087dc34ae6c7e1db927d59ffceb39265dc9462cf6ebc,113.01312991553498,10.0,136.03682635139612,666086,102688,P05_STRONGLY_CORRELATED,25,0.75,0.2
6e7ca0083cc98a0693d3dbfd0eda7a262263589ff199eb61690417ed488976bc,12.305326475075764,10.0,17.87096677078958,694885,108590,P05_STRONGLY_CORRELATED,25,0.95,0.2
7e504183d633a5d1e350d5f59f43235f00a1b2b9657c1f24247e63ef343f0b17,25.242861247275755,10.0,37.73248567615937,640494,94157,P05_STRONGLY_CORRELATED,25,0.95,0.2
94318a85f4399b8d345128a0a7c9fa30cf6c14a9dccc669b20ee3235346b1ed3,33.558045899110446,10.0,55.15789830011957,684323,96675,P05_STRONGLY_CORRELATED,25,0.95,0.2
0ef7f1e1ef8b1b3c533504556fc947c9d697c5ca519fb0aaacd4ed81c0f527f3,55.589331890972666,10.0,73.61792677818981,917074,156979,P05_STRONGLY_CORRELATED,25,0.95,0.2
70a16b5cd7972d479fe333b42dee12560d0a6b888f270a89e6ed2f9dc1d221a4,52.58259916623011,10.0,80.07862141023611,423731,71715,P05_STRONGLY_CORRELATED,25,0.95,0.2
1d86e3253192a2d54f5addd2ba8b6c6fa64fd77653098ada57654752f1ae94b1,72.52733459430624,10.0,94.61020434868104,530777,88267,P05_STRONGLY_CORRELATED,25,0.95,0.2
0b2a969cd27eb25a6d2153a7ecc8c2f8183fbbcb97e3f59e76dfd093e2759d1d,89.23110921801106,10.0,109.91133350827668,694360,93276,P05_STRONGLY_CORRELATED,25,0.95,0.2
d2c40cc6d9e4fad538be3271f454110326229b87086d10fb35d2c81cc4ce9e59,108.8926065434254,10.0,132.98512838959223,735100,114766,P05_STRONGLY_CORRELATED,25,0.95,0.2
71d9420b2f13f5f1f1d0a2aa538feea65ef0ccfe66efe3eef8a6bea62acf0bf5,103.01814416538828,10.0,121.93757845389752,680323,104974,P05_STRONGLY_CORRELATED,25,0.95,0.2
fa94f8e250158af5afa645d8b61d9bcbcb995dc620989f2f01655a7e825c1932,113.01312991553498,10.0,136.6296289744957,663519,102688,P05_STRONGLY_CORRELATED,25,0.95,0.2
8a058e5e273aeb3676b0f88c504895a72838fe03ffbf6e3a329c68aa54a7cf09,14.578053747803038,10.0,12.46053808589958,130131,35220,P05_INVERSE_STRONGLY_CORRELATED,25,0.75,0.1
98b7608cdbccbadb69c8d442de28001c03575e522564b6dee3307a690beedfed,29.7883157927303,10.0,26.892491751138586,142349,38661,P05_INVERSE_STRONGLY_CORRELATED,25,0.75,0.1
23d876a776bfd43a7053f5aeaaead236bb96f767104bfdbabeffb402718bdf5f,40.37622771729226,10.0,38.0376035015699,132466,32795,P05_INVERSE_STRONGLY_CORRELATED,25,0.75,0.1
29181fe178e97bb2892d84b43476cf20af0f9860c3ea1e4f101f115a63bef12f,64.68024098188175,10.0,58.79096963052942,164177,45444,P05_INVERSE_STRONGLY_CORRELATED,25,0.75,0.1
d9ff31daf449a857e69cab96c3b25bcf8c23d965f7ec6fa19f6ca466625fd6b6,63.94623552986648,10.0,58.12735382050632,113665,30474,P05_INVERSE_STRONGLY_CORRELATED,25,0.75,0.1
395ab3e8e5ceb932d38f9995017fbcb05742a15a57601ced87670be189c31365,86.16369823066987,10.0,76.97590989285096,130482,38023,P05_INVERSE_STRONGLY_CORRELATED,25,0.75,0.1
f4d0503194c4425a0bd28d32dde529e012d5dc5303b138a8bdb9d3739448e6bb,105.14020012710196,10.0,92.754899433835,159558,38911,P05_INVERSE_STRONGLY_CORRELATED,25,0.75,0.1
d93aead74c3734f20b1a81d50792eaf1d48dc6e7669e79ce299440b146d706c3,127.07442472524356,10.0,111.735144561138,168302,46494,P05_INVERSE_STRONGLY_CORRELATED,25,0.75,0.1
5044933c4666b02072b9a2a5efd91c16c209fbb23187dc617bb938463b4de16c,123.47268961993372,10.0,105.29370699747734,133298,33394,P05_INVERSE_STRONGLY_CORRELATED,25,0.75,0.1
ed293aac7db60158bdc4df92bbc08637c44916f0c9723372255d8497ff3e650a,135.7404026428077,10.0,114.00996414851598,126888,30231,P05_INVERSE_STRONGLY_CORRELATED,25,0.75,0.1
6bb708ea2211a88e4995608869a3e1d8f8a97584588f8f85c2d30f8233714a00,14.578053747803038,10.0,12.890158297332006,127747,35220,P05_INVERSE_STRONGLY_CORRELATED,25,0.95,0.1
7e90af52b3f069b85e8f3b7d99196d2bbd46d7c4f90bbf3c7a0373ddb47d05b6,29.7883157927303,10.0,29.058976433634932,145707,38661,P05_INVERSE_STRONGLY_CORRELATED,25,0.95,0.1
3dbe8dc2f607c694073d81b866d37d3025dc9ada3bad57de9bcf49e13b776fa1,40.37622771729226,10.0,45.89540860934103,134602,32795,P05_INVERSE_STRONGLY_CORRELATED,25,0.95,0.1
4c5ef981bd5ad119a1ad4081c095121085aa5f52ad72d4537a0aa94e005d13c0,64.68024098188175,10.0,58.36355078755347,168580,45444,P05_INVERSE_STRONGLY_CORRELATED,25,0.95,0.1
f23df9ded8fff18f584a113f3670158dcf4fdbbaf77adb81a004fca3cf26afc8,63.94623552986648,10.0,63.96499334934025,112270,30474,P05_INVERSE_STRONGLY_CORRELATED,25,0.95,0.1
9093036603f3ffbef6ef535d7389a0a01e437b35fbb0f91949c499592b610a78,86.16369823066987,10.0,78.67080728393887,136981,38023,P05_INVERSE_STRONGLY_CORRELATED,25,0.95,0.1
3331d31a4e5e819183e19c322f1eae3fe66199581b5a1252b700643efe345e06,105.14020012710196,10.0,92.36296933497806,163827,38911,P05_INVERSE_STRONGLY_CORRELATED,25,0.95,0.1
50a2cb9cd31eb62a2260ce9a4c3d15eeb45328d0d10debe8cd135077805b0cca,127.07442472524356,10.0,114.7435166540506,175483,46494,P05_INVERSE_STRONGLY_CORRELATED,25,0.95,0.1
f0cef60b5e6913739cacce3254afb1c92b54a2295246d441c0013109e3a505c1,123.47268961993372,10.0,99.57832088796356,137978,33394,P05_INVERSE_STRONGLY_CORRELATED,25,0.95,0.1
0e2fe39c9d97683282604a279560dbec1631be4b4b5037f146dd80fce1210249,135.7404026428077,10.0,113.0195171032397,129439,30231,P05_INVERSE_STRONGLY_CORRELATED,25,0.95,0.1
4185d631ee30d55b34401709247341c9b6ca878f516d86fa8e585ba463cb34e4,14.578053747803038,10.0,13.173557238497164,1016678,132393,P05_INVERSE_STRONGLY_CORRELATED,25,0.75,0.2
0367db6d041be405c349e604a28e188cdc13da17e7942a46eada6c3f9087ee99,29.7883157927303,10.0,28.283066008177645,1038050,137158,P05_INVERSE_STRONGLY_CORRELATED,25,0.75,0.2
b04b62843677f25c2847133ab3f4005bfe243c3eff85638fcba8c8b0fde1ccf5,40.37622771729226,10.0,38.41454027436125,1110704,145894,P05_INVERSE_STRONGLY_CORRELATED,25,0.75,0.2
3ec3dbaede13ff55ad8bb69d8babf405786512c2ac1786bab37e59ce68aa294d,64.68024098188175,10.0,60.95974954148296,1098934,148656,P05_INVERSE_STRONGLY_CORRELATED,25,0.75,0.2
9d863b60c38ff821869b5cadc87cb0828afad3bab9d29e1ec7c330a4dde13470,63.94623552986648,10.0,58.48504193678024,1010477,143179,P05_INVERSE_STRONGLY_CORRELATED,25,0.75,0.2
d3ff010afb360daac6491173296f7df9853003d8638b7cb14c5ff7dcb44f4598,86.16369823066987,10.0,78.04157000215456,878620,122506,P05_INVERSE_STRONGLY_CORRELATED,25,0.75,0.2
5fa17754faa819f883436f70b8e0b62c1fea622acd574af47650072143eb3e25,105.14020012710196,10.0,93.28755482874386,1077282,126332,P05_INVERSE_STRONGLY_CORRELATED,25,0.75,0.2
1ed60e62351c942f639ffca5090f392297d3d8cb3d99b911de7a736303ac612f,127.07442472524356,10.0,113.09700214350669,1129093,152401,P05_INVERSE_STRONGLY_CORRELATED,25,0.75,0.2
1401864cd8dbd6bb2a1e64a6139e0f9344c61165a1d9d8557ae35a5d616ee1eb,123.47268961993372,10.0,105.52986587345644,857026,110512,P05_INVERSE_STRONGLY_CORRELATED,25,0.75,0.2
dbdfcab7e02c52d65d1c4e778522dfdacc6c71ca14f1f1cdd7477867cc020b06,135.7404026428077,10.0,111.85809000929208,801014,100764,P05_INVERSE_STRONGLY_CORRELATED,25,0.75,0.2
4745e3b0dd5563d8ef62a9f0b536ebcb76de244d56cc7739d34983dbe302c520,14.578053747803038,10.0,13.221127595899224,1018530,132393,P05_INVERSE_STRONGLY_CORRELATED,25,0.95,0.2
7830faa9b3721fbba243f5b72b9ad4da681761cd2dde34ea188ff68ca24dfd65,29.7883157927303,10.0,28.31149764476853,1061586,137158,P05_INVERSE_STRONGLY_CORRELATED,25,0.95,0.2
5352af01b09b3f0b6a4abd4e1ab8e5f80fc3a91c841f825f2764a86b3322c024,40.37622771729226,10.0,41.8655787879346,1134409,145894,P05_INVERSE_STRONGLY_CORRELATED,25,0.95,0.2
74350eaeaab6a8892e96f021880a32d891da1af444609159325362bf188e803f,64.68024098188175,10.0,61.047628717057016,1130040,148656,P05_INVERSE_STRONGLY_CORRELATED,25,0.95,0.2
3d64aab61a245785652e5b04ef0d6cd77a54746eaef4da9cc67259112a196e27,63.94623552986648,10.0,62.37460955805403,1003375,143179,P05_INVERSE_STRONGLY_CORRELATED,25,0.95,0.2
5002aa9882d6b5cf9e069136f6518312cc9671c14772a2363efd1475cdd8aa6c,86.16369823066987,10.0,79.88695381249687,917090,122506,P05_INVERSE_STRONGLY_CORRELATED,25,0.95,0.2
2b24c0e5f5076c31268f60df2661577d64df9bb33080f532e603d4873cdffd19,105.14020012710196,10.0,94.7685557051568,1081281,126332,P05_INVERSE_STRONGLY_CORRELATED,25,0.95,0.2
fc8e06262ac7d3b050763065cd753699c046a4faa9987d1333b372940c5f2797,127.07442472524356,10.0,113.86172599128346,1172050,152401,P05_INVERSE_STRONGLY_CORRELATED,25,0.95,0.2
95974f8aad0d5e4dd69be8d2da53a8ad512e516fc533ffc1caf62787340f8951,123.47268961993372,10.0,103.66068100146408,925898,110512,P05_INVERSE_STRONGLY_CORRELATED,25,0.95,0.2
f620c5ced736cf3429cafc61da09b13b41b1b8c47594e7ddfbe2af800d46e11a,135.7404026428077,10.0,111.15621435635774,824761,100764,P05_INVERSE_STRONGLY_CORRELATED,25,0.95,0.2
2af140ebe1e41e31e81a2c877b354ced78d3aea2563de8db1bf16270cacde8da,12.305326475075764,10.0,16.74217790068782,75127,25088,P05_ALMOST_STRONGLY_CORRELATED,25,0.75,0.1
52733ff345512bb6e58b9d279eb7792e0c51560f42de993f8a0c885d9a371f63,22.372030599406965,10.0,35.110878856642096,81239,23262,P05_ALMOST_STRONGLY_CORRELATED,25,0.75,0.1
6bdd27c5e3d88dafa0e3e3b5dbb54c8a352a6a9f70cf9a0c18d47a7ade57f124,31.549559499738063,10.0,48.44675556762884,64251,21305,P05_ALMOST_STRONGLY_CORRELATED,25,0.75,0.1
926e2391285a50ecabf9e2b8b497d58f81fbd40c6b54bddeeae21cf691156839,50.98920526743489,10.0,67.8110881901654,92363,27653,P05_ALMOST_STRONGLY_CORRELATED,25,0.75,0.1
c0c3572930f5ab46a055a68cacfd7a672c2376cf7a295818382268f5e8c0690c,57.232302314104594,10.0,72.72553698911823,75082,23621,P05_ALMOST_STRONGLY_CORRELATED,25,0.75,0.1
58f18b78d1ec9d9e54e2e57452e6d2a842f7106cb57e965b5978652b8b24a627,73.24192284846679,10.0,92.1125029711795,91634,24553,P05_ALMOST_STRONGLY_CORRELATED,25,0.75,0.1
5fe510f22ef1fa74107aba492f8b9ef00f7354a0849c3eda2a95e076af5e624a,97.0070087385414,10.0,118.47204033147348,109112,33263,P05_ALMOST_STRONGLY_CORRELATED,25,0.75,0.1
703bdfe67af0c60dce8ee74f2538d134c55d1c09c2b426d06a577fff566d42fb,108.8609657596181,10.0,133.94765677445687,106830,31822,P05_ALMOST_STRONGLY_CORRELATED,25,0.75,0.1
85e956fac548499d6f239796b4aa98d4f6ccfc5dd5cb272f22ced35fc8b70709,116.6003517339092,10.0,137.88873723508996,106849,33056,P05_ALMOST_STRONGLY_CORRELATED,25,0.75,0.1
0311d9103028c8dada78300b6f74601480fb36ce68bab3331fd3046aa7c7a3b5,121.19954561718488,10.0,142.0731042344724,89801,26051,P05_ALMOST_STRONGLY_CORRELATED,25,0.75,0.1
dfe71e185e04aa055e3296888f3e9f2deed9bb5493c28f6f9c71c3bec253ba44,12.305326475075764,10.0,16.063533438100386,83703,25088,P05_ALMOST_STRONGLY_CORRELATED,25,0.95,0.1
e94697e23157944cb978d982409ee2c5fe137e7321fb41f9191161aed221143d,22.372030599406965,10.0,39.62865785503384,80726,23262,P05_ALMOST_STRONGLY_CORRELATED,25,0.95,0.1
0dbcc569a820fdeeadcf15425f156f6b7ed1172c9e94518b7d7446716931a453,31.549559499738063,10.0,54.407255268522775,64347,21305,P05_ALMOST_STRONGLY_CORRELATED,25,0.95,0.1
4a5b52b5aac97008696f836be3733aa239cccf645ea415ae427af89bef042ae1,50.98920526743489,10.0,65.61938438712323,97267,27653,P05_ALMOST_STRONGLY_CORRELATED,25,0.95,0.1
88aad6bc21421c4a9889d618d6cea8345b635c52e7b885a0f01369e21ed2637e,57.232302314104594,10.0,71.48102827460815,80119,23621,P05_ALMOST_STRONGLY_CORRELATED,25,0.95,0.1
474275910a2e7bf0866c2fc7c6e4bf5060ff32287620b517d63e5389c8779553,73.24192284846679,10.0,97.792503374495,89972,24553,P05_ALMOST_STRONGLY_CORRELATED,25,0.95,0.1
7dd32be4032b8da2054463795f411ecce1f29e6d4d97bfd46329d993a468582e,97.0070087385414,10.0,124.3884879499033,111319,33263,P05_ALMOST_STRONGLY_CORRELATED,25,0.95,0.1
de01e48b0eb551566f7a001051de864181550974d3feccbe13d51bdfb07ef455,108.8609657596181,10.0,137.4084678999764,111112,31822,P05_ALMOST_STRONGLY_CORRELATED,25,0.95,0.1
b812998b014e2352aedf48a1943bc2c33c53ca33da28da302fe55eb032a0fede,116.6003517339092,10.0,138.75366242912685,109425,33056,P05_ALMOST_STRONGLY_CORRELATED,25,0.95,0.1
3dbd206f29148bb3c448df7f09e92ae0c12177abba7ee62f33ebf1351637f045,121.19954561718488,10.0,137.8423266455435,92383,26051,P05_ALMOST_STRONGLY_CORRELATED,25,0.95,0.1
b449070d3efb60a84a1ee69b05157f0273fa8c597649aa3c2b3a4c118e8ae3fb,12.305326475075764,10.0,17.481653231044383,705668,108590,P05_ALMOST_STRONGLY_CORRELATED,25,0.75,0.2
66cf0c29158bc811b5e9463855a4626b12b6f03aa84e2995da5e4dd68ec747af,22.372030599406965,10.0,34.31291791624415,661749,95751,P05_ALMOST_STRONGLY_CORRELATED,25,0.75,0.2
3bfdaf654a58629c43ec75417996bf7fedc35179dd226efedcdcb9eff9a3e2a8,31.549559499738063,10.0,47.65332309228989,537555,92041,P05_ALMOST_STRONGLY_CORRELATED,25,0.75,0.2
8102407af05c19db15f00d887746fba9d5ae94e689e34beaa650afe686b64b51,50.98920526743489,10.0,67.93657812866613,860424,129140,P05_ALMOST_STRONGLY_CORRELATED,25,0.75,0.2
a4add696cdb2b30bf8be382538ad059c79289d6c4b1088a2d03c11cae3040b28,57.232302314104594,10.0,76.04757916234912,707865,114425,P05_ALMOST_STRONGLY_CORRELATED,25,0.75,0.2
610cd421e7c3096e1dc2e08f4ca5bd66869edd2067b817f756e39c26f4a22a85,73.24192284846679,10.0,92.79820328462418,697661,86593,P05_ALMOST_STRONGLY_CORRELATED,25,0.75,0.2
364441810b8ef92b78af2216fd6cbed1f5675706cd9b8606a79c8f28b7a90a33,97.0070087385414,10.0,119.209583978975,769307,110177,P05_ALMOST_STRONGLY_CORRELATED,25,0.75,0.2
0c622b8f36d5986381cfee5cbc4f73e8be793f365f8998a98addb13b16c3cef7,108.8609657596181,10.0,133.47451587394545,763723,104940,P05_ALMOST_STRONGLY_CORRELATED,25,0.75,0.2
cfb6501947e4e28d2c5755e53630023dc87394d2b629746d0143620292e64392,116.6003517339092,10.0,139.0407835176827,719788,105132,P05_ALMOST_STRONGLY_CORRELATED,25,0.75,0.2
4b6ea1eb6632cccc76de286908573caf6f1960516b5e3c42730fdc7196b91ef6,121.19954561718488,10.0,142.6595423373139,580076,84947,P05_ALMOST_STRONGLY_CORRELATED,25,0.75,0.2
d6eb8ae4f40d4779354866e8ab92b0698728d589c08cad115e3340e993db3c9f,12.305326475075764,10.0,17.887228813305104,725619,108590,P05_ALMOST_STRONGLY_CORRELATED,25,0.95,0.2
20f9aebe117e747e44623a8ee60f5d00e839a3ef3e5c7f960960fb4df0fbac9e,22.372030599406965,10.0,38.820009164015225,712902,95751,P05_ALMOST_STRONGLY_CORRELATED,25,0.95,0.2
dc46413944fc0daecd88f17f5b4c3181c58d843c7717a68af622d88f205ae59e,31.549559499738063,10.0,53.73653020068656,580044,92041,P05_ALMOST_STRONGLY_CORRELATED,25,0.95,0.2
8439a0946b5b6153e314b651e3f1aef85cf0656bbf7420ee90ac221315b1aece,50.98920526743489,10.0,67.8372690040178,854468,129140,P05_ALMOST_STRONGLY_CORRELATED,25,0.95,0.2
6c2a69611cbdc923203b22699845a12459a32c7458e81853b545795a6d79b55c,57.232302314104594,10.0,78.03005786509824,718779,114425,P05_ALMOST_STRONGLY_CORRELATED,25,0.95,0.2
096a86a6e49e679bdc400704065103ec10ac1b5162f67f44f218ddb60f35f930,73.24192284846679,10.0,97.53405669719872,707050,86593,P05_ALMOST_STRONGLY_CORRELATED,25,0.95,0.2
a8fb10b9c23b44c9a0d37ad469cdf97db183948ac500eef90702672e2dbd72da,97.0070087385414,10.0,122.1924317073028,787430,110177,P05_ALMOST_STRONGLY_CORRELATED,25,0.95,0.2
4e5419d36b497f5535b0e37b9ca46656c4a5f75f39dfb26803df4ff322481752,108.8609657596181,10.0,137.13575629156406,782423,104940,P05_ALMOST_STRONGLY_CORRELATED,25,0.95,0.2
dda7aa85e66ce0b07375783e449a7e859dfadd3d38d06e00b1ef1fd05a114dd3,116.6003517339092,10.0,137.86445449016975,748191,105132,P05_ALMOST_STRONGLY_CORRELATED,25,0.95,0.2
7abeaccb592f6e08096de7a62313f5d14b9fb219b8fb38ff9872b5d303ed280c,121.19954561718488,10.0,140.27666773859048,592142,84947,P05_ALMOST_STRONGLY_CORRELATED,25,0.95,0.2
ac0397f73ae8cf1455720b2d28687b4535528d16583212d160f7326e1f0adf07,12.305326475075764,10.0,12.993221943134545,77052,25088,P05_SUBSET_SUM,25,0.75,0.1
01d28d5dd48c56522d99b9319bc6e7354e0f2b9202c2e1ed2cda2635cf3d10f5,25.242861247275755,10.0,27.880455703153896,91126,28529,P05_SUBSET_SUM,25,0.75,0.1
97fb50db0dc4a5eec6c9f346b5ed82ce39e32f60e96f519d8452ffcaa9547c7a,33.558045899110446,10.0,39.79797770407723,82355,23262,P05_SUBSET_SUM,25,0.75,0.1
9fdc4804a47742d5ecf5e2d7e58e08d82a41ec99c468c154760583aa5a8e9317,55.589331890972666,10.0,58.37648859720432,106235,34729,P05_SUBSET_SUM,25,0.75,0.1
968a0da3cb4f5ecdadda2de6d2b092b272a59830886e8dcde6b3c23b10a73f74,52.58259916623011,10.0,59.58666019879838,62953,21305,P05_SUBSET_SUM,25,0.75,0.1
f6d374d0aff513be6775aeb830a9ed9d02a4a5b405aa6be6254e8a984a8ab4e8,72.52733459430624,10.0,75.60103283147436,80698,27296,P05_SUBSET_SUM,25,0.75,0.1
130bca072c09aa41cdcb4dc2455b1aca1e05a077633edf0467808e79a2e6424a,89.23110921801106,10.0,94.00479724617573,95859,27653,P05_SUBSET_SUM,25,0.75,0.1
b694d5e1139ff97315d7a84c9d85650b2d98ef2576bce2e2256dd1b745122c77,108.8926065434254,10.0,111.40692714579342,107441,34684,P05_SUBSET_SUM,25,0.75,0.1
9d76a22ab471a9aa45700388f8c58b2d7c026eff7fdcb0aa213b9abe0bea2857,103.01814416538828,10.0,101.54123072069348,82971,23621,P05_SUBSET_SUM,25,0.75,0.1
960ca38f0234091e0686bad6e93d6c0c87563a748f77aafaef46457aa22f54e4,113.01312991553498,10.0,116.31688742572544,75037,21141,P05_SUBSET_SUM,25,0.75,0.1
c68b0ca357ca4699eddab0d41c88afc6f01174d8ff3f07ce5e98ea9d62bda05e,12.305326475075764,10.0,12.303229634134928,80530,25088,P05_SUBSET_SUM,25,0.95,0.1
90afb4f781205c1810eefe02a75d977d6ccea1d00b8f7d6d57e4d8aa3dbe0c26,25.242861247275755,10.0,33.235815563606295,88042,28529,P05_SUBSET_SUM,25,0.95,0.1
a3b1ec904244ae104f471d8b0cd6d3d0e8e148a2232fb403a3fddab68d201e25,33.558045899110446,10.0,45.25800489333741,84386,23262,P05_SUBSET_SUM,25,0.95,0.1
507306f10171439bb98a1849a7a77787ea93b27274b49a28f4285dd5ea96571d,55.589331890972666,10.0,55.54848236069492,108245,34729,P05_SUBSET_SUM,25,0.95,0.1
67f3ccdca8ef3bd0e6a84b5b6a8b94d65b4528bc4c662c5da3c05cf164e99255,52.58259916623011,10.0,65.26052288036473,66867,21305,P05_SUBSET_SUM,25,0.95,0.1
06f05b6c0433132b9ae031324d809f8d6a8ea8330da89e7d114393c9a5241ed5,72.52733459430624,10.0,74.02642450451889,83261,27296,P05_SUBSET_SUM,25,0.95,0.1
9cdf21d67726a7b774a57bae444fb581de608934a44abed4895046af120bc3a2,89.23110921801106,10.0,90.3294450412682,99888,27653,P05_SUBSET_SUM,25,0.95,0.1
6b3c1884c68431e7f7dcc80f6a564ab5ddc453c04bf501bc5ae397c00c79b16d,108.8926065434254,10.0,117.48782674350056,108810,34684,P05_SUBSET_SUM,25,0.95,0.1
16b1e1377b9a23fee61ba42e001696561241d0f7155e49753df0da1bc57ed29a,103.01814416538828,10.0,95.95673350429236,84870,23621,P05_SUBSET_SUM,25,0.95,0.1
52dd12e80cbd03921bc8d3ad9438c0f3c52ff6e9ab77fa0a1c6f1358abb0de19,113.01312991553498,10.0,116.19433775868788,75351,21141,P05_SUBSET_SUM,25,0.95,0.1
9d8f49431ae96d47d9267204dced597b21e5bcf103a78bb7c79dd05c961173df,12.305326475075764,10.0,13.743221318635223,670474,108590,P05_SUBSET_SUM,25,0.75,0.2
e714fa0ee3726e6a99e1ab519abed16e8ed9b1f4dea18031f5f591126a6caa05,25.242861247275755,10.0,28.957969069057285,623125,94157,P05_SUBSET_SUM,25,0.75,0.2
45b0995fda80a51124159add533a01d1b722438cf51174c2022036e7a9dbce00,33.558045899110446,10.0,38.98877695121513,677013,96675,P05_SUBSET_SUM,25,0.75,0.2
90f7b5894a6451e1b12719ac7c716945fe48b01d72819819439b06e020259596,55.589331890972666,10.0,60.92558279479093,898552,156979,P05_SUBSET_SUM,25,0.75,0.2
5dd9df3ae91d7d70a743f0fb3b2ae659134e8839a1c00a7c6575e460e551a58a,52.58259916623011,10.0,58.61669947770719,457270,71715,P05_SUBSET_SUM,25,0.75,0.2
bb3562f9024bd6d564adb1022dc8b1bfd53f5d9e83528aeeb52406e65d56b857,72.52733459430624,10.0,77.2730757673605,505611,88267,P05_SUBSET_SUM,25,0.75,0.2
752442ee0ef2d7b69550f55753c19ab7ed4a287da34b364382aa5c65af377d1b,89.23110921801106,10.0,93.78699072156827,699947,93276,P05_SUBSET_SUM,25,0.75,0.2
422684c9fcfd13bbaa19a85a604f7d2b481e13dbfd7621a4189ec2d4a176dfd3,108.8926065434254,10.0,112.61957026340365,716495,114766,P05_SUBSET_SUM,25,0.75,0.2
c1bc7f08fb70cf18766b71a613d1c267656ea624127fc19a88cf474ea7c603cf,103.01814416538828,10.0,103.83013952669664,676635,104974,P05_SUBSET_SUM,25,0.75,0.2
eb1955a60d0a6816cf0e513124954e9b7be365b9ce6aa40c9527330c39a8fd68,113.01312991553498,10.0,112.75279671983024,665513,102688,P05_SUBSET_SUM,25,0.75,0.2
9f2ffd94c52f4d434d96f89a3a1e1288ea7ad4ebd43f840d194accb1ea07b50b,12.305326475075764,10.0,13.686725626920929,694268,108590,P05_SUBSET_SUM,25,0.95,0.2
14c70ef47b70f89f5f22628a01081e3593389657d791bca27abf63fb66ed16bd,25.242861247275755,10.0,30.549543721560216,634444,94157,P05_SUBSET_SUM,25,0.95,0.2
8f9822f921b8303f12c3fe923d1fc38de7febe918d3d5b0ed61dea79fc0ea57a,33.558045899110446,10.0,43.85291061666742,662497,96675,P05_SUBSET_SUM,25,0.95,0.2
abeb55d954a86ab966347ab486895fe444e6379a9e6c053b99ce6897b46e08a4,55.589331890972666,10.0,61.368239922397535,911556,156979,P05_SUBSET_SUM,25,0.95,0.2
d37fb5c0a6bfc19a32e8bb26c0fe5ff1b7e5ed48101563763093096b1e5fa99a,52.58259916623011,10.0,64.09794134619207,450612,71715,P05_SUBSET_SUM,25,0.95,0.2
e639ed2f7f93e163564c19101bcb8d29c69817b90cbd99266b6ce419e7799ebd,72.52733459430624,10.0,78.11535259132106,488755,88267,P05_SUBSET_SUM,25,0.95,0.2
60e1702df0430a21dbdb9ea02a7bd527cb3dade1054fc61320363833a0e5bb28,89.23110921801106,10.0,91.92211069325816,684138,93276,P05_SUBSET_SUM,25,0.95,0.2
b584c9ea0a9f6231d8e8a408292485e01ae24b66a90d807e1b27f8f8eefd43ff,108.8926065434254,10.0,113.36867394664507,746857,114766,P05_SUBSET_SUM,25,0.95,0.2
1533fa963546f26d6d1250c6730a778396f00d939637e43e0e0374e3e21f691b,103.01814416538828,10.0,100.9310319791999,679756,104974,P05_SUBSET_SUM,25,0.95,0.2
f8d5e54df5ac16148a974aa790436821b2d08386e45e0300296fbca25511bc69,113.01312991553498,10.0,113.37347786479422,663829,102688,P05_SUBSET_SUM,25,0.95,0.2
7d16b764b381a64747a7359acbd13b11103021074c527d6b73bc20573b4b43f1,33.874605174326604,10.0,20.28678709751174,1576989,185712,P05_UNCORRELATED_SIMILAR_WEIGHTS,25,0.75,0.1
8cfef9f5220f093c0e33059cd8b2de26f31e2e11e05ace798116c94ae80b6193,65.26185218115926,10.0,47.08248801387733,1596206,181461,P05_UNCORRELATED_SIMILAR_WEIGHTS,25,0.75,0.1
19479007cfe49200d391ecf3555f5fabdc4397b2082d2e5bb599385b29152b08,95.66112671688067,10.0,57.44619635550732,1425110,171935,P05_UNCORRELATED_SIMILAR_WEIGHTS,25,0.75,0.1
716fd3bc9feb5de801fb1c61d3224fe3e9baceb9405956e371eb782d75b33647,137.4627533274529,10.0,76.02354952459847,1745651,193318,P05_UNCORRELATED_SIMILAR_WEIGHTS,25,0.75,0.1
a4f74180d0c38e2b70056652529ac261f85c5cd50f48cf2429d8e34ea605a99f,164.6015480257728,10.0,82.56441007227865,1593912,180989,P05_UNCORRELATED_SIMILAR_WEIGHTS,25,0.75,0.1
b9b765ded63dbb52f275c2520c84f917ff58dade55dc9de159b483114caaaa50,202.5920354881954,10.0,98.1618766821985,1646525,184449,P05_UNCORRELATED_SIMILAR_WEIGHTS,25,0.75,0.1
4ecf30e7aeb20f3d81cbcbba7dc2118f96a6ac24559110453e8f4e346cf2bac7,249.1997066791874,10.0,116.4629237990154,1830286,209485,P05_UNCORRELATED_SIMILAR_WEIGHTS,25,0.75,0.1
f071c7e5242a18874203b7ef3ae6701bc6bd1fa06531b4229789a2a9ed9930d1,282.5727902379595,10.0,131.53357398634284,1826743,203387,P05_UNCORRELATED_SIMILAR_WEIGHTS,25,0.75,0.1
ee6a33072874ff823bc5c915473e9b9a2919c5039bf100c9bebb6b73aab61cc7,311.37412818919205,10.0,128.70472499493354,1836492,204805,P05_UNCORRELATED_SIMILAR_WEIGHTS,25,0.75,0.1
82602b89569357f476e0c65d84f554e827898ba5df5aaf3b19754691ea37dd5f,336.6863638170741,10.0,130.18142182879163,1773415,188331,P05_UNCORRELATED_SIMILAR_WEIGHTS,25,0.75,0.1
40e17ecc5d4f45033778c0a02ee1bcf23f686f88d37bd9dde75a0d5abfcd96aa,33.874605174326604,10.0,21.093668474477543,1574677,185712,P05_UNCORRELATED_SIMILAR_WEIGHTS,25,0.95,0.1
a49eb283db3ace0e2bd54e7e42e696a4db947bfd1c8271de614e32b87dacc5be,65.26185218115926,10.0,47.71974774111402,1604635,181461,P05_UNCORRELATED_SIMILAR_WEIGHTS,25,0.95,0.1
a02170431c11d828e75342387d7700e2e0c443f2d3a0d2c01c15e0536aa9a796,95.66112671688067,10.0,58.02019871876539,1486355,171935,P05_UNCORRELATED_SIMILAR_WEIGHTS,25,0.95,0.1
0ff8cd0ca67d07ac34fd23b4ceed7bbe71faf91a5590e00ef075f80c61d27dc5,137.4627533274529,10.0,76.47003949617886,1682938,193318,P05_UNCORRELATED_SIMILAR_WEIGHTS,25,0.95,0.1
06b9939f02ad1f0991d822920328203878b6c4a544b2f6de448db56166b2658f,164.6015480257728,10.0,82.9975952893868,1627201,180989,P05_UNCORRELATED_SIMILAR_WEIGHTS,25,0.95,0.1
741f0fa8b564cf97acb1542c997dc38992ac294ff8d46058e8f27fc583382c7b,202.5920354881954,10.0,98.70470584619775,1758465,184449,P05_UNCORRELATED_SIMILAR_WEIGHTS,25,0.95,0.1
8bacc7090bba0574f52c12c7f3096c35b16b904d094091ae063082e9eb922375,249.1997066791874,10.0,116.85201813813003,1862331,209485,P05_UNCORRELATED_SIMILAR_WEIGHTS,25,0.95,0.1
d4d32debfad498be306484b6fc14d7deddd69238c503ba1d52b74626e9dc6a14,282.5727902379595,10.0,131.56625403285133,1886213,203387,P05_UNCORRELATED_SIMILAR_WEIGHTS,25,0.95,0.1
0130a6bcb5066d9ad4fd592dc0c735c1742ff35b0eb81d088ff94adebe8f976c,311.37412818919205,10.0,128.89732606326393,1841934,204805,P05_UNCORRELATED_SIMILAR_WEIGHTS,25,0.95,0.1
7e46ccc273c098081f3fb219df07771fd4ba5955386913e85c78c81880d9b47d,336.6863638170741,10.0,130.0362209522108,1798099,188331,P05_UNCORRELATED_SIMILAR_WEIGHTS,25,0.95,0.1
e9ebafe3901eb92a4785d0edd98aaba639ff36fbdd6f221ac6513051713d872b,33.874605174326604,10.0,21.2023824295078,12382076,683342,P05_UNCORRELATED_SIMILAR_WEIGHTS,25,0.75,0.2
fe37677676debc482a652c10b0029977931cffa15c952d36872603ad9e704688,65.26185218115926,10.0,47.184504162213045,13318935,778218,P05_UNCORRELATED_SIMILAR_WEIGHTS,25,0.75,0.2
ff5e544d185b1b51d798bcde6563382b0804d70c0c7abbf8c9412c5d97b0074e,95.66112671688067,10.0,57.46607257973224,12960988,784780,P05_UNCORRELATED_SIMILAR_WEIGHTS,25,0.75,0.2
b0d34cafcebe0215bcc6208c719e4131b664552b05c907f97de50034d7857315,137.4627533274529,10.0,76.03350488302438,12865612,663202,P05_UNCORRELATED_SIMILAR_WEIGHTS,25,0.75,0.2
88e4fb9d9e0e2bd6e0a4ab4a3a16c33b0145c20b5e28b7de7c2037d0c9e44ede,164.6015480257728,10.0,82.40914935186751,11192369,619708,P05_UNCORRELATED_SIMILAR_WEIGHTS,25,0.75,0.2
419225f43744297410cc3f826a3ccab50398c41193fff633b8886fd2509a7304,202.5920354881954,10.0,98.62158317264274,12589408,626877,P05_UNCORRELATED_SIMILAR_WEIGHTS,25,0.75,0.2
c4ad8e4f925dbd9210f1100537624aa706f9783b91d7320fcaa57d5aec92374b,249.1997066791874,10.0,115.87944991157372,13404577,711633,P05_UNCORRELATED_SIMILAR_WEIGHTS,25,0.75,0.2
a8d9a73210d9688e7aa6c129d3d17504cfc3bda776bfe75c01ae6d31afbbde93,282.5727902379595,10.0,130.6745203832723,13056469,696387,P05_UNCORRELATED_SIMILAR_WEIGHTS,25,0.75,0.2
200c64bab6c4eae96914df8790ed7c06185e66b1666311695d705891138b5cfd,311.37412818919205,10.0,127.9874488689595,13103258,697909,P05_UNCORRELATED_SIMILAR_WEIGHTS,25,0.75,0.2
858ad3c94c9793e630ba57d90c4d820fc39ce5ac1e4e742ba72820b0136c9b2e,336.6863638170741,10.0,129.08692342947705,12782114,651702,P05_UNCORRELATED_SIMILAR_WEIGHTS,25,0.75,0.2
e76da7e8a0edaaf90264d9c3cc3a2f8de4e9271c593ec4390af8bee7244d9bef,33.874605174326604,10.0,22.13543237965452,12794621,683342,P05_UNCORRELATED_SIMILAR_WEIGHTS,25,0.95,0.2
86acb5cf955d70c9c50c67cbb243ead41e9ddb1ba010d9388319a3f39dac6df6,65.26185218115926,10.0,48.26216681299688,13582902,778218,P05_UNCORRELATED_SIMILAR_WEIGHTS,25,0.95,0.2
1c7d661dff24ef80a495f3ad60bed24af38a8c2c08da2cbe2e2ad24f7a4d7a00,95.66112671688067,10.0,58.58967851782372,13577510,784780,P05_UNCORRELATED_SIMILAR_WEIGHTS,25,0.95,0.2
48dcfb6adaeea484342c5176cfce621d9556c1b4c5f66d9af514d6ef2eef1de7,137.4627533274529,10.0,77.36829823988973,13199956,663202,P05_UNCORRELATED_SIMILAR_WEIGHTS,25,0.95,0.2
0c5d2f6c21a75a236b075f766611dad6db8f13e4bcea2bd4e7907d39ffcbac56,164.6015480257728,10.0,83.5933136015009,11697763,619708,P05_UNCORRELATED_SIMILAR_WEIGHTS,25,0.95,0.2
cf7e0b4c14dace21c389503f6442375f428217d360a86ac6db7913842d96a78a,202.5920354881954,10.0,99.7119849759306,12971164,626877,P05_UNCORRELATED_SIMILAR_WEIGHTS,25,0.95,0.2
2b7c01c892be71b60df8c500ddf549869ee34b0640f124d8ea1fcaea5ebb9ae3,249.1997066791874,10.0,116.5263967080273,13551985,711633,P05_UNCORRELATED_SIMILAR_WEIGHTS,25,0.95,0.2
985b2d5e4069fe2698f1a1fe550c0c243495f1aa63708a11a1ed3b49290fe9ec,282.5727902379595,10.0,130.82521913330916,13531299,696387,P05_UNCORRELATED_SIMILAR_WEIGHTS,25,0.95,0.2
fb213069d6a5887aecc4ec4e8aeaa3dfd6fc2bcf38887984486693300a516084,311.37412818919205,10.0,128.0965829953671,13729981,697909,P05_UNCORRELATED_SIMILAR_WEIGHTS,25,0.95,0.2
9679c32228c664b8f122e425d73f554c50307a7220e4d6888b0e799e577a2a4e,336.6863638170741,10.0,128.60165729360054,13027769,651702,P05_UNCORRELATED_SIMILAR_WEIGHTS,25,0.95,0.2
34e95f5646c0fc585c2932f30b9075bb477993b36ac9d1bd9137984df74a47ee,12.305326475075764,10.0,20.793323180281117,76730,25088,P05_PROFIT_CEILING,25,0.75,0.1
e2d7193cd78defcb25007b4720b21e5c5dcd65e49cd1a2854da65b268e25f97f,25.242861247275755,10.0,42.16933129336283,87304,28529,P05_PROFIT_CEILING,25,0.75,0.1
d378ec84ff12ecd28a940db8aec9df9e7feba06b9d77346782a95240a81e517e,33.558045899110446,10.0,57.33561925126097,82188,23262,P05_PROFIT_CEILING,25,0.75,0.1
3e5d20614bcad43eaca16b0017c5396cd4d7dd48da7f045e1b319e3e20e95c17,55.589331890972666,10.0,77.61765181040899,105264,34729,P05_PROFIT_CEILING,25,0.75,0.1
b014c904645be499698e8b98f82247eec9d8269b83af300dab32658b84e0f6f2,52.58259916623011,10.0,82.56154125165301,65401,21305,P05_PROFIT_CEILING,25,0.75,0.1
301b5f613fcb4930f1cf2ebca14a564f789c8868f837a25e0995d4c772abe722,72.52733459430624,10.0,103.72106380311791,82107,27296,P05_PROFIT_CEILING,25,0.75,0.1
28136662c2064f830ec28e63054137a2b857d2de653fcd547288d576f6c0f885,89.23110921801106,10.0,125.96234195029768,93598,27653,P05_PROFIT_CEILING,25,0.75,0.1
825a876d7e0da3ee15b3457602c5a424c12a32c927df4d78ac5008ebcfef22fd,108.8926065434254,10.0,141.1768543372711,106302,34684,P05_PROFIT_CEILING,25,0.75,0.1
9b528635488658c87c8c4bb475e4cd4b481de28c1c7002149f5e33f8338eb858,103.01814416538828,10.0,131.4873645907097,81143,23621,P05_PROFIT_CEILING,25,0.75,0.1
71805265da642c48fcb6af12332bcc00ecc99e50d6bde620773def90ce7a77c6,113.01312991553498,10.0,144.4013146715562,73679,21141,P05_PROFIT_CEILING,25,0.75,0.1
7b0a893869141bb5bb1c044a6acfb2c96c29e410ff274c994ef73cf8ce51fb00,12.305326475075764,10.0,20.645381271569097,82807,25088,P05_PROFIT_CEILING,25,0.95,0.1
1fb75a8129b6cba9a348574e2704792d760398eda42e0511c39dad600d0d0bfb,25.242861247275755,10.0,46.76780337870422,92236,28529,P05_PROFIT_CEILING,25,0.95,0.1
73114936fd3bc6beb484f93863c7bd0c27989f0a3514274a243752ab97499e60,33.558045899110446,10.0,64.90606833532978,84903,23262,P05_PROFIT_CEILING,25,0.95,0.1
60bfe77333c6047b39bb16fc77ffdc21ef594f7d695e08e23e08da77db31e99f,55.589331890972666,10.0,74.75874098922733,106418,34729,P05_PROFIT_CEILING,25,0.95,0.1
4aebe512a52acb631b66d17c119f68170924230fa41d95eb736376e7a4cc6ec9,52.58259916623011,10.0,89.42813376300738,67688,21305,P05_PROFIT_CEILING,25,0.95,0.1
e2428ea0f3e191fded3030995b5cdfc271fb0a2e790179483dd271f0f963d8b7,72.52733459430624,10.0,101.66502827854426,83655,27296,P05_PROFIT_CEILING,25,0.95,0.1
83243e47c482b25c9df83150bc7da185d9e22a10bcd933cc8ad68b8b6e0bf3a7,89.23110921801106,10.0,121.23432918467935,98922,27653,P05_PROFIT_CEILING,25,0.95,0.1
e0daae0755c43343a972ddc0daa2c0f525484acb6a5a912a8a1f3f9617138846,108.8926065434254,10.0,148.21383411934377,109131,34684,P05_PROFIT_CEILING,25,0.95,0.1
4322019ae3b4a60fac64a0b975e4edab9ae43a07641b087cd7dbb69e913c9980,103.01814416538828,10.0,124.45069964339596,81079,23621,P05_PROFIT_CEILING,25,0.95,0.1
5bd91a2034dd6edb2d5b2e25fc96a4a7da3b6233211160ac5be095d7674663b1,113.01312991553498,10.0,144.0590626893271,76075,21141,P05_PROFIT_CEILING,25,0.95,0.1
6d03485ed4bedf8b747e4c3bef653b90f316a12dede9b51c7779ad1a7b3d92a6,12.305326475075764,10.0,21.02401074033026,670394,108590,P05_PROFIT_CEILING,25,0.75,0.2
67d1fe2a9625987ddd639a5f8f4185c3b7690fe157a0b245173a22e90e7348ac,25.242861247275755,10.0,42.611248392949165,629147,94157,P05_PROFIT_CEILING,25,0.75,0.2
168f613dfaaa0e397ad36a615140b8457652e092d64afa566564cf63e7237d6b,33.558045899110446,10.0,56.32396391245106,679571,96675,P05_PROFIT_CEILING,25,0.75,0.2
e191fef25d1125a813991169d79ddaadd50cda976a464cb335502f9a988d5275,55.589331890972666,10.0,80.14300570180198,908801,156979,P05_PROFIT_CEILING,25,0.75,0.2
5249c51e10972b7a4f7c6f815be55f7b65f785a1778e2ed78d4517b7476bbf0a,52.58259916623011,10.0,81.55135791683371,448716,71715,P05_PROFIT_CEILING,25,0.75,0.2
66134955de640972c26f384065d6bc62f4291586e58c2d3225402f1bf5688d9e,72.52733459430624,10.0,104.90995471005115,498041,88267,P05_PROFIT_CEILING,25,0.75,0.2
c843583537a93aa137aa2b2811a21d07bac1dd0302a2dcc5794ed376a4a453e9,89.23110921801106,10.0,125.60107158712329,685936,93276,P05_PROFIT_CEILING,25,0.75,0.2
62f9fb12c4f2e0adad5360b2e599743752a7dcbace76a4199022876b4c787b4d,108.8926065434254,10.0,141.52615801438827,731757,114766,P05_PROFIT_CEILING,25,0.75,0.2
f54cd184c12780a59dcb715d696b0c6a035459bc9d63a562be1889647c3430bd,103.01814416538828,10.0,133.96076358643822,680401,104974,P05_PROFIT_CEILING,25,0.75,0.2
7d5ddb208af672aebe10eb41f466c7611ce06c51267bb12f89ff05732d077e26,113.01312991553498,10.0,140.16781640092825,663096,102688,P05_PROFIT_CEILING,25,0.75,0.2
712740d6f9f9044468ddaa4e2cfc2f86d14f6a6c85dbb0bd563f4255f2728cf2,12.305326475075764,10.0,21.8779578039548,691481,108590,P05_PROFIT_CEILING,25,0.95,0.2
c5227944c4e946868a5f8466cc8bf78e749eded21a3b0880a630c92c7db63049,25.242861247275755,10.0,44.8522872750634,646308,94157,P05_PROFIT_CEILING,25,0.95,0.2
8dc0459129b92e159e2854ef79b30b23465216ab1a090e72c87617bac22c81e6,33.558045899110446,10.0,62.86928104617081,680927,96675,P05_PROFIT_CEILING,25,0.95,0.2
05e18047a21fd389daf2c082a9748d68e1069a7a9e9fc44f2ea8202bb6e563d7,55.589331890972666,10.0,81.83558936999489,921744,156979,P05_PROFIT_CEILING,25,0.95,0.2
c69170704fcba35c8919d51b74779b0df64d001e9b5dc84c073e6fa3eb790b64,52.58259916623011,10.0,87.77592169110238,470829,71715,P05_PROFIT_CEILING,25,0.95,0.2
cf9c195815f4eb56642384dad07b38150dcf8ec86950e6dd25f6ab6f82c1f4c0,72.52733459430624,10.0,106.24931755639967,540496,88267,P05_PROFIT_CEILING,25,0.95,0.2
9601af8c432b9044274130c6fa58fe296b6a01c2a97fc15439acba379cda2a60,89.23110921801106,10.0,123.72886974480107,714556,93276,P05_PROFIT_CEILING,25,0.95,0.2
3c86725036a537f2b038cb70f371f3bef59b8a2ae9667f694fcba331a290fafd,108.8926065434254,10.0,143.14691835167292,748921,114766,P05_PROFIT_CEILING,25,0.95,0.2
67c71f9e9206c9381a9861347ca5fff906df0cf9d65ac8d8a6ec87710ba4af6b,103.01814416538828,10.0,130.4982634647191,658578,104974,P05_PROFIT_CEILING,25,0.95,0.2
e782a2f13bf54cced474de4e442af9413bd623cc4a2b7e4bc17ad3a6fd961de9,113.01312991553498,10.0,140.8920862134141,675821,102688,P05_PROFIT_CEILING,25,0.95,0.2
0e819a738047f23a1afe1f157678eab2c3d1a2097f913046a56dc61c21132a06,12.305326475075764,10.0,29.954511408555938,75382,25088,P05_CIRCLE_INSTANCES,25,0.75,0.1
303fe094995dd7e97b5aaec69f359dc567f4fd8a98284b6f91cf05608e72aedc,25.242861247275755,10.0,58.6229097518664,85654,28529,P05_CIRCLE_INSTANCES,25,0.75,0.1
96d58dddd89a8afea9afb045f525242aa586517c5a671bf5ce8821cb95c13bdf,33.558045899110446,10.0,86.58319425069969,77913,23262,P05_CIRCLE_INSTANCES,25,0.75,0.1
060d812f311a4c79146a7f2e75451e9f78d7c24bc5cc8533f51856e4a1da1a3d,55.589331890972666,10.0,105.08588347145556,103577,34729,P05_CIRCLE_INSTANCES,25,0.75,0.1
a863d5bd107e457f80cccf049a338ac5ac16aee1241c7255c7cb7ecf85f5abd5,52.58259916623011,10.0,120.74393156659724,64711,21305,P05_CIRCLE_INSTANCES,25,0.75,0.1
078cbd542a4cfb3e0c8c373ea303860656d9d50c6dd622371aa237cf656e17cb,72.52733459430624,10.0,136.76164656201175,80980,27296,P05_CIRCLE_INSTANCES,25,0.75,0.1
d8b650826b6ef432958b69871584d9d70b903e17cc06ea2eb26fdd8cba5082a4,89.23110921801106,10.0,158.59716361248942,95586,27653,P05_CIRCLE_INSTANCES,25,0.75,0.1
ca195a72f734bbe53313e0156c138c9a6456fb74107c4e70d27974605e5f39b5,108.8926065434254,10.0,181.48693936415413,105397,34684,P05_CIRCLE_INSTANCES,25,0.75,0.1
29fbdd7af8d66b62397fb07cb5f0e8eda4e2b22d4b8868c28ce7fab7fa59219c,103.01814416538828,10.0,176.73968238884254,75874,23621,P05_CIRCLE_INSTANCES,25,0.75,0.1
5e6a4336c2ec0a4362cf657297a4674d424261978bc521e519507a3c82adf8bc,113.01312991553498,10.0,199.73168211696935,72673,21141,P05_CIRCLE_INSTANCES,25,0.75,0.1
2c276749eaed6adfbc5e63ffa744eeddcca6a2eb0212b24a9099324b8277f59c,12.305326475075764,10.0,28.52020931233595,80161,25088,P05_CIRCLE_INSTANCES,25,0.95,0.1
647f637903b183b171b80ebe892bdb2484343ebe648671da168df8d1d013c063,25.242861247275755,10.0,63.95844287749696,91415,28529,P05_CIRCLE_INSTANCES,25,0.95,0.1
685deea490edcba0425de364a6062a2edaeb943ef7aa4dde3685d8e33b79de4d,33.558045899110446,10.0,94.67905637413284,82902,23262,P05_CIRCLE_INSTANCES,25,0.95,0.1
5b094eaec070670bd03022398fe6e1480866559a41998870691f4ee3d7734acb,55.589331890972666,10.0,100.52707791202246,105503,34729,P05_CIRCLE_INSTANCES,25,0.95,0.1
5a0b723fae7e8f8e7764632460a5a32f63c62eab9afe5a5ccca970a7213adc75,52.58259916623011,10.0,128.49846855220687,70019,21305,P05_CIRCLE_INSTANCES,25,0.95,0.1
03f7e6f6e9d0789820a1575c590278bc8943479653107f1b789848de5b253838,72.52733459430624,10.0,133.92351199742447,84494,27296,P05_CIRCLE_INSTANCES,25,0.95,0.1
f8de8b8d80d2756f673c14c79721daa6d3617f3ae206dcc670da6c63476515ec,89.23110921801106,10.0,153.42717895924045,97370,27653,P05_CIRCLE_INSTANCES,25,0.95,0.1
00d642da013157a15ec20c78ecd4ca7e6bdf216b9bf4fbd7e0da63b4109f243c,108.8926065434254,10.0,190.05961732543292,108463,34684,P05_CIRCLE_INSTANCES,25,0.95,0.1
2217e7e0e6cacf69863c58fa83d9f5fe6380c2c6b2151954d9e50ea7ee91df7f,103.01814416538828,10.0,167.60086386506129,78090,23621,P05_CIRCLE_INSTANCES,25,0.95,0.1
c906db57c11b57cd0b547233d85c838d06bd83044f5568fb641a69a56d17f363,113.01312991553498,10.0,199.04522298102157,76067,21141,P05_CIRCLE_INSTANCES,25,0.95,0.1
245871d1c56bd7dce3bf15ab8fe64ec92ce787c6ca456d9adf70ce9ec496a493,12.305326475075764,10.0,30.69640250135368,688399,108590,P05_CIRCLE_INSTANCES,25,0.75,0.2
f5ceab49e6ea4ed4ab79bfc7e398b687f021f22ba50726514f24f61721df3db8,25.242861247275755,10.0,58.775502522513776,634152,94157,P05_CIRCLE_INSTANCES,25,0.75,0.2
6fd6bf86f80cbd8868074c7eea9ccce5a5151c2da3a0aeb74b40648f3c56238d,33.558045899110446,10.0,84.51497504381997,670516,96675,P05_CIRCLE_INSTANCES,25,0.75,0.2
a8807cdf3aa5c7588f37666fbad32a56f37981898017c4125c8c679df65374dd,55.589331890972666,10.0,106.9140166998462,901759,156979,P05_CIRCLE_INSTANCES,25,0.75,0.2
deaa3de79b20ed0611764b52edfdcaddeb043c3b4bc9c3988958224ac78aa7bf,52.58259916623011,10.0,118.63406360442416,448020,71715,P05_CIRCLE_INSTANCES,25,0.75,0.2
252680b10aff13dfd62171cab31d570384c40ccd198865b3dfaefbcf19d817e0,72.52733459430624,10.0,138.67534810082623,504841,88267,P05_CIRCLE_INSTANCES,25,0.75,0.2
97cbd106621227e1267bb28d347334c83658659eef9db4be1bb74f893dac19bc,89.23110921801106,10.0,158.38818280350517,684450,93276,P05_CIRCLE_INSTANCES,25,0.75,0.2
07d9ba17957465ef5211a7a233053b75ec11ec82d6377880d995edca5e75a8d5,108.8926065434254,10.0,181.55955359300307,718789,114766,P05_CIRCLE_INSTANCES,25,0.75,0.2
104bc2c0ac684d1a52d59cc1044da7b0378b2a4b8750da7c3202b07f6e496afd,103.01814416538828,10.0,179.8351965964631,664170,104974,P05_CIRCLE_INSTANCES,25,0.75,0.2
655a703bb1eea4982edd45c9c5d3cd6254f7198c598dbf3bbdefbf34a0291525,113.01312991553498,10.0,195.4223960258361,667832,102688,P05_CIRCLE_INSTANCES,25,0.75,0.2
563eabeb687581abf47507b02772d2af57cfa0601d7c3faa0154603625df041a,12.305326475075764,10.0,31.57618450961764,695333,108590,P05_CIRCLE_INSTANCES,25,0.95,0.2
0773b8959197e2d722ad198febcb9ad5244b6ddb1dffdf1482b6ca7f274adad1,25.242861247275755,10.0,61.54657932773159,655204,94157,P05_CIRCLE_INSTANCES,25,0.95,0.2
7e6dfc73aac5dd817c3b05a0eae5d95f5b8bc018f7d0754f76c2f29bbf586120,33.558045899110446,10.0,92.20988047802348,657676,96675,P05_CIRCLE_INSTANCES,25,0.95,0.2
fc95f66bee8b52331903e7c73d7e7fe4b6fe58eea7e24d52437fc8731ee05b4a,55.589331890972666,10.0,109.22113502832448,909710,156979,P05_CIRCLE_INSTANCES,25,0.95,0.2
7423bf997dff950ddd76a12b281d5098bc3ee4a9dc43683367d4465deb871ddf,52.58259916623011,10.0,125.80949751509408,467823,71715,P05_CIRCLE_INSTANCES,25,0.95,0.2
456a9931cefe6be8538d4a2cdf66d16e673073d09a67dd9f664f985302d3d985,72.52733459430624,10.0,140.03077883804377,525882,88267,P05_CIRCLE_INSTANCES,25,0.95,0.2
0f973574fdd3896e5233c03db731106a9821f83699deacde2a5d80e35cb7d124,89.23110921801106,10.0,156.23777837440915,694381,93276,P05_CIRCLE_INSTANCES,25,0.95,0.2
400819049b6319e2364ca93f9063bbbf69e28f55b06c2dc9d7a74742f1554e71,108.8926065434254,10.0,183.1558699704619,750867,114766,P05_CIRCLE_INSTANCES,25,0.95,0.2
68e565aeeaf7c5d26af693ebb803932f809682e14885a8e4ec05729a32ba34b3,103.01814416538828,10.0,175.4067661853333,682956,104974,P05_CIRCLE_INSTANCES,25,0.95,0.2
702ceddd16bdd324b7c9bcd06baafae5256136829493b5cbcb535d9b05d27b36,113.01312991553498,10.0,195.5431716217352,680874,102688,P05_CIRCLE_INSTANCES,25,0.95,0.2
